Resolution,1920,1080,Distance,60,Width,48,Subject,alejandro,Test,TFIX-09252019-122930,Calibration,CC9-09252019-122902,Analizer, 1.0.0
Time(ms),GazeX(deg),GazeY(deg),StimulusX(deg),StimulusY(deg),GazeVelX(deg/s),GazeVelY(deg/s),ErrorX(deg),ErrorY(deg),PupilArea(px^2),GazeRawX(deg),GazeRawY(deg),Blinks
0,-0.506105,0.205834,0,0,0,0,-0.506105,0.205834,5085.68,-0.491594,0.191484,0
8.269,-0.506105,0.205834,0,0,0,0,-0.506105,0.205834,5085.68,-0.540532,0.240188,0
17.867,-0.568669,0.203831,0,0,-6.51842,-0.208662,-0.568669,0.203831,5085.68,-0.63734,0.292596,0
26.468,-0.625609,0.202004,0,0,-6.62013,-0.212368,-0.625609,0.202004,5085.68,-0.667578,0.257154,0
39.135,-0.637016,0.224333,0,0,-0.90056,1.76275,-0.637016,0.224333,5068.71,-0.611462,0.237916,0
47.662,-0.653076,0.228452,0,0,-1.88347,0.483017,-0.653076,0.228452,5043.8,-0.612642,0.22765,0
57.776,-0.67379,0.229761,0,0,-2.04799,0.129471,-0.67379,0.229761,5017.66,-0.765321,0.176843,0
65.828,-0.674458,0.230688,0,0,-0.0829868,0.115062,-0.674458,0.230688,4990.19,-0.749721,0.151906,0
78.502,-0.674795,0.232065,0,0,-0.0265604,0.108659,-0.674795,0.232065,4962.98,-0.702929,0.236147,0
87.236,-0.681798,0.235667,0,0,-0.801843,0.412462,-0.681798,0.235667,4938.37,-0.664618,0.206106,0
98.473,-0.691373,0.242129,0,0,-0.852126,0.575008,-0.691373,0.242129,4915.68,-0.64001,0.272646,0
111.45,-0.691621,0.248886,0,0,-0.019087,0.520739,-0.691621,0.248886,4894,-0.694574,0.247228,0
119.61,-0.681233,0.25301,0,0,1.27306,0.505339,-0.681233,0.25301,4874.17,-0.718192,0.259909,0
129.917,-0.680818,0.254082,0,0,0.0402198,0.104033,-0.680818,0.254082,4855.5,-0.720677,0.312994,0
137.855,-0.681302,0.253412,0,0,-0.060947,-0.0844923,-0.681302,0.253412,4836.21,-0.682188,0.28473,0
151.102,-0.691765,0.249581,0,0,-0.789814,-0.289132,-0.691765,0.249581,4816.83,-0.627136,0.311615,0
159.372,-0.666437,0.241445,0,0,3.06255,-0.983848,-0.666437,0.241445,4799.29,-0.599724,0.195037,0
170.055,-0.647861,0.22659,0,0,1.73887,-1.39054,-0.647861,0.22659,4783.88,-0.723771,0.11355,0
177.872,-0.639689,0.207769,0,0,1.04548,-2.40763,-0.639689,0.207769,4769.44,-0.635479,0.182487,0
189.983,-0.63297,0.190211,0,0,0.554743,-1.44981,-0.63297,0.190211,4754.88,-0.62482,0.221122,0
198.316,-0.630656,0.176955,0,0,0.2777,-1.59082,-0.630656,0.176955,4739.26,-0.647447,0.183272,0
210.503,-0.596918,0.170215,0,0,2.76837,-0.552974,-0.596918,0.170215,4722.73,-0.563509,0.168717,0
218.413,-0.580783,0.168312,0,0,2.0398,-0.240674,-0.580783,0.168312,4706.91,-0.53247,0.163864,0
229.928,-0.58018,0.169134,0,0,0.0523446,0.0714329,-0.58018,0.169134,4692.5,-0.631471,0.0922436,0
238.415,-0.580953,0.170649,0,0,-0.0910086,0.178505,-0.580953,0.170649,4678.1,-0.556436,0.125079,0
250.137,-0.597432,0.17351,0,0,-1.40589,0.244084,-0.597432,0.17351,4662.96,-0.633722,0.139559,0
258.706,-0.6088,0.183952,0,0,-1.32665,1.21856,-0.6088,0.183952,4649.48,-0.599198,0.189792,0
270.445,-0.6354,0.205659,0,0,-2.26592,1.84911,-0.6354,0.205659,4639.81,-0.720221,0.244065,0
278.579,-0.665004,0.233772,0,0,-3.63952,3.45629,-0.665004,0.233772,4631.91,-0.762801,0.264901,0
289.873,-0.667314,0.257436,0,0,-0.204504,2.09523,-0.667314,0.257436,4622.71,-0.655875,0.285575,0
298.702,-0.667208,0.270635,0,0,0.0119038,1.495,-0.667208,0.270635,4612.22,-0.634949,0.283033,0
310.835,-0.650664,0.277445,0,0,1.36357,0.561227,-0.650664,0.277445,4602.47,-0.764042,0.309263,0
318.175,-0.641762,0.280809,0,0,1.21289,0.458393,-0.641762,0.280809,4594.57,-0.58246,0.299611,0
329.824,-0.63459,0.282228,0,0,0.615644,0.1218,-0.63459,0.282228,4588.47,-0.626739,0.303158,0
338.427,-0.634294,0.28237,0,0,0.0343928,0.0165027,-0.634294,0.28237,4583.48,-0.635637,0.226912,0
349.895,-0.634892,0.281913,0,0,-0.0521058,-0.0398534,-0.634892,0.281913,4578.06,-0.611469,0.291088,0
362.741,-0.649124,0.280779,0,0,-1.10789,-0.0882998,-0.649124,0.280779,4571.13,-0.792139,0.281485,0
370.643,-0.654505,0.280125,0,0,-0.681012,-0.0827281,-0.654505,0.280125,4563.76,-0.680034,0.203564,0
381.869,-0.662466,0.279676,0,0,-0.709133,-0.0399723,-0.662466,0.279676,4557.63,-0.660768,0.206815,0
391.462,-0.669978,0.279179,0,0,-0.783096,-0.0518479,-0.669978,0.279179,4552.93,-0.647571,0.274157,0
402.49,-0.697562,0.277385,0,0,-2.50131,-0.162688,-0.697562,0.277385,4548.61,-0.75717,0.257193,0
410.956,-0.695264,0.27538,0,0,0.271515,-0.236829,-0.695264,0.27538,4543.52,-0.690606,0.286797,0
422.514,-0.718657,0.271418,0,0,-2.02402,-0.34274,-0.718657,0.271418,4537.59,-0.769739,0.300609,0
430.483,-0.719454,0.266136,0,0,-0.100004,-0.662837,-0.719454,0.266136,4532.01,-0.66126,0.311689,0
442.638,-0.718892,0.255346,0,0,0.0462429,-0.887724,-0.718892,0.255346,4527.33,-0.715527,0.291838,0
451.826,-0.716706,0.238325,0,0,0.237935,-1.85251,-0.716706,0.238325,4523.09,-0.712819,0.192862,0
461.936,-0.713302,0.221356,0,0,0.33667,-1.67846,-0.713302,0.221356,4519.36,-0.723004,0.21475,0
470.425,-0.712275,0.210184,0,0,0.121014,-1.31602,-0.712275,0.210184,4516.19,-0.775955,0.261555,0
482.375,-0.702191,0.204726,0,0,0.843879,-0.456713,-0.702191,0.204726,4512.75,-0.691827,0.177166,0
490.501,-0.679036,0.202391,0,0,2.84945,-0.287427,-0.679036,0.202391,4508.6,-0.644576,0.204704,0
501.823,-0.662885,0.201232,0,0,1.42655,-0.102391,-0.662885,0.201232,4504.55,-0.664605,0.205815,0
510.476,-0.66028,0.200582,0,0,0.301002,-0.0750878,-0.66028,0.200582,4501.41,-0.655812,0.195866,0
521.672,-0.660268,0.200321,0,0,0.00110482,-0.0232886,-0.660268,0.200321,4499.22,-0.752705,0.179882,0
530.577,-0.663848,0.200093,0,0,-0.402009,-0.0256166,-0.663848,0.200093,4497.68,-0.653486,0.187755,0
542.73,-0.702414,0.198724,0,0,-3.17337,-0.112653,-0.702414,0.198724,4496.34,-0.743112,0.241283,0
549.968,-0.712215,0.197957,0,0,-1.35416,-0.10591,-0.712215,0.197957,4494.54,-0.781123,0.277165,0
561.909,-0.712515,0.196713,0,0,-0.0251227,-0.104211,-0.712515,0.196713,4491.98,-0.749175,0.21683,0
569.931,-0.710502,0.194349,0,0,0.250962,-0.294638,-0.710502,0.194349,4489.5,-0.676399,0.167722,0
582.952,-0.666586,0.192085,0,0,3.37269,-0.173925,-0.666586,0.192085,4488.02,-0.653372,0.20296,0
590.421,-0.652562,0.186999,0,0,1.87762,-0.680864,-0.652562,0.186999,4487.44,-0.646783,0.110767,0
602.299,-0.651171,0.179402,0,0,0.117079,-0.639598,-0.651171,0.179402,4487.26,-0.622568,0.120907,0
613.941,-0.650815,0.172356,0,0,0.030574,-0.605251,-0.650815,0.172356,4487.28,-0.666413,0.161903,0
623.498,-0.652205,0.168517,0,0,-0.145434,-0.401634,-0.652205,0.168517,4487.49,-0.643308,0.166155,0
633.933,-0.689439,0.166262,0,0,-3.56813,-0.21611,-0.689439,0.166262,4487.91,-0.741376,0.186679,0
642.334,-0.726733,0.165375,0,0,-4.43925,-0.105604,-0.726733,0.165375,4488.39,-0.733258,0.126407,0
654.393,-0.728382,0.167013,0,0,-0.136727,0.135836,-0.728382,0.167013,4488.74,-0.710849,0.127715,0
662.577,-0.72832,0.170509,0,0,0.00753512,0.427198,-0.72832,0.170509,4488.9,-0.721509,0.165391,0
675.606,-0.723133,0.175066,0,0,0.398077,0.349714,-0.723133,0.175066,4488.94,-0.744502,0.0651866,0
682.405,-0.717427,0.178695,0,0,0.839336,0.533792,-0.717427,0.178695,4488.89,-0.691757,0.181554,0
693.899,-0.712,0.180875,0,0,0.472105,0.189651,-0.712,0.180875,4488.7,-0.712254,0.180894,0
701.943,-0.711616,0.182886,0,0,0.0477454,0.250009,-0.711616,0.182886,4488.33,-0.647478,0.230916,0
714.399,-0.706109,0.186894,0,0,0.44217,0.321756,-0.706109,0.186894,4487.92,-0.701046,0.196165,0
722.378,-0.704116,0.193678,0,0,0.249687,0.85032,-0.704116,0.193678,4487.64,-0.733543,0.167635,0
734.451,-0.702481,0.204092,0,0,0.13549,0.86258,-0.702481,0.204092,4487.47,-0.705783,0.196597,0
743.052,-0.702479,0.216177,0,0,0.000232832,1.40505,-0.702479,0.216177,4487.12,-0.694175,0.268278,0
755.018,-0.691266,0.2253,0,0,0.937065,0.762365,-0.691266,0.2253,4486.15,-0.685969,0.282564,0
761.888,-0.675552,0.22946,0,0,2.28724,0.605641,-0.675552,0.22946,4484.37,-0.661534,0.335334,0
774.75,-0.674898,0.229963,0,0,0.0508663,0.0390388,-0.674898,0.229963,4482.22,-0.652123,0.282482,0
783.039,-0.674897,0.227747,0,0,9.43868e-05,-0.267317,-0.674897,0.227747,4480.11,-0.67627,0.235543,0
793.893,-0.677538,0.220584,0,0,-0.243261,-0.659954,-0.677538,0.220584,4478.1,-0.697719,0.207965,0
801.972,-0.691164,0.208571,0,0,-1.68665,-1.48685,-0.691164,0.208571,4476.36,-0.693237,0.1894,0
813.854,-0.691252,0.197303,0,0,-0.00737192,-0.948377,-0.691252,0.197303,4475.01,-0.681113,0.208791,0
822.523,-0.690449,0.189145,0,0,0.0925484,-0.940983,-0.690449,0.189145,4473.95,-0.700068,0.175439,0
833.879,-0.680328,0.183502,0,0,0.8913,-0.496942,-0.680328,0.183502,4472.98,-0.649722,0.155129,0
842.458,-0.671228,0.179527,0,0,1.06074,-0.463348,-0.671228,0.179527,4472.03,-0.657822,0.18557,0
854.477,-0.660822,0.177647,0,0,0.865798,-0.156404,-0.660822,0.177647,4471.42,-0.690413,0.182474,0
867.006,-0.639224,0.177749,0,0,1.72384,0.00813141,-0.639224,0.177749,4471.55,-0.622999,0.165053,0
874.459,-0.625924,0.178639,0,0,1.78448,0.119429,-0.625924,0.178639,4472.34,-0.527142,0.127773,0
885.841,-0.625303,0.180958,0,0,0.054604,0.203715,-0.625303,0.180958,4473.57,-0.611875,0.170381,0
893.925,-0.62104,0.187394,0,0,0.527269,0.796201,-0.62104,0.187394,4475.03,-0.66368,0.192105,0
906.577,-0.613324,0.200728,0,0,0.609858,1.05389,-0.613324,0.200728,4476.42,-0.641977,0.179062,0
915.164,-0.6135,0.220619,0,0,-0.0204322,2.31641,-0.6135,0.220619,4477.67,-0.60905,0.245591,0
925.921,-0.60478,0.241495,0,0,0.810601,1.94071,-0.60478,0.241495,4478.99,-0.595837,0.306776,0
934.459,-0.593681,0.258187,0,0,1.29993,1.955,-0.593681,0.258187,4481.22,-0.587803,0.277533,0
945.925,-0.570588,0.271888,0,0,2.01408,1.19495,-0.570588,0.271888,4485.42,-0.554461,0.377,0
953.769,-0.569881,0.281301,0,0,0.0900918,1.19993,-0.569881,0.281301,4491.19,-0.554991,0.299613,0
966.49,-0.570077,0.285579,0,0,-0.0153938,0.336356,-0.570077,0.285579,4496.87,-0.47268,0.301948,0
974.393,-0.570885,0.284773,0,0,-0.102254,-0.102058,-0.570885,0.284773,4501.34,-0.585021,0.224444,0
985.875,-0.589891,0.276774,0,0,-1.65529,-0.696653,-0.589891,0.276774,4504.79,-0.601268,0.304266,0
994.441,-0.592828,0.260253,0,0,-0.342879,-1.92863,-0.592828,0.260253,4508.52,-0.614192,0.272306,0
1005.92,-0.591872,0.237203,0,0,0.0832584,-2.00806,-0.591872,0.237203,4514.87,-0.587037,0.33801,0
1014.47,-0.590953,0.215042,0,0,0.107534,-2.59098,-0.590953,0.215042,4524.71,-0.622111,0.187302,0
1026.43,-0.590092,0.200465,0,0,0.0719767,-1.21893,-0.590092,0.200465,4535.36,-0.57983,0.167609,0
1034.43,-0.585341,0.194337,0,0,0.593892,-0.766121,-0.585341,0.194337,4544.53,-0.595328,0.114177,0
1046.04,-0.574514,0.193209,0,0,0.93282,-0.0971461,-0.574514,0.193209,4552.58,-0.492812,0.182091,0
1054.4,-0.561784,0.194471,0,0,1.52161,0.150827,-0.561784,0.194471,4559.14,-0.551375,0.112079,0
1065.9,-0.549935,0.198418,0,0,1.03083,0.343413,-0.549935,0.198418,4563.26,-0.531599,0.198097,0
1073.9,-0.53855,0.205436,0,0,1.42335,0.877287,-0.53855,0.205436,4565.97,-0.545813,0.228623,0
1086.43,-0.532455,0.213505,0,0,0.486253,0.643758,-0.532455,0.213505,4569.68,-0.436873,0.167506,0
1094.83,-0.532704,0.220243,0,0,-0.0296773,0.802246,-0.532704,0.220243,4575.71,-0.531832,0.320503,0
1105.96,-0.537299,0.224341,0,0,-0.412867,0.368225,-0.537299,0.224341,4582.6,-0.541263,0.296839,0
1118.37,-0.537557,0.225705,0,0,-0.020782,0.109917,-0.537557,0.225705,4587.79,-0.552618,0.308158,0
1125.77,-0.537501,0.224523,0,0,0.00757165,-0.159927,-0.537501,0.224523,4590.9,-0.545912,0.201439,0
1137.69,-0.537275,0.22142,0,0,0.0189001,-0.260136,-0.537275,0.22142,4593.72,-0.545338,0.247924,0
1146.79,-0.534971,0.216326,0,0,0.253223,-0.559721,-0.534971,0.216326,4598.26,-0.513211,0.225866,0
1158.03,-0.52762,0.20793,0,0,0.654432,-0.747468,-0.52762,0.20793,4604.88,-0.485686,0.160684,0
1166.68,-0.513446,0.19691,0,0,1.63706,-1.27277,-0.513446,0.19691,4611.99,-0.552826,0.171691,0
1178.46,-0.498371,0.186778,0,0,1.28006,-0.860379,-0.498371,0.186778,4618.63,-0.440549,0.180545,0
1186.48,-0.497423,0.179826,0,0,0.118213,-0.867426,-0.497423,0.179826,4625.22,-0.494163,0.140528,0
1197.88,-0.49783,0.176534,0,0,-0.0356602,-0.288756,-0.49783,0.176534,4631.06,-0.416921,0.203222,0
1206.88,-0.511331,0.175611,0,0,-1.49891,-0.102449,-0.511331,0.175611,4635.07,-0.580758,0.15793,0
1218.37,-0.528717,0.176828,0,0,-1.51329,0.105907,-0.528717,0.176828,4637.62,-0.55508,0.131557,0
1225.77,-0.53667,0.181337,0,0,-1.07495,0.609443,-0.53667,0.181337,4639.96,-0.526458,0.177506,0
1239.34,-0.537398,0.190154,0,0,-0.0535792,0.64973,-0.537398,0.190154,4643.65,-0.531224,0.166828,0
1247.84,-0.537649,0.202428,0,0,-0.0296399,1.44447,-0.537649,0.202428,4649.55,-0.557977,0.280532,0
1258.6,-0.530434,0.216603,0,0,0.670322,1.31686,-0.530434,0.216603,4656.75,-0.472412,0.313929,0
1266.39,-0.522273,0.22996,0,0,1.04799,1.71531,-0.522273,0.22996,4663.53,-0.521801,0.231436,0
1277.92,-0.51702,0.239791,0,0,0.455516,0.8524,-0.51702,0.239791,4668.94,-0.418545,0.225673,0
1286.48,-0.516789,0.246347,0,0,0.0269498,0.76634,-0.516789,0.246347,4673.35,-0.518823,0.186228,0
1298.06,-0.51009,0.251691,0,0,0.578703,0.461704,-0.51009,0.251691,4677.52,-0.509261,0.177764,0
1306.3,-0.509994,0.256112,0,0,0.0116841,0.53641,-0.509994,0.256112,4681.5,-0.524596,0.255307,0
1317.92,-0.509347,0.262343,0,0,0.0556519,0.535949,-0.509347,0.262343,4685.49,-0.503323,0.274975,0
1326.55,-0.487749,0.274084,0,0,2.50324,1.36084,-0.487749,0.274084,4690.3,-0.469708,0.321316,0
1338.22,-0.470821,0.29059,0,0,1.4512,1.41503,-0.470821,0.29059,4695.81,-0.480739,0.372928,0
1346.45,-0.463649,0.309542,0,0,0.870428,2.30017,-0.463649,0.309542,4700.74,-0.444462,0.256988,0
1358.48,-0.458205,0.327823,0,0,0.452785,1.52043,-0.458205,0.327823,4704.34,-0.44401,0.341404,0
1370.44,-0.458598,0.341756,0,0,-0.0328558,1.16481,-0.458598,0.341756,4706.82,-0.410604,0.263033,0
1378.68,-0.459402,0.349776,0,0,-0.0974525,0.972776,-0.459402,0.349776,4708.52,-0.47542,0.431165,0
1389.89,-0.469232,0.352666,0,0,-0.877063,0.257816,-0.469232,0.352666,4710.05,-0.55656,0.433834,0
1398.47,-0.470475,0.353062,0,0,-0.144976,0.0462205,-0.470475,0.353062,4712.46,-0.492215,0.386864,0
1410.48,-0.488979,0.349917,0,0,-1.53984,-0.261712,-0.488979,0.349917,4716.59,-0.505293,0.363974,0
1418.8,-0.500982,0.340058,0,0,-1.44266,-1.18504,-0.500982,0.340058,4722.31,-0.442416,0.342914,0
1429.9,-0.520164,0.320272,0,0,-1.72842,-1.78281,-0.520164,0.320272,4728.56,-0.548396,0.300992,0
1437.85,-0.538872,0.296611,0,0,-2.35256,-2.97549,-0.538872,0.296611,4734.62,-0.521079,0.239641,0
1449.99,-0.544602,0.279619,0,0,-0.472033,-1.39977,-0.544602,0.279619,4740.97,-0.64378,0.228989,0
1458.52,-0.546894,0.272148,0,0,-0.268913,-0.876459,-0.546894,0.272148,4748.6,-0.537072,0.173073,0
1469.91,-0.552343,0.27005,0,0,-0.478541,-0.184219,-0.552343,0.27005,4757.7,-0.566792,0.19697,0
1477.88,-0.557662,0.269771,0,0,-0.667187,-0.03501,-0.557662,0.269771,4767.44,-0.548542,0.315881,0
1490.5,-0.558145,0.27146,0,0,-0.0382737,0.133789,-0.558145,0.27146,4777.32,-0.568537,0.269093,0
1498.46,-0.562571,0.278606,0,0,-0.556159,0.897897,-0.562571,0.278606,4787.74,-0.60729,0.480926,0
1510.21,-0.563775,0.296305,0,0,-0.102503,1.50663,-0.563775,0.296305,4798.82,-0.517538,0.276274,0
1518.47,-0.564858,0.322436,0,0,-0.130962,3.16018,-0.564858,0.322436,4809.41,-0.57238,0.398317,0
1529.73,-0.562504,0.347007,0,0,0.209153,2.18327,-0.562504,0.347007,4818.87,-0.571243,0.25586,0
1538.77,-0.562873,0.362875,0,0,-0.0407067,1.75438,-0.562873,0.362875,4827.99,-0.561267,0.487349,0
1549.96,-0.558035,0.371253,0,0,0.432385,0.748748,-0.558035,0.371253,4837.16,-0.517864,0.242082,0
1558.53,-0.553619,0.375924,0,0,0.515285,0.54508,-0.553619,0.375924,4845.47,-0.527834,0.400904,0
1570.46,-0.552751,0.379872,0,0,0.07279,0.33106,-0.552751,0.379872,4851.93,-0.551624,0.351987,0
1578.46,-0.540681,0.385212,0,0,1.5089,0.667608,-0.540681,0.385212,4857.12,-0.55402,0.373512,0
1591.64,-0.539858,0.391386,0,0,0.062442,0.46817,-0.539858,0.391386,4862.4,-0.561037,0.39897,0
1599.39,-0.52611,0.397367,0,0,1.77543,0.772434,-0.52611,0.397367,4868.21,-0.497094,0.467519,0
1609.7,-0.50254,0.401876,0,0,2.28462,0.437047,-0.50254,0.401876,4874.94,-0.501807,0.449578,0
1621.9,-0.501634,0.404311,0,0,0.0742937,0.199757,-0.501634,0.404311,4883.12,-0.483239,0.456002,0
1631.38,-0.501693,0.405561,0,0,-0.00615495,0.131732,-0.501693,0.405561,4891.61,-0.506158,0.376497,0
1641.99,-0.501776,0.405427,0,0,-0.00785988,-0.0126587,-0.501776,0.405427,4898.37,-0.506522,0.319266,0
1651.33,-0.503736,0.402743,0,0,-0.209751,-0.287282,-0.503736,0.402743,4902.95,-0.504198,0.405742,0
1661.91,-0.504566,0.395284,0,0,-0.078576,-0.705485,-0.504566,0.395284,4906.37,-0.450923,0.417648,0
1670.57,-0.50596,0.382926,0,0,-0.160841,-1.42633,-0.50596,0.382926,4909.95,-0.510115,0.383959,0
1682,-0.51316,0.370159,0,0,-0.62991,-1.11694,-0.51316,0.370159,4913.94,-0.531095,0.352059,0
1690.49,-0.516301,0.362046,0,0,-0.369989,-0.955582,-0.516301,0.362046,4917.41,-0.622463,0.359941,0
1701.79,-0.516917,0.358814,0,0,-0.0545245,-0.286128,-0.516917,0.358814,4919.82,-0.458079,0.286642,0
1710.47,-0.531973,0.357549,0,0,-1.7336,-0.145646,-0.531973,0.357549,4921.52,-0.551056,0.263226,0
1722.13,-0.55151,0.356941,0,0,-1.6761,-0.0521111,-0.55151,0.356941,4923.29,-0.464002,0.2476,0
1730.79,-0.553739,0.357582,0,0,-0.257355,0.0739308,-0.553739,0.357582,4925.9,-0.568879,0.394635,0
1741.85,-0.585439,0.35862,0,0,-2.86568,0.0938142,-0.585439,0.35862,4929.72,-0.642374,0.364558,0
1750.76,-0.59932,0.361112,0,0,-1.55896,0.27987,-0.59932,0.361112,4934.86,-0.64718,0.408183,0
1761.93,-0.603523,0.363141,0,0,-0.376197,0.181639,-0.603523,0.363141,4940.78,-0.578624,0.324264,0
1770.72,-0.603484,0.364156,0,0,0.00447226,0.115419,-0.603484,0.364156,4946.23,-0.578629,0.359883,0
1781.91,-0.597754,0.36502,0,0,0.512156,0.0772306,-0.597754,0.36502,4950.77,-0.59673,0.379153,0
1790.04,-0.592295,0.365442,0,0,0.671161,0.0519366,-0.592295,0.365442,4955.2,-0.533797,0.39196,0
1803.16,-0.588935,0.36418,0,0,0.256124,-0.0962067,-0.588935,0.36418,4959.95,-0.599918,0.376132,0
1811.46,-0.587606,0.361245,0,0,0.16032,-0.353937,-0.587606,0.361245,4964.39,-0.513202,0.343287,0
1823.24,-0.571426,0.358323,0,0,1.3728,-0.247949,-0.571426,0.358323,4967.74,-0.578869,0.353161,0
1830.91,-0.555025,0.355008,0,0,2.13894,-0.43228,-0.555025,0.355008,4970.06,-0.627788,0.331451,0
1841.94,-0.541543,0.350703,0,0,1.22269,-0.390481,-0.541543,0.350703,4971.94,-0.530772,0.380674,0
1850.45,-0.524949,0.345227,0,0,1.94797,-0.642771,-0.524949,0.345227,4973.93,-0.515215,0.256483,0
1862.62,-0.523835,0.336902,0,0,0.0915734,-0.684375,-0.523835,0.336902,4976.38,-0.484119,0.373988,0
1874.75,-0.522631,0.324874,0,0,0.0991859,-0.991502,-0.522631,0.324874,4979.54,-0.505297,0.299155,0
1881.77,-0.521749,0.30928,0,0,0.125677,-2.22093,-0.521749,0.30928,4983.3,-0.5374,0.291413,0
1893.93,-0.518111,0.290277,0,0,0.299139,-1.56264,-0.518111,0.290277,4987.01,-0.514226,0.317853,0
1902.48,-0.516748,0.266392,0,0,0.159446,-2.79424,-0.516748,0.266392,4990.29,-0.541724,0.236059,0
1914.64,-0.511387,0.237605,0,0,0.440912,-2.36753,-0.511387,0.237605,4994.38,-0.503135,0.24752,0
1922.27,-0.477567,0.205459,0,0,4.43309,-4.21369,-0.477567,0.205459,5001.5,-0.439857,0.137001,0
1934.06,-0.459369,0.172558,0,0,1.54322,-2.79014,-0.459369,0.172558,5012.23,-0.421476,0.135833,0
1942.73,-0.456975,0.146941,0,0,0.276272,-2.95563,-0.456975,0.146941,5024.46,-0.456526,0.0908377,0
1954.48,-0.444879,0.13294,0,0,1.02933,-1.19151,-0.444879,0.13294,5036.24,-0.492835,0.106935,0
1962.5,-0.444453,0.12658,0,0,0.0531629,-0.793005,-0.444453,0.12658,5047,-0.474452,0.216292,0
1973.91,-0.455811,0.123888,0,0,-0.995088,-0.235815,-0.455811,0.123888,5056.13,-0.408012,0.127197,0
1982.41,-0.454508,0.123325,0,0,0.153366,-0.0662471,-0.454508,0.123325,5064.2,-0.394743,0.122649,0
1994.47,-0.442777,0.123608,0,0,0.972819,0.023432,-0.442777,0.123608,5074.46,-0.515259,0.105631,0
2003.23,-0.439034,0.12372,0,0,0.427113,0.0128031,-0.439034,0.12372,5089.37,-0.453148,0.276284,0
2014.03,-0.436921,0.123788,0,0,0.195603,0.00625127,-0.436921,0.123788,5106.64,-0.442937,0.259958,0
2022.12,-0.41657,0.124439,0,0,2.51526,0.0804853,-0.41657,0.124439,5122.36,-0.359291,0.118807,0
2035.11,-0.381168,0.125614,0,0,2.72513,0.0904848,-0.381168,0.125614,5136.49,-0.310262,0.0639095,0
2041.81,-0.372405,0.126204,0,0,1.30868,0.0880628,-0.372405,0.126204,5151.82,-0.368094,0.256497,0
2053.97,-0.361346,0.127653,0,0,0.909381,0.119128,-0.361346,0.127653,5168.84,-0.270913,0.129224,0
2062.48,-0.34737,0.130403,0,0,1.64163,0.323059,-0.34737,0.130403,5186.12,-0.38412,0.144336,0
2074.5,-0.290563,0.135258,0,0,4.72884,0.404111,-0.290563,0.135258,5203.04,-0.239007,0.257377,0
2082.86,-0.288193,0.13795,0,0,0.283418,0.322023,-0.288193,0.13795,5219.36,-0.218043,0.127393,0
2093.92,-0.287944,0.139406,0,0,0.0225426,0.131656,-0.287944,0.139406,5234.69,-0.244403,0.161352,0
2102.72,-0.290491,0.14006,0,0,-0.289183,0.0742728,-0.290491,0.14006,5248.48,-0.363235,0.13155,0
2114.4,-0.348705,0.139372,0,0,-4.98402,-0.0588848,-0.348705,0.139372,5260.44,-0.337478,0.138804,0
2126.53,-0.366699,0.141147,0,0,-1.48434,0.146394,-0.366699,0.141147,5271.7,-0.422717,0.219988,0
2134.59,-0.367582,0.144768,0,0,-0.109553,0.449115,-0.367582,0.144768,5283.79,-0.405562,0.174645,0
2145.93,-0.368592,0.149859,0,0,-0.0890543,0.448951,-0.368592,0.149859,5296.25,-0.311506,0.135829,0
2154.55,-0.368615,0.157763,0,0,-0.00262111,0.917278,-0.368615,0.157763,5307.14,-0.34182,0.217887,0
2166.43,-0.359673,0.169493,0,0,0.752214,0.986695,-0.359673,0.169493,5316.79,-0.365809,0.150475,0
2174.76,-0.343752,0.182306,0,0,1.91191,1.53879,-0.343752,0.182306,5327.98,-0.336905,0.289618,0
2186.18,-0.304113,0.192862,0,0,3.47193,0.924513,-0.304113,0.192862,5341.08,-0.268951,0.192436,0
2194.95,-0.294893,0.198026,0,0,1.0512,0.588808,-0.294893,0.198026,5353.04,-0.218706,0.187306,0
2206.5,-0.286835,0.199627,0,0,0.697583,0.138562,-0.286835,0.199627,5362.89,-0.250092,0.193034,0
2214.48,-0.285796,0.199719,0,0,0.130201,0.0116122,-0.285796,0.199719,5373.07,-0.321161,0.209776,0
2226.09,-0.281823,0.200357,0,0,0.342155,0.0549069,-0.281823,0.200357,5385.05,-0.307544,0.279451,0
2235.8,-0.289823,0.200793,0,0,-0.824298,0.0449906,-0.289823,0.200793,5398.99,-0.30299,0.230517,0
2246.47,-0.289202,0.200939,0,0,0.0581927,0.013615,-0.289202,0.200939,5414.94,-0.251386,0.150605,0
2254.5,-0.26606,0.200431,0,0,2.88299,-0.0632364,-0.26606,0.200431,5430.75,-0.306784,0.124281,0
2266.7,-0.249564,0.196348,0,0,1.35205,-0.334637,-0.249564,0.196348,5443.14,-0.228851,0.201891,0
2275.32,-0.236319,0.187372,0,0,1.53615,-1.04106,-0.236319,0.187372,5452.06,-0.211475,0.204487,0
2286.47,-0.219583,0.175794,0,0,1.50123,-1.03864,-0.219583,0.175794,5461.4,-0.249592,0.287127,0
2295.18,-0.209605,0.165375,0,0,1.14605,-1.19654,-0.209605,0.165375,5473.93,-0.21479,0.238862,0
2307.42,-0.190076,0.158563,0,0,1.59498,-0.556349,-0.190076,0.158563,5487.5,-0.130755,0.0921359,0
2315.95,-0.152509,0.154013,0,0,4.40246,-0.533294,-0.152509,0.154013,5499.5,-0.131369,0.156452,0
2325.98,-0.118135,0.149886,0,0,3.42849,-0.411653,-0.118135,0.149886,5511.36,-0.099322,0.0858171,0
2334.46,-0.102101,0.147156,0,0,1.89016,-0.321767,-0.102101,0.147156,5524.87,-0.0811148,0.151606,0
2346.53,-0.101123,0.14661,0,0,0.081059,-0.0452423,-0.101123,0.14661,5538.94,-0.102663,0.18922,0
2353.75,-0.0937522,0.148471,0,0,1.02094,0.257743,-0.0937522,0.148471,5551.76,-0.0864329,0.140913,0
2365.97,-0.0865937,0.152203,0,0,0.585762,0.305324,-0.0865937,0.152203,5562.5,-0.16957,0.0502398,0
2378.25,-0.0865434,0.157541,0,0,0.00409221,0.434687,-0.0865434,0.157541,5570.62,-0.0850005,0.168732,0
2386.48,-0.0870799,0.164108,0,0,-0.065147,0.797305,-0.0870799,0.164108,5575.91,-0.0597651,0.14117,0
2398.27,-0.0922878,0.169374,0,0,-0.44179,0.446736,-0.0922878,0.169374,5578.97,-0.0765446,0.177768,0
2406.47,-0.0918791,0.172042,0,0,0.0498683,0.325625,-0.0918791,0.172042,5580.6,-0.0992169,0.181145,0
2417.98,-0.0892054,0.172797,0,0,0.232256,0.0655536,-0.0892054,0.172797,5581.46,-0.117905,0.182601,0
2426.54,-0.0887092,0.172399,0,0,0.0579362,-0.0464307,-0.0887092,0.172399,5582.55,-0.0970481,0.193781,0
2437.73,-0.080119,0.170763,0,0,0.768146,-0.14629,-0.080119,0.170763,5585.02,-0.0654233,0.223707,0
2447.42,-0.0719192,0.167104,0,0,0.845953,-0.377487,-0.0719192,0.167104,5589.1,-0.058696,0.113424,0
2458.09,-0.0713606,0.16252,0,0,0.052354,-0.429644,-0.0713606,0.16252,5593.54,-0.0400818,0.14793,0
2467.12,-0.0728236,0.158948,0,0,-0.161979,-0.395454,-0.0728236,0.158948,5597.08,-0.0774186,0.104059,0
2477.94,-0.110908,0.154656,0,0,-3.5192,-0.39662,-0.110908,0.154656,5599.18,-0.149252,0.141268,0
2486.49,-0.13647,0.150276,0,0,-2.99253,-0.512709,-0.13647,0.150276,5599.38,-0.135869,0.146077,0
2498.64,-0.137376,0.147064,0,0,-0.0745062,-0.264332,-0.137376,0.147064,5598.17,-0.160524,0.150268,0
2507.43,-0.136981,0.144518,0,0,0.0449223,-0.289496,-0.136981,0.144518,5596.85,-0.133001,0.167217,0
2518.49,-0.130646,0.141604,0,0,0.573096,-0.263541,-0.130646,0.141604,5595.95,-0.121663,0.162605,0
2526.53,-0.130194,0.137883,0,0,0.0562201,-0.462646,-0.130194,0.137883,5595.64,-0.127401,0.108914,0
2538.57,-0.130148,0.135034,0,0,0.0037621,-0.236605,-0.130148,0.135034,5596.47,-0.142276,0.111953,0
2547.99,-0.133309,0.133615,0,0,-0.335732,-0.150775,-0.133309,0.133615,5598.17,-0.0794553,0.088785,0
2558.44,-0.159525,0.13217,0,0,-2.50918,-0.138281,-0.159525,0.13217,5599.56,-0.18044,0.0566251,0
2566.49,-0.175395,0.130796,0,0,-1.96941,-0.17056,-0.175395,0.130796,5600.54,-0.213643,0.162912,0
2578.37,-0.175988,0.129605,0,0,-0.0499854,-0.100255,-0.175988,0.129605,5602.12,-0.218393,0.151944,0
2586.48,-0.174894,0.128496,0,0,0.134827,-0.136696,-0.174894,0.128496,5604.29,-0.124828,0.147595,0
2598.48,-0.151078,0.126816,0,0,1.98515,-0.140008,-0.151078,0.126816,5605.97,-0.108416,0.164485,0
2607.3,-0.148676,0.119807,0,0,0.272228,-0.794435,-0.148676,0.119807,5606.76,-0.10522,0.127162,0
2619.57,-0.147105,0.10713,0,0,0.128082,-1.03362,-0.147105,0.10713,5607,-0.199712,0.058647,0
2630.53,-0.126659,0.0946999,0,0,1.86583,-1.13431,-0.126659,0.0946999,5606.91,-0.155006,0.0650389,0
2639.02,-0.146087,0.0861479,0,0,-2.28674,-1.00658,-0.146087,0.0861479,5606.45,-0.174564,0.153332,0
2650.44,-0.146596,0.082746,0,0,-0.0444997,-0.297888,-0.146596,0.082746,5605.3,-0.118639,0.0887165,0
2658.74,-0.139749,0.0810941,0,0,0.825014,-0.199049,-0.139749,0.0810941,5603.32,-0.244121,0.0806429,0
2669.95,-0.109019,0.0805164,0,0,2.74059,-0.0515227,-0.109019,0.0805164,5601.14,-0.0832485,0.0810596,0
2677.98,-0.107756,0.0793017,0,0,0.157257,-0.151257,-0.107756,0.0793017,5599.55,-0.0693226,0.0861799,0
2690.58,-0.110745,0.0777278,0,0,-0.237241,-0.124921,-0.110745,0.0777278,5598.54,-0.0967259,0.0724424,0
2698.82,-0.111771,0.0752904,0,0,-0.124605,-0.295908,-0.111771,0.0752904,5597.52,-0.152422,0.0747755,0
2710.53,-0.135026,0.0703223,0,0,-1.9861,-0.424296,-0.135026,0.0703223,5596.07,-0.167506,0.0649353,0
2718.49,-0.147851,0.0614213,0,0,-1.61015,-1.11751,-0.147851,0.0614213,5594.53,-0.147071,0.0790407,0
2730.01,-0.164862,0.0470482,0,0,-1.47666,-1.24766,-0.164862,0.0470482,5593.48,-0.185636,0.0263182,0
2738.62,-0.167594,0.0316571,0,0,-0.317218,-1.78758,-0.167594,0.0316571,5593.05,-0.1755,-0.0219539,0
2749.93,-0.182584,0.0176554,0,0,-1.32564,-1.23822,-0.182584,0.0176554,5592.97,-0.227545,0.0653707,0
2757.89,-0.181913,0.00389551,0,0,0.0842574,-1.72884,-0.181913,0.00389551,5593.13,-0.148328,-0.0433448,0
2769.92,-0.164946,-0.0112387,0,0,1.41052,-1.25814,-0.164946,-0.0112387,5593.74,-0.209347,0.0167843,0
2778.04,-0.14888,-0.0253846,0,0,1.97861,-1.74211,-0.14888,-0.0253846,5595.53,-0.1148,-0.0695172,0
2790.61,-0.147844,-0.035079,0,0,0.0824067,-0.771295,-0.147844,-0.035079,5599.08,-0.176505,-0.0468758,0
2798.94,-0.14955,-0.0393715,0,0,-0.204872,-0.515488,-0.14955,-0.0393715,5603.72,-0.0450597,-0.0968913,0
2810.55,-0.149703,-0.0404972,0,0,-0.0131403,-0.0969712,-0.149703,-0.0404972,5608.18,-0.13125,-0.0401672,0
2818.47,-0.153035,-0.0406195,0,0,-0.420447,-0.0154351,-0.153035,-0.0406195,5612.27,-0.169939,-0.124004,0
2829.89,-0.165868,-0.039984,0,0,-1.12404,0.0556696,-0.165868,-0.039984,5616.53,-0.194228,-0.0140583,0
2838.4,-0.181974,-0.0367884,0,0,-1.89168,0.375331,-0.181974,-0.0367884,5621.02,-0.178719,-0.0413821,0
2849.94,-0.186591,-0.0292153,0,0,-0.400266,0.656476,-0.186591,-0.0292153,5625.21,-0.194744,-0.0319354,0
2857.92,-0.187111,-0.0185812,0,0,-0.0651036,1.3326,-0.187111,-0.0185812,5628.69,-0.164168,-0.00929736,0
2870.67,-0.183721,-0.00635847,0,0,0.265736,0.958268,-0.183721,-0.00635847,5631.67,-0.274702,0.0351932,0
2882.51,-0.174609,0.00805059,0,0,0.769823,1.21729,-0.174609,0.00805059,5634.73,-0.160191,-0.00536528,0
2890.47,-0.167349,0.0234375,0,0,0.912348,1.93376,-0.167349,0.0234375,5638.03,-0.134886,0.0399268,0
2902.02,-0.167608,0.0356173,0,0,-0.0224267,1.05389,-0.167608,0.0356173,5641.28,-0.204912,0.0570189,0
2910.43,-0.168211,0.0423546,0,0,-0.07167,0.801012,-0.168211,0.0423546,5644.19,-0.14873,0.130465,0
2922.01,-0.17478,0.0446461,0,0,-0.567276,0.197885,-0.17478,0.0446461,5646.67,-0.205122,0.10148,0
2929.96,-0.179841,0.0448672,0,0,-0.636933,0.0278221,-0.179841,0.0448672,5648.83,-0.163666,0.0316982,0
2941.77,-0.185455,0.0432698,0,0,-0.475393,-0.135282,-0.185455,0.0432698,5650.95,-0.183777,-0.0459356,0
2950.66,-0.185292,0.0379055,0,0,0.0182879,-0.603204,-0.185292,0.0379055,5653.07,-0.263333,0.0528212,0
2961.96,-0.180621,0.0268382,0,0,0.413529,-0.979838,-0.180621,0.0268382,5654.88,-0.244638,0.0168328,0
2970.5,-0.156294,0.0125685,0,0,2.84734,-1.67015,-0.156294,0.0125685,5656.15,-0.130813,0.00200705,0
2983.03,-0.0711249,-0.000144883,0,0,6.79719,-1.01463,-0.0711249,-0.000144883,5657.1,-0.00952675,0.000282854,0
2990.61,-0.00881506,-0.0138144,0,0,8.22139,-1.80361,-0.00881506,-0.0138144,5658.07,0.00278544,-0.040901,0
3002.44,-0.00545019,-0.0303456,0,0,0.284339,-1.39693,-0.00545019,-0.0303456,5658.91,0.00342309,-0.0482015,0
3010.47,-0.00534351,-0.0467682,0,0,0.0133008,-2.04745,-0.00534351,-0.0467682,5659.36,0.0406825,-0.076311,0
3021.8,-0.0212924,-0.0619315,0,0,-1.40718,-1.33786,-0.0212924,-0.0619315,5659.46,-0.0621158,-0.044125,0
3030.2,-0.0378571,-0.0732647,0,0,-1.97199,-1.34919,-0.0378571,-0.0732647,5659.39,-0.026213,-0.129402,0
3043.03,-0.038311,-0.0786951,0,0,-0.0353623,-0.423094,-0.038311,-0.0786951,5659.29,-0.0503151,-0.114343,0
3050.23,-0.0375917,-0.0800761,0,0,0.0999782,-0.191933,-0.0375917,-0.0800761,5659.16,-0.040176,0.00165636,0
3062.5,-0.022821,-0.0789899,0,0,1.20419,0.0885529,-0.022821,-0.0789899,5658.85,0.0225997,-0.0874269,0
3069.76,-0.0223032,-0.0762844,0,0,0.0712555,0.372258,-0.0223032,-0.0762844,5658.26,0.0663127,-0.0828245,0
3082.44,-0.0247442,-0.0695374,0,0,-0.192556,0.532223,-0.0247442,-0.0695374,5657.21,-0.0389343,-0.0688698,0
3090.74,-0.0749344,-0.0589807,0,0,-6.0441,1.27127,-0.0749344,-0.0589807,5655.69,-0.215271,-0.0838434,0
3101.93,-0.116063,-0.0462223,0,0,-3.67549,1.14017,-0.116063,-0.0462223,5654.18,-0.15759,0.0324762,0
3109.99,-0.11836,-0.0337806,0,0,-0.285195,1.54478,-0.11836,-0.0337806,5653.25,-0.131574,-0.0278792,0
3121.96,-0.117111,-0.0228974,0,0,0.104353,0.909365,-0.117111,-0.0228974,5652.78,-0.0604618,0.0469636,0
3135.27,-0.0761023,-0.0138205,0,0,3.07944,0.6816,-0.0761023,-0.0138205,5652.23,-0.0593032,0.0630928,0
3141.88,-0.0539997,-0.0105858,0,0,3.34634,0.489737,-0.0539997,-0.0105858,5651.54,-0.0333904,-0.00632553,0
3154.05,-0.0475881,-0.0148512,0,0,0.526922,-0.350543,-0.0475881,-0.0148512,5651.08,-0.0190402,-0.133864,0
3162.75,-0.0434483,-0.0296889,0,0,0.475836,-1.70548,-0.0434483,-0.0296889,5650.96,-0.0510837,-0.00834862,0
3173.89,-0.0407806,-0.056457,0,0,0.239303,-2.40116,-0.0407806,-0.056457,5651,-0.0242606,0.062736,0
3181.78,-0.0392783,-0.0870015,0,0,0.190475,-3.87276,-0.0392783,-0.0870015,5650.86,-0.0358456,-0.0412438,0
3194.55,-0.0394268,-0.108742,0,0,-0.0116331,-1.70276,-0.0394268,-0.108742,5650.28,-0.0505425,-0.165929,0
3202.53,-0.0377403,-0.118145,0,0,0.211425,-1.17872,-0.0377403,-0.118145,5648.99,-0.0379213,-0.179306,0
3213.99,-0.0374898,-0.120941,0,0,0.0218596,-0.243934,-0.0374898,-0.120941,5646.28,-0.0355865,-0.192717,0
3221.93,-0.0349698,-0.122436,0,0,0.317171,-0.18817,-0.0349698,-0.122436,5641.71,-0.0329868,-0.116138,0
3235.03,-0.00696508,-0.123518,0,0,2.13793,-0.0826578,-0.00696508,-0.123518,5636.27,0.0918435,-0.132116,0
3242.65,0.0243928,-0.124352,0,0,4.11466,-0.109312,0.0243928,-0.124352,5630.92,0.0177303,-0.0451141,0
3253.87,0.0328047,-0.125003,0,0,0.750192,-0.0580915,0.0328047,-0.125003,5624.76,0.0381673,-0.154618,0
3262.52,0.0368655,-0.124732,0,0,0.469294,0.031309,0.0368655,-0.124732,5617.13,0.0369144,-0.101329,0
3273.95,0.0370183,-0.124472,0,0,0.013364,0.0227026,0.0370183,-0.124472,5609.59,0.0178669,-0.154675,0
3282.48,0.0368632,-0.124403,0,0,-0.018194,0.00810047,0.0368632,-0.124403,5603.04,0.0543542,-0.127732,0
3294.76,0.0328536,-0.124074,0,0,-0.326302,0.026828,0.0328536,-0.124074,5595.2,0.046243,-0.199505,0
3302.93,0.0194465,-0.124025,0,0,-1.64283,0.00591316,0.0194465,-0.124025,5584.12,-0.00891636,-0.108051,0
3313.96,-0.00252368,-0.124602,0,0,-1.99168,-0.0522392,-0.00252368,-0.124602,5572.08,0.00943691,-0.0573824,0
3322.59,-0.0163025,-0.125051,0,0,-1.59662,-0.0520155,-0.0163025,-0.125051,5562.25,-0.0423593,-0.129035,0
3333.9,-0.0206216,-0.125254,0,0,-0.381748,-0.017965,-0.0206216,-0.125254,5553.07,-0.0505638,-0.114937,0
3342.49,-0.0207618,-0.12577,0,0,-0.0163179,-0.0600538,-0.0207618,-0.12577,5539.88,0.0388803,-0.168958,0
3354.95,-0.0197861,-0.12801,0,0,0.0782841,-0.179735,-0.0197861,-0.12801,5521.92,-0.102856,-0.176385,0
3362.5,0.00312612,-0.13351,0,0,3.03554,-0.728665,0.00312612,-0.13351,5504.6,0.0139116,-0.0522627,0
3374.08,0.073741,-0.142768,0,0,6.09905,-0.799636,0.073741,-0.142768,5491.82,0.141004,-0.130566,0
3386.62,0.122608,-0.155832,0,0,3.89721,-1.04186,0.122608,-0.155832,5481.34,0.117947,-0.0920346,0
3393.98,0.125243,-0.168779,0,0,0.358076,-1.75957,0.125243,-0.168779,5470.6,0.180528,-0.231035,0
3405.98,0.12518,-0.177312,0,0,-0.0052169,-0.710899,0.12518,-0.177312,5460.4,0.118052,-0.239166,0
3415.11,0.114309,-0.182372,0,0,-1.19101,-0.554357,0.114309,-0.182372,5451.8,0.102595,-0.185997,0
3426.55,0.11396,-0.185172,0,0,-0.0305132,-0.244752,0.11396,-0.185172,5443.7,0.0197141,-0.202984,0
3434.46,0.114326,-0.186881,0,0,0.0462727,-0.216027,0.114326,-0.186881,5434.81,0.0636702,-0.253205,0
3446.45,0.12137,-0.187995,0,0,0.587717,-0.0929142,0.12137,-0.187995,5426.21,0.144764,-0.23363,0
3454.5,0.135258,-0.189046,0,0,1.72408,-0.130422,0.135258,-0.189046,5419.44,0.131615,-0.159873,0
3466.06,0.136118,-0.190526,0,0,0.0744305,-0.127999,0.136118,-0.190526,5413.94,0.144129,-0.187617,0
3474.71,0.140539,-0.191648,0,0,0.511002,-0.129737,0.140539,-0.191648,5408.57,0.16815,-0.13938,0
3486.53,0.14143,-0.192578,0,0,0.075373,-0.0786867,0.14143,-0.192578,5403.26,0.110534,-0.166693,0
3494.49,0.14857,-0.19375,0,0,0.897162,-0.147255,0.14857,-0.19375,5398.55,0.1539,-0.227183,0
3505.85,0.171389,-0.196319,0,0,2.00835,-0.226129,0.171389,-0.196319,5394.85,0.229302,-0.243575,0
3514.91,0.202595,-0.200809,0,0,3.44551,-0.495685,0.202595,-0.200809,5392.04,0.265834,-0.200789,0
3525.81,0.204351,-0.206452,0,0,0.161076,-0.517836,0.204351,-0.206452,5389.33,0.254834,-0.19234,0
3534.54,0.207985,-0.210056,0,0,0.416476,-0.413006,0.207985,-0.210056,5385.68,0.220633,-0.253819,0
3547.87,0.207545,-0.211255,0,0,-0.0329859,-0.0898687,0.207545,-0.211255,5380.64,0.186579,-0.218529,0
3555.33,0.192679,-0.210652,0,0,-1.99277,0.0807916,0.192679,-0.210652,5375.26,0.207363,-0.166866,0
3565.93,0.191091,-0.207451,0,0,-0.149892,0.302138,0.191091,-0.207451,5371.12,0.109789,-0.218606,0
3574.65,0.173273,-0.203009,0,0,-2.04288,0.509297,0.173273,-0.203009,5368.64,0.0985317,-0.21603,0
3586.53,0.173268,-0.196106,0,0,-0.000389612,0.581223,0.173268,-0.196106,5367.07,0.294061,-0.125464,0
3594.76,0.170785,-0.185755,0,0,-0.301599,1.25693,0.170785,-0.185755,5365.4,0.137554,-0.228579,0
3606.6,0.174982,-0.171918,0,0,0.354523,1.16891,0.174982,-0.171918,5362.8,0.188593,-0.108559,0
3614,0.173763,-0.159338,0,0,-0.164615,1.69924,0.173763,-0.159338,5358.67,0.178653,-0.104478,0
3627.31,0.154982,-0.15199,0,0,-1.41069,0.551923,0.154982,-0.15199,5352.8,0.156837,-0.213602,0
3638.48,0.153191,-0.148182,0,0,-0.160413,0.341076,0.153191,-0.148182,5345.53,0.113546,-0.154582,0
3645.87,0.134418,-0.14768,0,0,-2.54206,0.0679819,0.134418,-0.14768,5338.54,0.125807,-0.104676,0
3658.12,0.116755,-0.150056,0,0,-1.44178,-0.193931,0.116755,-0.150056,5333.39,0.0826851,-0.182815,0
3666.54,0.101885,-0.155795,0,0,-1.76534,-0.681375,0.101885,-0.155795,5329.4,0.0498902,-0.149851,0
3678.05,0.0957271,-0.164172,0,0,-0.535079,-0.7279,0.0957271,-0.164172,5324.69,0.104385,-0.132599,0
3685.99,0.0870155,-0.172569,0,0,-1.0976,-1.05793,0.0870155,-0.172569,5318.28,0.0780652,-0.196153,0
3698.52,0.0866651,-0.177091,0,0,-0.0279453,-0.360712,0.0866651,-0.177091,5311.21,0.0601291,-0.215779,0
3707.21,0.0822648,-0.176782,0,0,-0.506538,0.0356243,0.0822648,-0.176782,5305.19,0.0832111,-0.215635,0
3717.97,0.0776213,-0.169374,0,0,-0.431554,0.688489,0.0776213,-0.169374,5299.74,0.117236,-0.25063,0
3726.46,0.0693262,-0.151171,0,0,-0.976703,2.14328,0.0693262,-0.151171,5292.17,0.0904175,-0.198401,0
3738.44,0.0671159,-0.122516,0,0,-0.184606,2.39334,0.0671159,-0.122516,5281.29,0.020229,-0.0675846,0
3745.85,0.0549163,-0.0937249,0,0,-1.64503,3.88222,0.0549163,-0.0937249,5269.37,0.0201269,0.093095,0
3758.03,0.0513045,-0.0754158,0,0,-0.29649,1.50297,0.0513045,-0.0754158,5259.46,0.0122383,0.0270184,0
3767.5,0.050628,-0.0686049,0,0,-0.0714823,0.719659,0.050628,-0.0686049,5252.47,0.0489063,-0.0344677,0
3779.45,0.0452158,-0.067862,0,0,-0.452785,0.0621532,0.0452158,-0.067862,5247.56,0.0487066,-0.00783273,0
3787.7,0.047799,-0.0694116,0,0,0.313148,-0.187845,0.047799,-0.0694116,5243.8,0.0671747,-0.0833832,0
3798.15,0.0478284,-0.0722221,0,0,0.00281278,-0.269032,0.0478284,-0.0722221,5240.97,0.0391239,-0.0672808,0
3806.5,0.0424674,-0.0747276,0,0,-0.641955,-0.30002,0.0424674,-0.0747276,5238.93,0.0518733,-0.0832802,0
3817.97,0.036431,-0.0758834,0,0,-0.526323,-0.100775,0.036431,-0.0758834,5237.16,-0.0207851,-0.149158,0
3826.52,0.0286277,-0.0756558,0,0,-0.911925,0.0265943,0.0286277,-0.0756558,5235.14,0.0266328,-0.0621107,0
3837.93,0.0128749,-0.0735764,0,0,-1.38121,0.182324,0.0128749,-0.0735764,5232.8,-0.0359926,-0.0834219,0
3846.51,-0.00285134,-0.0685334,0,0,-1.83183,0.587419,-0.00285134,-0.0685334,5230.58,0.0255471,-0.0964147,0
3858.88,-0.005509,-0.0601875,0,0,-0.214917,0.674909,-0.005509,-0.0601875,5228.5,0.0103803,-0.0257286,0
3866.5,-0.00555449,-0.047528,0,0,-0.00597226,1.66222,-0.00555449,-0.047528,5225.49,-0.0310026,-0.0153252,0
3877.97,0.00948603,-0.0286946,0,0,1.31061,1.64111,0.00948603,-0.0286946,5220.69,-0.0235771,0.0601245,0
3890.73,0.0383384,-0.00740517,0,0,2.26098,1.66832,0.0383384,-0.00740517,5214.98,0.077526,0.062138,0
3898.59,0.0790533,0.011724,0,0,5.18266,2.43497,0.0790533,0.011724,5209.7,0.0797214,0.0797591,0
3910,0.0815413,0.0263226,0,0,0.218051,1.27945,0.0815413,0.0263226,5205.09,0.00148704,-0.0822359,0
3918.48,0.0818418,0.036717,0,0,0.0354224,1.22547,0.0818418,0.036717,5200.98,0.104097,0.0363478,0
3930.58,0.0855632,0.0420163,0,0,0.307582,0.437995,0.0855632,0.0420163,5197.4,0.150001,-0.0989343,0
3938.6,0.0855344,0.0435455,0,0,-0.00359267,0.190704,0.0855344,0.0435455,5194.77,0.0807321,0.0534618,0
3950.05,0.0854979,0.0437752,0,0,-0.00319065,0.0200593,0.0854979,0.0437752,5193.43,0.0966141,0.0811672,0
3958.51,0.0850665,0.0434503,0,0,-0.0509895,-0.0384048,0.0850665,0.0434503,5193.08,0.0582707,0.0351992,0
3970.01,0.0853278,0.041273,0,0,0.0227238,-0.189325,0.0853278,0.041273,5193.38,0.0676061,0.0489529,0
3978.52,0.0908067,0.0333712,0,0,0.643444,-0.927985,0.0908067,0.0333712,5194.78,0.108341,0.074515,0
3990.52,0.118775,0.0152267,0,0,2.33203,-1.51293,0.118775,0.0152267,5198.14,0.221431,-0.0135286,0
3998.95,0.149109,-0.0148436,0,0,3.59748,-3.56621,0.149109,-0.0148436,5204.02,0.185909,-0.0433329,0
4009.8,0.156443,-0.0520314,0,0,0.675819,-3.42682,0.156443,-0.0520314,5212.41,0.161985,-0.110568,0
4018.53,0.165887,-0.0864278,0,0,1.0819,-3.94047,0.165887,-0.0864278,5222.36,0.154889,-0.0797414,0
4030.04,0.174474,-0.110295,0,0,0.746194,-2.074,0.174474,-0.110295,5231.73,0.184028,-0.13976,0
4038.51,0.194088,-0.121678,0,0,2.31406,-1.34286,0.194088,-0.121678,5238.57,0.285786,-0.154732,0
4050.03,0.200409,-0.126963,0,0,0.548721,-0.458843,0.200409,-0.126963,5242.86,0.253151,-0.18653,0
4058.83,0.201219,-0.131257,0,0,0.0920823,-0.488154,0.201219,-0.131257,5246.37,0.232752,-0.190396,0
4070.09,0.20906,-0.13487,0,0,0.6961,-0.320796,0.20906,-0.13487,5251.27,0.186747,-0.171911,0
4078.54,0.194668,-0.136423,0,0,-1.70373,-0.183805,0.194668,-0.136423,5258.4,0.171083,-0.0921198,0
4090.76,0.193786,-0.13179,0,0,-0.0722679,0.379188,0.193786,-0.13179,5266.65,0.200688,-0.0888462,0
4098.61,0.193474,-0.122621,0,0,-0.0396396,1.16749,0.193474,-0.122621,5276.38,0.168063,-0.132058,0
4110.53,0.196736,-0.114035,0,0,0.273559,0.72007,0.196736,-0.114035,5288.95,0.240511,-0.123042,0
4118.07,0.20518,-0.108624,0,0,1.12033,0.71782,0.20518,-0.108624,5302,0.231364,-0.19601,0
4130.06,0.211618,-0.106389,0,0,0.536852,0.186418,0.211618,-0.106389,5312.47,0.188866,-0.0693016,0
4141.95,0.220683,-0.105895,0,0,0.762721,0.0415318,0.220683,-0.105895,5321.17,0.156551,-0.0963848,0
4150.32,0.233782,-0.103593,0,0,1.56495,0.275057,0.233782,-0.103593,5329.47,0.280847,0.0676286,0
4162.02,0.256153,-0.0969197,0,0,1.91193,0.570337,0.256153,-0.0969197,5338.13,0.328374,0.00679091,0
4170.52,0.26695,-0.088283,0,0,1.27024,1.01608,0.26695,-0.088283,5348.84,0.276822,-0.159116,0
4182.83,0.272487,-0.0806422,0,0,0.449586,0.620498,0.272487,-0.0806422,5362.29,0.318411,-0.133784,0
4190.87,0.276116,-0.0751804,0,0,0.451381,0.679333,0.276116,-0.0751804,5376.96,0.182707,-0.0853105,0
4202.02,0.272001,-0.0711827,0,0,-0.369182,0.358692,0.272001,-0.0711827,5390.85,0.246506,-0.042311,0
4211.47,0.266037,-0.0678076,0,0,-0.631079,0.357158,0.266037,-0.0678076,5404.55,0.294404,-0.0487171,0
4222.01,0.265162,-0.065454,0,0,-0.0831046,0.223338,0.265162,-0.065454,5419.55,0.1124,-0.0192933,0
4230.23,0.252719,-0.0642404,0,0,-1.51255,0.147541,0.252719,-0.0642404,5434.11,0.180053,-0.0654785,0
4242.14,0.23476,-0.0625084,0,0,-1.50796,0.14542,0.23476,-0.0625084,5447.24,0.291692,-0.0892143,0
4250.66,0.224382,-0.0603643,0,0,-1.21775,0.251602,0.224382,-0.0603643,5461.35,0.22083,-0.0518997,0
4261.84,0.223912,-0.0593339,0,0,-0.0420245,0.0921667,0.223912,-0.0593339,5477.13,0.244766,-0.00723635,0
4270.53,0.223321,-0.0589734,0,0,-0.0680102,0.0414752,0.223321,-0.0589734,5493,0.144945,-0.0923562,0
4282.9,0.2101,-0.0584853,0,0,-1.06952,0.0394846,0.2101,-0.0584853,5508.2,0.20852,-0.112035,0
4290.73,0.205955,-0.0573604,0,0,-0.5292,0.143617,0.205955,-0.0573604,5521.13,0.203929,-0.019639,0
4302.02,0.205546,-0.0558735,0,0,-0.0361449,0.131672,0.205546,-0.0558735,5530.17,0.2108,-0.118701,0
4310.46,0.20137,-0.0541625,0,0,-0.494741,0.20268,0.20137,-0.0541625,5536.33,0.169481,-0.0374073,0
4322.52,0.201077,-0.0518813,0,0,-0.024307,0.189246,0.201077,-0.0518813,5541.55,0.213078,-0.0246215,0
4330.53,0.201414,-0.0494016,0,0,0.0421043,0.309269,0.201414,-0.0494016,5547.11,0.181358,-0.102928,0
4342.01,0.212381,-0.0469934,0,0,0.955679,0.209867,0.212381,-0.0469934,5553.69,0.231423,-0.0747017,0
4350.74,0.226349,-0.0434831,0,0,1.59965,0.402002,0.226349,-0.0434831,5561.31,0.242677,-0.0380393,0
4362.61,0.226517,-0.0347658,0,0,0.0141998,0.734458,0.226517,-0.0347658,5569.39,0.212072,-0.0548098,0
4370.03,0.225135,-0.0142435,0,0,-0.186256,2.76469,0.225135,-0.0142435,5576.93,0.227025,-0.0645898,0
4382.12,0.214855,0.0187429,0,0,-0.850552,2.72931,0.214855,0.0187429,5584.23,0.155488,0.133897,0
4394.6,0.205114,0.053298,0,0,-0.78077,2.76973,0.205114,0.053298,5593.75,0.2027,0.0672341,0
4402.88,0.203625,0.0762411,0,0,-0.179745,2.76956,0.203625,0.0762411,5606.6,0.206534,0.012054,0
4414.51,0.202622,0.0862486,0,0,-0.0862888,0.86057,0.202622,0.0862486,5620.28,0.191683,0.0876571,0
4422.51,0.202529,0.0906564,0,0,-0.0116293,0.55084,0.202529,0.0906564,5631.42,0.207307,0.132009,0
4434.07,0.205907,0.0931451,0,0,0.292368,0.215374,0.205907,0.0931451,5639.32,0.171668,0.149898,0
4443.69,0.21008,0.0931513,0,0,0.433552,0.000643606,0.21008,0.0931513,5645.64,0.224894,0.107997,0
4454.69,0.209836,0.0914129,0,0,-0.0221087,-0.158081,0.209836,0.0914129,5652.22,0.233966,0.0480264,0
4462.52,0.199027,0.0884057,0,0,-1.38036,-0.384003,0.199027,0.0884057,5660,0.198084,0.0705999,0
4474.61,0.211164,0.0847739,0,0,1.00371,-0.300348,0.211164,0.0847739,5668.83,0.180773,0.162752,0
4483.39,0.212512,0.0804856,0,0,0.153526,-0.488308,0.212512,0.0804856,5678.51,0.158386,0.097436,0
4495.16,0.226929,0.0778169,0,0,1.22478,-0.226716,0.226929,0.0778169,5688.49,0.251359,0.146832,0
4502.01,0.247149,0.0777056,0,0,2.95264,-0.0162562,0.247149,0.0777056,5696.61,0.228639,0.0601471,0
4514,0.247899,0.0799701,0,0,0.0626054,0.188833,0.247899,0.0799701,5701.82,0.294504,0.0727348,0
4523.49,0.247633,0.0834336,0,0,-0.0280226,0.364885,0.247633,0.0834336,5705.76,0.258059,0.0277131,0
4535.3,0.24485,0.0858384,0,0,-0.235855,0.203779,0.24485,0.0858384,5710.15,0.176767,0.108247,0
4542.42,0.233515,0.0869195,0,0,-1.59157,0.151801,0.233515,0.0869195,5715.74,0.178353,0.0702747,0
4554.51,0.232977,0.0878617,0,0,-0.0444803,0.077915,0.232977,0.0878617,5723.14,0.248572,0.107275,0
4562.61,0.233933,0.0882881,0,0,0.118067,0.0526502,0.233933,0.0882881,5732.37,0.178765,0.169704,0
4574.53,0.256472,0.0883188,0,0,1.89036,0.00257466,0.256472,0.0883188,5742.88,0.333413,0.0792123,0
4582.5,0.264296,0.0855941,0,0,0.98203,-0.342,0.264296,0.0855941,5753.96,0.289386,0.10884,0
4594.73,0.264911,0.0791065,0,0,0.0502396,-0.530253,0.264911,0.0791065,5763.96,0.264207,0.100452,0
4602.54,0.265396,0.0689849,0,0,0.0621107,-1.29614,0.265396,0.0689849,5771.6,0.264963,0.0568942,0
4613.94,0.265672,0.056911,0,0,0.0242264,-1.0593,0.265672,0.056911,5777.77,0.21952,0.0420155,0
4622.52,0.266213,0.0456598,0,0,0.0631532,-1.31194,0.266213,0.0456598,5783.93,0.321314,0.0425621,0
4635.77,0.266919,0.0374547,0,0,0.0532833,-0.619208,0.266919,0.0374547,5790.68,0.231175,0.0031677,0
4645.87,0.274662,0.0334834,0,0,0.766635,-0.393241,0.274662,0.0334834,5797.78,0.3641,-0.0456616,0
4654.49,0.291036,0.0329549,0,0,1.89958,-0.0613091,0.291036,0.0329549,5804.14,0.351056,-0.135399,0
4666.53,0.291657,0.0346609,0,0,0.0515353,0.141648,0.291657,0.0346609,5809.27,0.286199,-0.0571723,0
4674.6,0.291072,0.0413658,0,0,-0.0724103,0.830639,0.291072,0.0413658,5813.45,0.303412,-0.000426977,0
4685.94,0.284332,0.0545447,0,0,-0.594342,1.16216,0.284332,0.0545447,5816.85,0.253438,0.08754,0
4695.01,0.275586,0.0691808,0,0,-0.964405,1.61386,0.275586,0.0691808,5820.1,0.222208,0.0608236,0
4706.63,0.271006,0.0781481,0,0,-0.394109,0.771651,0.271006,0.0781481,5824.66,0.282173,0.176436,0
4714.55,0.268555,0.0803678,0,0,-0.309771,0.280478,0.268555,0.0803678,5830.92,0.262494,0.157995,0
4726.52,0.268096,0.0765974,0,0,-0.0383214,-0.314915,0.268096,0.0765974,5837.03,0.267579,0.156399,0
4734.11,0.259173,0.0629667,0,0,-1.17604,-1.79658,0.259173,0.0629667,5841.08,0.130634,0.170245,0
4746.53,0.259452,0.040245,0,0,0.0224742,-1.82915,0.259452,0.040245,5843.22,0.236829,-0.00426514,0
4754.64,0.25078,0.018568,0,0,-1.06935,-2.67287,0.25078,0.018568,5844.51,0.25094,-0.0307541,0
4766,0.24715,0.00712569,0,0,-0.319548,-1.00733,0.24715,0.00712569,5845.42,0.284805,-0.0906015,0
4775.48,0.240765,0.00385665,0,0,-0.673521,-0.344799,0.240765,0.00385665,5845.95,0.21316,-0.0375005,0
4786.59,0.228843,0.00442582,0,0,-1.07347,0.0512487,0.228843,0.00442582,5846.19,0.287098,-0.0305009,0
4794.51,0.228119,0.0087212,0,0,-0.0913478,0.54214,0.228119,0.0087212,5846.46,0.203623,0.0090362,0
4806.55,0.227727,0.015782,0,0,-0.0324999,0.58635,0.227727,0.015782,5846.85,0.203193,0.0798275,0
4814.52,0.225596,0.0237009,0,0,-0.267397,0.99358,0.225596,0.0237009,5847.29,0.278141,0.150882,0
4826.21,0.208589,0.0317712,0,0,-1.45446,0.690189,0.208589,0.0317712,5848.21,0.26403,0.0983991,0
4834.85,0.235137,0.0418908,0,0,3.07411,1.17179,0.235137,0.0418908,5850.98,0.18842,0.0296301,0
4846.16,0.245127,0.0504181,0,0,0.883322,0.754029,0.245127,0.0504181,5857.03,0.0976389,0.0376079,0
4854.72,0.246222,0.0552076,0,0,0.127845,0.559128,0.246222,0.0552076,5865.31,0.319714,-0.00372279,0
4866.57,0.267394,0.0576602,0,0,1.78682,0.20699,0.267394,0.0576602,5872.35,0.222988,0.0845414,0
4874.49,0.273751,0.059604,0,0,0.803213,0.245613,0.273751,0.059604,5876.25,0.333366,0.0745311,0
4886.52,0.296413,0.0649818,0,0,1.88379,0.447032,0.296413,0.0649818,5878.3,0.309831,0.100412,0
4898.88,0.2704,0.0723576,0,0,-2.10358,0.596461,0.2704,0.0723576,5880.35,0.236095,0.0161988,0
4906.03,0.27157,0.0818467,0,0,0.16371,1.32788,0.27157,0.0818467,5883.1,0.285122,0.0768296,0
4918.01,0.256871,0.0900217,0,0,-1.22692,0.682386,0.256871,0.0900217,5886.8,0.256421,-0.00101779,0
4926.53,0.256532,0.0969194,0,0,-0.0398303,0.809217,0.256532,0.0969194,5892.11,0.257968,0.119849,0
4938.99,0.270763,0.103347,0,0,1.14229,0.515897,0.270763,0.103347,5899.12,0.251208,0.12724,0
4947.61,0.274619,0.109893,0,0,0.447268,0.759367,0.274619,0.109893,5906.38,0.283886,0.203958,0
4958.02,0.303713,0.116492,0,0,2.79616,0.634287,0.303713,0.116492,5912.46,0.340318,0.125338,0
4966.61,0.329827,0.117306,0,0,3.03836,0.0945941,0.329827,0.117306,5912.46,0.320315,0.102201,0
4978.65,0.348884,0.117898,0,0,1.58366,0.0492648,0.348884,0.117898,5912.46,0.358083,0.086707,0
4986.55,0.348884,0.117898,0,0,0,0,0.348884,0.117898,5912.46,0.390773,0.123397,0
