Resolution,1920,1080,Distance,58.8,Width,48.5,Subject,01036,Test,TOPTVD-03082018-105857,Calibration,CC9-03082018-105735,Oscann, 4.0.11,libTracker, 1.0.9,crtime, 12082018-124243
Time(ms),GazeX(deg),GazeY(deg),StimulusX(deg),StimulusY(deg),GazeVelX(deg/s),GazeVelY(deg/s),ErrorX(deg),ErrorY(deg),PupilArea(px^2),GazeRawX(deg),GazeRawY(deg),Blinks
0,0.14839,-0.840678,0,0,0,0,0.14839,-0.840678,5858.48,0.894829,-2.09562,0
12.983,0.14839,-0.840678,0,0,0,0,0.14839,-0.840678,5858.48,-0.572539,0.425576,0
19.848,-0.55355,0.361236,0,0,-102.249,175.078,-0.55355,0.361236,5858.48,-0.634866,0.378879,0
34.372,-0.590924,0.423836,0,0,-2.57327,4.31013,-0.590924,0.423836,5858.48,-0.580107,0.423269,0
41.893,-0.5978,0.427032,0,0,-0.914239,0.424862,-0.5978,0.427032,5811.49,-0.59464,0.424567,0
53.931,-0.602204,0.439821,0,0,-0.365862,1.06241,-0.602204,0.439821,5802.37,-0.602177,0.470208,0
60.808,-0.595407,0.442699,0,0,0.988377,0.41846,-0.595407,0.442699,5801.63,-0.586203,0.460623,0
74.154,-0.59485,0.442775,0,0,0.0417578,0.0057496,-0.59485,0.442775,5801.63,-0.604957,0.448056,0
80.502,-0.588936,0.441675,0,0,0.931606,-0.173328,-0.588936,0.441675,5801.61,-0.570954,0.428854,0
93.473,-0.583656,0.429785,0,0,0.407081,-0.916685,-0.583656,0.429785,5801.52,-0.538404,0.361456,0
104.159,-0.583435,0.429263,0,0,0.0206877,-0.0487877,-0.583435,0.429263,5801.22,-0.57838,0.42617,0
115.589,-0.583659,0.42944,0,0,-0.0196217,0.0154211,-0.583659,0.42944,5800.48,-0.587802,0.416631,0
122.918,-0.588895,0.433892,0,0,-0.714483,0.607425,-0.588895,0.433892,5799.11,-0.590371,0.449467,0
134.118,-0.592484,0.444242,0,0,-0.320383,0.924147,-0.592484,0.444242,5797.3,-0.627086,0.458812,0
144.072,-0.601289,0.448942,0,0,-0.884629,0.472176,-0.601289,0.448942,5795.22,-0.591379,0.41609,0
153.944,-0.608207,0.452942,0,0,-0.700737,0.405187,-0.608207,0.452942,5792.74,-0.593483,0.455212,0
164.776,-0.608173,0.454743,0,0,0.00315022,0.166298,-0.608173,0.454743,5789.17,-0.625886,0.4491,0
174.791,-0.607593,0.45288,0,0,0.0579487,-0.186104,-0.607593,0.45288,5783.18,-0.596608,0.45372,0
186.324,-0.609377,0.44914,0,0,-0.154745,-0.324236,-0.609377,0.44914,5774.21,-0.617204,0.459073,0
195.718,-0.617999,0.43126,0,0,-0.917806,-1.90336,-0.617999,0.43126,5763.47,-0.593227,0.412477,0
206.016,-0.623357,0.403562,0,0,-0.520251,-2.68962,-0.623357,0.403562,5752.7,-0.635971,0.36885,0
216.521,-0.636286,0.37626,0,0,-1.2308,-2.599,-0.636286,0.37626,5742.84,-0.651028,0.352818,0
225.358,-0.642319,0.343181,0,0,-0.682617,-3.74324,-0.642319,0.343181,5734.39,-0.659186,0.278818,0
232.092,-0.647264,0.313142,0,0,-0.734353,-4.46076,-0.647264,0.313142,5727.17,-0.65109,0.299741,0
244.704,-0.645599,0.294673,0,0,0.131956,-1.46437,-0.645599,0.294673,5718.65,-0.639622,0.279178,0
254.199,-0.640433,0.284057,0,0,0.544117,-1.11815,-0.640433,0.284057,5703.33,-0.585768,0.296526,0
264.669,-0.64054,0.272335,0,0,-0.0102271,-1.11956,-0.64054,0.272335,5674.66,-0.643508,0.267248,0
274.528,-0.627926,0.240523,0,0,1.27943,-3.22669,-0.627926,0.240523,5629.09,-0.603933,0.215159,0
285.843,-0.615542,0.18372,0,0,1.09454,-5.02017,-0.615542,0.18372,5568.69,-0.634192,0.150753,0
297.334,-0.614625,0.153555,0,0,0.0797753,-2.62511,-0.614625,0.153555,5498.32,-0.619982,0.129154,0
306.785,-0.606177,0.150089,0,0,0.893839,-0.366727,-0.606177,0.150089,5418.94,-0.578937,0.0875599,0
315.319,-0.585214,0.140816,0,0,2.4564,-1.08651,-0.585214,0.140816,5325.95,-0.59784,0.154302,0
324.082,-0.567823,0.133961,0,0,1.98467,-0.782254,-0.567823,0.133961,5215.96,-0.561485,0.148235,0
333.279,-0.558113,0.128714,0,0,1.05577,-0.57052,-0.558113,0.128714,5089.83,-0.511555,0.098487,0
344.055,-0.557729,0.112539,0,0,0.0356458,-1.50106,-0.557729,0.112539,4953.25,-0.484518,0.0882881,0
354.704,-0.560122,0.0976705,0,0,-0.22476,-1.39623,-0.560122,0.0976705,4818.46,-0.556683,0.0940067,0
367.092,-0.561505,0.0961632,0,0,-0.111653,-0.121678,-0.561505,0.0961632,4695.74,-0.587532,0.00740601,0
375.601,-0.591063,0.0732823,0,0,-3.47374,-2.68902,-0.591063,0.0732823,4582.96,-0.689055,-0.0320201,0
387.985,-0.603458,0.00657421,0,0,-1.00087,-5.38664,-0.603458,0.00657421,4471.81,-0.742762,0.270498,0
402.068,-0.613289,-0.0623581,0,0,-0.69809,-4.89472,-0.613289,-0.0623581,4363.82,-0.59554,-0.132008,0
412.13,-0.58286,-0.134227,0,0,3.0242,-7.14264,-0.58286,-0.134227,4264.57,-0.466387,-0.332504,0
419.306,-0.547913,-0.18325,0,0,4.86993,-6.83149,-0.547913,-0.18325,4166.58,-0.419888,-0.379208,0
425.675,-0.545756,-0.186275,0,0,0.338636,-0.474919,-0.545756,-0.186275,4058.53,-0.516133,-0.189101,0
436.895,-0.531265,-0.208975,0,0,1.29159,-2.02319,-0.531265,-0.208975,3943.85,-0.568905,-0.180792,0
443.993,-0.554204,-0.208481,0,0,-3.23175,0.0696064,-0.554204,-0.208481,3840.69,-0.65136,-0.147954,0
457.875,-0.61391,-0.206414,0,0,-4.30101,0.148895,-0.61391,-0.206414,3761.42,-0.57737,-0.483565,0
464.804,-0.672408,-0.297121,0,0,-8.44242,-13.091,-0.672408,-0.297121,3700.8,-0.721227,-0.264277,0
476.604,-0.703287,-0.427833,0,0,-2.61686,-11.0773,-0.703287,-0.427833,3650.75,-0.725511,-0.509616,0
485.876,-0.716377,-0.518415,0,0,-1.41184,-9.76938,-0.716377,-0.518415,3607.13,-0.694479,-0.548075,0
496.029,-0.730607,-0.620006,0,0,-1.40149,-10.0061,-0.730607,-0.620006,3563.5,-0.753202,-0.692525,0
506.612,-0.689371,-0.735266,0,0,3.89641,-10.891,-0.689371,-0.735266,3516.04,-0.641494,-0.781305,0
516.899,-0.644783,-0.795189,0,0,4.33445,-5.82517,-0.644783,-0.795189,3468.08,-0.649688,-0.837618,0
523.954,-0.633301,-0.847866,0,0,1.62748,-7.46657,-0.633301,-0.847866,3422.38,-0.589136,-0.919937,0
536.59,-0.607027,-0.902676,0,0,2.07929,-4.33765,-0.607027,-0.902676,3377.07,-0.622989,-0.88601,0
544.821,-0.595859,-0.952722,0,0,1.35675,-6.0802,-0.595859,-0.952722,3331.68,-0.597621,-0.983633,0
557.049,-0.607205,-1.02931,0,0,-0.927846,-6.2635,-0.607205,-1.02931,3289.26,-0.609094,-1.16224,0
564.595,-0.625484,-1.14605,0,0,-2.42241,-15.4695,-0.625484,-1.14605,3251.43,-0.650679,-1.28096,0
578.865,-0.638723,-1.257,0,0,-0.927711,-7.77522,-0.638723,-1.257,3215.85,-0.660171,-1.29598,0
587.053,-0.632965,-1.31486,0,0,0.703252,-7.06707,-0.632965,-1.31486,3181.09,-0.561994,-1.33743,0
596.166,-0.63122,-1.37946,0,0,0.19142,-7.0881,-0.63122,-1.37946,3149.35,-0.638904,-1.42799,0
606.741,-0.640694,-1.44199,0,0,-0.895842,-5.9135,-0.640694,-1.44199,3121.28,-0.658326,-1.45435,0
617.083,-0.650012,-1.50509,0,0,-0.900982,-6.10146,-0.650012,-1.50509,3095.14,-0.65722,-1.5531,0
624.007,-0.661995,-1.58131,0,0,-1.73064,-11.0077,-0.661995,-1.58131,3070.3,-0.682234,-1.66435,0
636.651,-0.67178,-1.66423,0,0,-0.773924,-6.55821,-0.67178,-1.66423,3045.17,-0.618305,-1.87554,0
648.601,-0.677539,-1.74666,0,0,-0.481939,-6.89745,-0.677539,-1.74666,3018.47,-0.680199,-1.7739,0
658.722,-0.651746,-1.82815,0,0,2.54848,-8.05164,-0.651746,-1.82815,2994.64,-0.584172,-1.88704,0
670.099,-0.62518,-1.90437,0,0,2.33507,-6.69947,-0.62518,-1.90437,2978.69,-0.620668,-1.96521,0
677.844,-0.635399,-2.00359,0,0,-1.31936,-12.8114,-0.635399,-2.00359,2967.9,-0.687345,-2.19224,0
690.535,-0.654152,-2.14189,0,0,-1.47774,-10.897,-0.654152,-2.14189,2955.71,-0.678441,-2.23602,0
701.896,-0.654653,-2.14782,0,0,-0.0440536,-0.522593,-0.654653,-2.14782,2939.54,-0.671342,-2.26589,0
708.01,-0.646662,-2.14134,0,0,1.30698,1.0608,-0.646662,-2.14134,2920.95,-0.625141,-2.23027,0
718.335,-0.616177,-1.94822,0,0,2.95258,18.7034,-0.616177,-1.94822,2901.38,-0.457442,-1.22918,0
729.801,-0.506383,-1.24348,0,0,9.5756,61.4636,-0.506383,-1.24348,2882.16,-0.377716,-0.31566,0
738.098,-0.424257,-0.476544,0,0,9.89824,92.4356,-0.424257,-0.476544,2867.02,-0.427072,0.0622818,0
750.873,-0.430847,-0.18974,0,0,-0.515817,22.4504,-0.430847,-0.18974,2858.57,-0.417483,-0.0661177,0
758.049,-0.431311,-0.178546,0,0,-0.0647443,1.55997,-0.431311,-0.178546,2854.75,-0.41669,-0.218738,0
770.288,-0.43199,-0.18007,0,0,-0.0554883,-0.124511,-0.43199,-0.18007,2852.11,-0.448753,-0.21474,0
779.029,-0.430729,-0.217945,0,0,0.144306,-4.33299,-0.430729,-0.217945,2849,-0.427753,-0.222164,0
790.607,-0.434559,-0.255722,0,0,-0.330812,-3.26286,-0.434559,-0.255722,2845.45,-0.379198,-0.422596,0
800.725,-0.425753,-0.337935,0,0,0.87033,-8.12539,-0.425753,-0.337935,2842.31,-0.457831,-0.353076,0
808.102,-0.399138,-0.416623,0,0,3.60784,-10.6667,-0.399138,-0.416623,2839.77,-0.367465,-0.474366,0
816.396,-0.376519,-0.465462,0,0,2.72713,-5.88845,-0.376519,-0.465462,2836.94,-0.389656,-0.48525,0
830.899,-0.354612,-0.471485,0,0,1.51057,-0.415322,-0.354612,-0.471485,2833.36,-0.351178,-0.606136,0
837.542,-0.349053,-0.517185,0,0,0.836705,-6.87944,-0.349053,-0.517185,2830.05,-0.361927,-0.597358,0
848.867,-0.357828,-0.57454,0,0,-0.77477,-5.06442,-0.357828,-0.57454,2827.96,-0.47654,-0.360284,0
858.925,-0.367302,-0.636943,0,0,-0.941961,-6.20437,-0.367302,-0.636943,2826.85,-0.373005,-0.674506,0
870.241,-0.372364,-0.676568,0,0,-0.447337,-3.50165,-0.372364,-0.676568,2826.21,-0.389628,-0.666219,0
876.75,-0.361167,-0.801586,0,0,1.72016,-19.2069,-0.361167,-0.801586,2825.66,-0.283362,-0.931712,0
888.715,-0.362711,-0.968485,0,0,-0.129041,-13.949,-0.362711,-0.968485,2824.81,-0.268327,-1.03215,0
902.727,-0.330446,-1.03652,0,0,2.30271,-4.85536,-0.330446,-1.03652,2823.34,-0.295349,-1.07712,0
912.628,-0.301602,-1.07303,0,0,2.91317,-3.68736,-0.301602,-1.07303,2821.55,-0.392996,-1.09833,0
920.025,-0.304537,-1.11854,0,0,-0.396753,-6.15272,-0.304537,-1.11854,2819.77,-0.222722,-1.19941,0
928.128,-0.306481,-1.1203,0,0,-0.239917,-0.216933,-0.306481,-1.1203,2817.68,-0.316118,-1.21594,0
941.05,-0.34996,-1.10952,0,0,-3.3647,0.833834,-0.34996,-1.10952,2814.66,-0.294072,-1.25885,0
948.32,-0.441106,-0.938323,0,0,-12.5373,23.5487,-0.441106,-0.938323,2810.66,-0.556663,-0.753778,0
960.071,-0.739949,-0.463566,0,0,-25.4313,40.4014,-0.739949,-0.463566,2806.01,-0.898304,0.340794,0
970.86,-0.878876,0.112286,0,0,-12.8768,53.374,-0.878876,0.112286,2801.5,-0.815231,0.815488,0
983.49,-0.8531,0.317596,0,0,2.04084,16.2557,-0.8531,0.317596,2798.75,-0.811,0.541586,0
994.76,-0.851314,0.325513,0,0,0.158446,0.702538,-0.851314,0.325513,2798.5,-0.833862,0.446803,0
1003.85,-0.841621,0.320582,0,0,1.06614,-0.542377,-0.841621,0.320582,2801.02,-0.840325,0.208865,0
1009.15,-0.830656,0.22865,0,0,2.07008,-17.3555,-0.830656,0.22865,2806.82,-0.746519,0.15988,0
1022.5,-0.803971,0.196022,0,0,1.99838,-2.44348,-0.803971,0.196022,2814.7,-0.803877,0.115659,0
1030.3,-0.7918,0.182598,0,0,1.56025,-1.72079,-0.7918,0.182598,2822.18,-0.778481,0.238437,0
1042.72,-0.796881,0.134098,0,0,-0.409184,-3.90595,-0.796881,0.134098,2827.91,-0.817761,0.087485,0
1048.72,-0.792817,0.061585,0,0,0.677717,-12.0915,-0.792817,0.061585,2831.8,-0.758269,-0.0127428,0
1060.11,-0.784151,-0.00845174,0,0,0.760861,-6.14951,-0.784151,-0.00845174,2834.66,-0.748821,-0.131949,0
1070.64,-0.795024,-0.0788794,0,0,-1.03229,-6.68638,-0.795024,-0.0788794,2838.09,-0.76956,-0.178973,0
1082.59,-0.800572,-0.111586,0,0,-0.464139,-2.73654,-0.800572,-0.111586,2844.22,-0.821229,-0.0497341,0
1092.45,-0.802312,-0.121837,0,0,-0.176625,-1.04006,-0.802312,-0.121837,2853.62,-0.866515,-0.101285,0
1102.77,-0.804587,-0.135237,0,0,-0.220321,-1.2978,-0.804587,-0.135237,2864.22,-0.793206,-0.185828,0
1109.08,-0.804724,-0.140569,0,0,-0.02164,-0.845057,-0.804724,-0.140569,2875.26,-0.883899,-0.117328,0
1122.49,-0.804583,-0.254853,0,0,0.0105093,-8.52609,-0.804583,-0.254853,2890.15,-0.797744,-0.353402,0
1131.75,-0.78139,-0.397401,0,0,2.50216,-15.379,-0.78139,-0.397401,2909.64,-0.733197,-0.449105,0
1140.54,-0.771697,-0.488388,0,0,1.10308,-10.3535,-0.771697,-0.488388,2926.84,-0.779241,-0.591248,0
1154.6,-0.77642,-0.546869,0,0,-0.335912,-4.15912,-0.77642,-0.546869,2936.3,-0.787035,-0.532505,0
1160.53,-0.781318,-0.576245,0,0,-0.826913,-4.95959,-0.781318,-0.576245,2940.38,-0.794551,-0.524238,0
1174.44,-0.789151,-0.59711,0,0,-0.562926,-1.49939,-0.789151,-0.59711,2943.55,-0.750361,-0.680375,0
1181.24,-0.79947,-0.615145,0,0,-1.51774,-2.6526,-0.79947,-0.615145,2947.71,-0.831057,-0.769601,0
1192.34,-0.807853,-0.66187,0,0,-0.755497,-4.2109,-0.807853,-0.66187,2953.21,-0.886446,-0.615639,0
1202.46,-0.826282,-0.732906,0,0,-1.82062,-7.01803,-0.826282,-0.732906,2960.87,-0.856174,-0.588236,0
1214.55,-0.837842,-0.802855,0,0,-0.956377,-5.78668,-0.837842,-0.802855,2971.79,-0.784321,-0.843135,0
1220.23,-0.840206,-0.865231,0,0,-0.416243,-10.9835,-0.840206,-0.865231,2985.17,-0.852247,-0.891272,0
1234.11,-0.844216,-0.93111,0,0,-0.288896,-4.74637,-0.844216,-0.93111,2997.76,-0.848721,-1.05897,0
1241.71,-0.844698,-0.933864,0,0,-0.063345,-0.362175,-0.844698,-0.933864,3006.81,-0.885994,-1.07952,0
1254.29,-0.853356,-0.93037,0,0,-0.688148,0.277702,-0.853356,-0.93037,3012.16,-0.847626,-1.07763,0
1261.42,-0.893785,-0.851883,0,0,-5.6703,11.008,-0.893785,-0.851883,3014.88,-0.880611,-0.446497,0
1274.84,-0.970795,-0.485468,0,0,-5.74142,27.3179,-0.970795,-0.485468,3016.11,-1.02085,0.167376,0
1284.91,-1.00256,-0.23856,0,0,-3.15292,24.5046,-1.00256,-0.23856,3016.89,-1.00764,0.0187333,0
1294.93,-1.00393,-0.228392,0,0,-0.136093,1.01508,-1.00393,-0.228392,3018.16,-0.983429,-0.233426,0
1303.17,-1.00729,-0.23193,0,0,-0.407891,-0.429479,-1.00729,-0.23193,3021.45,-0.998015,-0.267998,0
1311.98,-1.02279,-0.321475,0,0,-1.7604,-10.1663,-1.02279,-0.321475,3028.69,-0.968407,-0.423542,0
1322.24,-1.03504,-0.385091,0,0,-1.19347,-6.19982,-1.03504,-0.385091,3039.98,-1.04202,-0.455893,0
1333.85,-1.0254,-0.408143,0,0,0.829762,-1.98501,-1.0254,-0.408143,3053.48,-1.06497,-0.272547,0
1339.98,-1.0279,-0.439359,0,0,-0.406968,-5.08897,-1.0279,-0.439359,3068.06,-1.13879,-0.366272,0
1353.16,-1.03551,-0.517008,0,0,-0.578025,-5.89413,-1.03551,-0.517008,3083.91,-1.02816,-0.575899,0
1360.77,-1.03982,-0.623005,0,0,-0.565682,-13.9212,-1.03982,-0.623005,3099.81,-1.01509,-0.675466,0
1372.98,-1.04315,-0.711298,0,0,-0.272511,-7.23482,-1.04315,-0.711298,3112.02,-1.07183,-0.749917,0
1382.78,-1.03348,-0.768869,0,0,0.986141,-5.87341,-1.03348,-0.768869,3118.62,-1.02657,-0.810671,0
1395.29,-1.04489,-0.844737,0,0,-0.911654,-6.06168,-1.04489,-0.844737,3122.29,-1.04134,-0.947539,0
1404.43,-1.04717,-0.923503,0,0,-0.249549,-8.62524,-1.04717,-0.923503,3126.56,-1.00169,-0.91297,0
1415.41,-1.05012,-0.944524,0,0,-0.268427,-1.91376,-1.05012,-0.944524,3131.76,-1.08423,-0.978842,0
1426.59,-1.04936,-0.951176,0,0,0.0675068,-0.595235,-1.04936,-0.951176,3135.92,-1.05425,-0.963805,0
1434.14,-1.0501,-0.958578,0,0,-0.0972495,-0.979523,-1.0501,-0.958578,3138.02,-1.04827,-0.922973,0
1446.39,-1.04049,-0.966222,0,0,0.784629,-0.62397,-1.04049,-0.966222,3139.06,-1.02751,-0.96439,0
1454.55,-1.02052,-1.03671,0,0,2.44765,-8.64084,-1.02052,-1.03671,3140.75,-1.00998,-1.10445,0
1467.18,-1.03685,-1.14809,0,0,-1.29259,-8.81848,-1.03685,-1.14809,3144.11,-1.0195,-1.229,0
1474.53,-1.03006,-1.21192,0,0,0.923764,-8.6862,-1.03006,-1.21192,3148.84,-0.971583,-1.2443,0
1487.97,-1.03272,-1.23271,0,0,-0.197867,-1.54682,-1.03272,-1.23271,3154.05,-1.10254,-1.16388,0
1498.04,-1.04502,-1.30851,0,0,-1.22113,-7.52787,-1.04502,-1.30851,3158.88,-1.06458,-1.41681,0
1505.53,-1.05991,-1.39915,0,0,-1.98868,-12.1065,-1.05991,-1.39915,3162.54,-1.08509,-1.38022,0
1512.92,-1.07157,-1.47195,0,0,-1.57794,-9.84539,-1.07157,-1.47195,3164.95,-1.09566,-1.62855,0
1526.07,-1.085,-1.5917,0,0,-1.02172,-9.10971,-1.085,-1.5917,3166.71,-1.04702,-1.6678,0
1534.31,-1.0994,-1.68315,0,0,-1.74503,-11.0862,-1.0994,-1.68315,3168.26,-1.08914,-1.70936,0
1545.4,-1.10087,-1.7259,0,0,-0.132404,-3.8547,-1.10087,-1.7259,3169.42,-1.11071,-1.77895,0
1553.95,-1.10681,-1.76201,0,0,-0.695742,-4.2277,-1.10681,-1.76201,3170.3,-1.19769,-1.77128,0
1567.69,-1.12117,-1.80375,0,0,-1.04501,-3.03799,-1.12117,-1.80375,3171.84,-1.11608,-1.82755,0
1574.96,-1.14004,-1.86766,0,0,-2.59573,-8.7908,-1.14004,-1.86766,3174.31,-1.16448,-1.90623,0
1588.64,-1.15368,-1.9502,0,0,-0.996577,-6.0296,-1.15368,-1.9502,3177.17,-1.1008,-2.08419,0
1596.65,-1.16556,-2.03433,0,0,-1.48342,-10.5058,-1.16556,-2.03433,3179.81,-1.22211,-1.80401,0
1605.49,-1.18131,-2.11024,0,0,-1.78273,-8.59373,-1.18131,-2.11024,3181.91,-1.10993,-2.2833,0
1612.63,-1.22454,-2.11103,0,0,-6.04856,-0.110241,-1.22454,-2.11103,3183.31,-1.10702,-2.27563,0
1626,-1.27967,-2.15404,0,0,-4.12487,-3.21832,-1.27967,-2.15404,3184.3,-1.2742,-2.14149,0
1634.36,-1.3774,-2.17169,0,0,-11.6888,-2.11031,-1.3774,-2.17169,3185.2,-1.84763,-0.61502,0
1643.96,-1.45696,-2.16438,0,0,-8.28711,0.76138,-1.45696,-2.16438,3186.03,-1.45849,-2.3052,0
1656.85,-1.46038,-2.16464,0,0,-0.265127,-0.0200329,-1.46038,-2.16464,3187.19,-1.51712,-2.17207,0
1668.3,-1.46312,-2.18141,0,0,-0.239123,-1.46516,-1.46312,-2.18141,3189.09,-1.43696,-2.18319,0
1675.92,-1.47428,-2.2538,0,0,-1.46436,-9.49853,-1.47428,-2.2538,3191.56,-1.50242,-2.46025,0
1688.61,-1.48466,-2.40922,0,0,-0.818366,-12.2496,-1.48466,-2.40922,3194.66,-1.49346,-2.55918,0
1700.11,-1.49384,-2.52129,0,0,-0.79857,-9.74781,-1.49384,-2.52129,3199.8,-1.73814,-2.5159,0
1709.32,-1.4827,-2.62518,0,0,1.20899,-11.2802,-1.4827,-2.62518,3208.11,-1.49523,-2.8394,0
1718.43,-1.48727,-2.80496,0,0,-0.501572,-19.7365,-1.48727,-2.80496,3218.16,-1.44409,-2.91217,0
1724.03,-1.5011,-3.01148,0,0,-2.46825,-36.8578,-1.5011,-3.01148,3228.26,-1.52962,-3.12383,0
1738.15,-1.49105,-3.12465,0,0,0.712249,-8.01495,-1.49105,-3.12465,3238.31,-1.56777,-3.11656,0
1744.58,-1.47963,-3.17729,0,0,1.77478,-8.18461,-1.47963,-3.17729,3247.65,-1.44546,-3.2274,0
1757.21,-1.50096,-3.24211,0,0,-1.68855,-5.13141,-1.50096,-3.24211,3254.67,-1.47663,-3.33403,0
1766.08,-1.50978,-3.29197,0,0,-0.99397,-5.61943,-1.50978,-3.29197,3258.96,-1.50931,-3.30639,0
1776.09,-1.53288,-3.36422,0,0,-2.30935,-7.22435,-1.53288,-3.36422,3261.92,-1.63073,-3.49925,0
1787.3,-1.57974,-3.45081,0,0,-4.18046,-7.72336,-1.57974,-3.45081,3265.02,-1.63231,-3.48353,0
1798.06,-1.59677,-3.526,0,0,-1.58243,-6.98948,-1.59677,-3.526,3268.9,-1.62979,-3.60616,0
1805.85,-1.6225,-3.60684,0,0,-3.301,-10.37,-1.6225,-3.60684,3273.91,-1.56746,-3.71696,0
1818.77,-1.63734,-3.70183,0,0,-1.14812,-7.35043,-1.63734,-3.70183,3279.8,-1.61645,-3.78899,0
1828.55,-1.63609,-3.78007,0,0,0.127165,-8.00268,-1.63609,-3.78007,3285.07,-1.66832,-3.80648,0
1838.06,-1.63983,-3.87883,0,0,-0.392769,-10.3852,-1.63983,-3.87883,3288.84,-1.60718,-3.95282,0
1846.27,-1.64557,-3.96282,0,0,-0.698741,-10.2329,-1.64557,-3.96282,3291.92,-1.66153,-3.99713,0
1856.07,-1.63814,-3.99351,0,0,0.757774,-3.13284,-1.63814,-3.99351,3294.82,-1.62886,-3.98374,0
1864.13,-1.64135,-4.07304,0,0,-0.398604,-9.86421,-1.64135,-4.07304,3297,-1.67883,-4.14533,0
1876.2,-1.65591,-4.14687,0,0,-1.20596,-6.11756,-1.65591,-4.14687,3298.25,-1.64197,-4.14537,0
1889.4,-1.66387,-4.22281,0,0,-0.602865,-5.74955,-1.66387,-4.22281,3298.9,-1.65937,-4.29804,0
1900.53,-1.67411,-4.30878,0,0,-0.920102,-7.73033,-1.67411,-4.30878,3299.33,-1.68589,-4.3255,0
1908.09,-1.67608,-4.33247,0,0,-0.260611,-3.13096,-1.67608,-4.33247,3299.76,-1.67392,-4.34827,0
1918.45,-1.67803,-4.36767,0,0,-0.189004,-3.39825,-1.67803,-4.36767,3300.39,-1.68909,-4.3928,0
1930.65,-1.6651,-4.45052,0,0,1.06023,-6.78846,-1.6651,-4.45052,3301.97,-1.55009,-4.52418,0
1937.94,-1.62523,-4.46891,0,0,5.4666,-2.52205,-1.62523,-4.46891,3305.4,-1.61913,-4.61142,0
1947.99,-1.59762,-4.47236,0,0,2.74895,-0.34394,-1.59762,-4.47236,3311.06,-1.64366,-4.68559,0
1958.43,-1.57431,-4.43191,0,0,2.23224,3.87308,-1.57431,-4.43191,3318.31,-1.54554,-4.2435,0
1970.44,-1.30224,-3.43601,0,0,22.6589,82.9441,-1.30224,-3.43601,3324.81,-0.82324,-2.48788,0
1979.06,-0.875739,-2.2793,0,0,49.4899,134.22,-0.875739,-2.2793,3328.63,-0.544932,-1.57433,0
1992.74,-0.72223,-1.85756,0,0,11.2181,30.8196,-0.72223,-1.85756,3330.76,-0.481189,-1.39015,0
2001.62,-0.666885,-1.67836,0,0,6.23681,20.1934,-0.666885,-1.67836,3334.2,-0.628217,-1.6803,0
2008.37,-0.652284,-1.67249,0,0,2.1624,0.869651,-0.652284,-1.67249,3341.83,-0.727384,-1.50948,0
2018.67,-0.668362,-1.67152,0,0,-1.56107,0.094046,-0.668362,-1.67152,3354,-0.700032,-1.65161,0
2029.44,-0.680187,-1.68828,0,0,-1.09809,-1.55577,-0.680187,-1.68828,3367.69,-0.656927,-1.74694,0
2038.18,-0.687709,-1.73566,0,0,-0.860407,-5.42034,-0.687709,-1.73566,3380.86,-0.632399,-1.80715,0
2050.61,-0.6874,-1.78892,0,0,0.0248567,-4.285,-0.6874,-1.78892,3393.42,-0.708206,-1.83863,0
2058.93,-0.682552,-1.80704,0,0,0.582597,-2.17676,-0.682552,-1.80704,3404.38,-0.662913,-1.81784,0
2069.85,-0.672123,-1.81162,0,0,0.95478,-0.4192,-0.672123,-1.81162,3413.86,-0.68611,-1.71897,0
2077.39,-0.673452,-1.82689,0,0,-0.176357,-2.02715,-0.673452,-1.82689,3423.52,-0.62384,-1.81247,0
2088.35,-0.661539,-1.83949,0,0,1.08692,-1.14963,-0.661539,-1.83949,3432.69,-0.662785,-1.8846,0
2096.05,-0.664117,-1.87425,0,0,-0.334669,-4.5132,-0.664117,-1.87425,3439.99,-0.69859,-1.85979,0
2111.11,-0.656811,-1.91992,0,0,0.485155,-3.03291,-0.656811,-1.91992,3446.84,-0.644948,-2.02008,0
2118.25,-0.682762,-1.99154,0,0,-3.63099,-10.0214,-0.682762,-1.99154,3455.54,-0.664209,-2.05622,0
2128.27,-0.698387,-2.04855,0,0,-1.55937,-5.68936,-0.698387,-2.04855,3466.43,-0.742206,-2.06086,0
2136.89,-0.705298,-2.0868,0,0,-0.801687,-4.4371,-0.705298,-2.0868,3477.88,-0.671723,-2.10694,0
2148.74,-0.735699,-2.18025,0,0,-2.56743,-7.89205,-0.735699,-2.18025,3488.41,-0.797978,-2.33653,0
2160.41,-0.761479,-2.19442,0,0,-2.20815,-1.21307,-0.761479,-2.19442,3497.77,-0.741973,-2.26685,0
2170.1,-0.774013,-2.19366,0,0,-1.2935,0.077717,-0.774013,-2.19366,3506.13,-0.783862,-2.27842,0
2182.37,-0.781012,-2.16773,0,0,-0.570381,2.11352,-0.781012,-2.16773,3513.44,-0.747975,-1.98711,0
2191.37,-0.858152,-1.56315,0,0,-8.5701,67.1682,-0.858152,-1.56315,3520.55,-0.938441,-1.00412,0
2202.37,-0.999921,-0.968368,0,0,-12.8916,54.0855,-0.999921,-0.968368,3529.01,-1.16863,-0.673757,0
2208.25,-1.13338,-0.886016,0,0,-22.6968,14.0054,-1.13338,-0.886016,3538.99,-1.32649,-0.7572,0
2222.22,-1.20904,-0.876168,0,0,-5.41712,0.705071,-1.20904,-0.876168,3549.81,-1.23726,-1.00725,0
2230.91,-1.21493,-0.878124,0,0,-0.677177,-0.224999,-1.21493,-0.878124,3560.93,-1.40332,-0.530201,0
2241.42,-1.23569,-0.93825,0,0,-1.97612,-5.72347,-1.23569,-0.93825,3571.71,-1.27753,-0.982847,0
2251,-1.25085,-1.02573,0,0,-1.58282,-9.13217,-1.25085,-1.02573,3580.81,-1.24433,-1.06049,0
2259.96,-1.25664,-1.06973,0,0,-0.64529,-4.90812,-1.25664,-1.06973,3587.16,-1.27012,-1.07743,0
2270.52,-1.24829,-1.13001,0,0,0.791145,-5.70962,-1.24829,-1.13001,3590.95,-1.23583,-1.18025,0
2285.67,-1.22803,-1.20752,0,0,1.33708,-5.11503,-1.22803,-1.20752,3593.18,-1.17225,-1.24079,0
2294.35,-1.18195,-1.27663,0,0,5.31231,-7.9673,-1.18195,-1.27663,3594.82,-1.14864,-1.3187,0
2303.68,-1.15282,-1.32268,0,0,3.12216,-4.93554,-1.15282,-1.32268,3596.06,-1.08688,-1.348,0
2308.83,-1.13885,-1.33672,0,0,2.71085,-2.72491,-1.13885,-1.33672,3596.62,-1.1583,-1.31272,0
2322.35,-1.12744,-1.34876,0,0,0.843782,-0.890758,-1.12744,-1.34876,3596.11,-1.23041,-1.34326,0
2331.32,-1.13851,-1.41547,0,0,-1.23328,-7.43458,-1.13851,-1.41547,3593.59,-1.11355,-1.48225,0
2340.08,-1.17005,-1.52124,0,0,-3.60075,-12.075,-1.17005,-1.52124,3587.99,-1.16488,-1.58603,0
2348.01,-1.17757,-1.57603,0,0,-0.948365,-6.91202,-1.17757,-1.57603,3579.53,-1.22342,-1.56531,0
2360.62,-1.17991,-1.59673,0,0,-0.185781,-1.64042,-1.17991,-1.59673,3569.75,-1.23928,-1.60441,0
2369.1,-1.17978,-1.59727,0,0,0.0159084,-0.0641002,-1.17978,-1.59727,3561.06,-1.10468,-1.7225,0
2381.32,-1.16472,-1.58501,0,0,1.23176,1.00331,-1.16472,-1.58501,3555.47,-1.18473,-1.76248,0
2390.36,-0.925592,-1.43024,0,0,26.4671,17.1299,-0.925592,-1.43024,3552.82,-0.69955,-1.2667,0
2402.23,-0.601463,-1.06055,0,0,27.3065,31.1446,-0.601463,-1.06055,3551.51,-0.120653,-0.794718,0
2412.47,-0.545012,-0.815782,0,0,5.51447,23.9106,-0.545012,-0.815782,3550.09,-0.297005,-0.650074,0
2423.52,-0.419011,-0.818465,0,0,11.3956,-0.242601,-0.419011,-0.818465,3547.95,-0.270165,-0.951404,0
2431.98,-0.394995,-0.823094,0,0,2.84082,-0.547576,-0.394995,-0.823094,3545.65,-0.594354,-0.592738,0
2442.72,-0.403099,-0.872876,0,0,-0.75455,-4.6348,-0.403099,-0.872876,3544.37,-0.328999,-1.11941,0
2454.95,-0.428835,-0.902417,0,0,-2.10396,-2.41506,-0.428835,-0.902417,3544.89,-0.440671,-0.910086,0
2461.34,-0.434207,-0.94007,0,0,-0.840399,-5.89057,-0.434207,-0.94007,3547.94,-0.452655,-0.890704,0
2472.79,-0.412211,-1.03806,0,0,1.92103,-8.55786,-0.412211,-1.03806,3553.53,-0.396194,-0.96821,0
2481.21,-0.402033,-1.12678,0,0,1.2089,-10.5384,-0.402033,-1.12678,3560.12,-0.256205,-1.29365,0
2494.49,-0.373818,-1.29666,0,0,2.12545,-12.7967,-0.373818,-1.29666,3567.36,-0.327173,-1.32795,0
2502.48,-0.365127,-1.33872,0,0,1.08733,-5.26234,-0.365127,-1.33872,3576.16,-0.341796,-1.38518,0
2511.96,-0.355398,-1.37468,0,0,1.02655,-3.79439,-0.355398,-1.37468,3585.38,-0.407114,-1.40939,0
2522.51,-0.342563,-1.40376,0,0,1.21578,-2.75462,-0.342563,-1.40376,3593.48,-0.454878,-1.39729,0
2533.62,-0.347815,-1.45103,0,0,-0.472637,-4.25419,-0.347815,-1.45103,3600.84,-0.304707,-1.49568,0
2540.83,-0.371749,-1.5255,0,0,-3.32089,-10.3328,-0.371749,-1.5255,3607.66,-0.370803,-1.63772,0
2553.05,-0.373798,-1.59022,0,0,-0.167719,-5.29691,-0.373798,-1.59022,3613.33,-0.375135,-1.66145,0
2559.97,-0.374591,-1.59286,0,0,-0.114454,-0.380222,-0.374591,-1.59286,3617.92,-0.415981,-1.6816,0
2573.94,-0.391022,-1.58401,0,0,-1.17671,0.633227,-0.391022,-1.58401,3622.32,-0.353616,-1.58635,0
2583.13,-0.376555,-1.40579,0,0,1.57409,19.3916,-0.376555,-1.40579,3627.7,-0.295632,-0.844291,0
2594.02,-0.344792,-1.00448,0,0,2.91749,36.8606,-0.344792,-1.00448,3634.23,-0.283768,-0.443825,0
2603.41,-0.348353,-0.816361,0,0,-0.379208,20.0323,-0.348353,-0.816361,3640.51,-0.3437,-0.683541,0
2612.61,-0.356581,-0.794497,0,0,-0.894342,2.37659,-0.356581,-0.794497,3644.89,-0.282847,-0.87804,0
2622.76,-0.372706,-0.793555,0,0,-1.5882,0.092714,-0.372706,-0.793555,3647.06,-0.419262,-0.880015,0
2632.08,-0.399823,-0.822206,0,0,-2.90891,-3.07351,-0.399823,-0.822206,3648.03,-0.440315,-0.802905,0
2642.84,-0.419677,-0.861557,0,0,-1.84548,-3.65779,-0.419677,-0.861557,3648.97,-0.308263,-0.916693,0
2651.98,-0.426867,-0.890333,0,0,-0.786398,-3.14738,-0.426867,-0.890333,3650.52,-0.427202,-0.898451,0
2664.33,-0.443417,-0.896337,0,0,-1.34088,-0.486409,-0.443417,-0.896337,3652.93,-0.453283,-1.05669,0
2674.9,-0.503407,-0.907144,0,0,-5.6755,-1.02244,-0.503407,-0.907144,3656.73,-0.728829,-0.665398,0
2685.68,-0.511124,-0.939154,0,0,-0.715733,-2.96905,-0.511124,-0.939154,3661.71,-0.607384,-0.870387,0
2693.94,-0.520713,-1.00482,0,0,-1.16109,-7.95078,-0.520713,-1.00482,3667.38,-0.559312,-0.951989,0
2706.51,-0.512181,-1.12248,0,0,0.678539,-9.35716,-0.512181,-1.12248,3676.24,-0.419853,-1.29044,0
2715.92,-0.449238,-1.32622,0,0,6.68759,-21.6469,-0.449238,-1.32622,3689.08,-0.437453,-1.39227,0
2723.99,-0.445713,-1.38366,0,0,0.437042,-7.12351,-0.445713,-1.38366,3700.8,-0.486044,-1.46537,0
2734.01,-0.449773,-1.41088,0,0,-0.404836,-2.71452,-0.449773,-1.41088,3707.5,-0.552706,-1.35349,0
2745.98,-0.457954,-1.44506,0,0,-0.683573,-2.85575,-0.457954,-1.44506,3710.1,-0.462426,-1.56091,0
2755.71,-0.464342,-1.48469,0,0,-0.656638,-4.07356,-0.464342,-1.48469,3710.83,-0.508428,-1.44776,0
2767.65,-0.476194,-1.55766,0,0,-0.992273,-6.10932,-0.476194,-1.55766,3710.93,-0.479337,-1.60879,0
2775.43,-0.497206,-1.64043,0,0,-2.70255,-10.6461,-0.497206,-1.64043,3710.87,-0.490933,-1.70377,0
2786.66,-0.514263,-1.68735,0,0,-1.51901,-4.17792,-0.514263,-1.68735,3711.01,-0.556097,-1.64495,0
2792.14,-0.520048,-1.71159,0,0,-1.05548,-4.42287,-0.520048,-1.71159,3711.64,-0.559535,-1.73951,0
2806.66,-0.533981,-1.73844,0,0,-0.959464,-1.84919,-0.533981,-1.73844,3712.98,-0.536687,-1.85591,0
2815.55,-0.549352,-1.79997,0,0,-1.73007,-6.92526,-0.549352,-1.79997,3715.07,-0.594691,-1.74676,0
2824.01,-0.564442,-1.84969,0,0,-1.78349,-5.87654,-0.564442,-1.84969,3717.33,-0.583641,-1.84105,0
2834.88,-0.572621,-1.88266,0,0,-0.752007,-3.03114,-0.572621,-1.88266,3719.18,-0.577408,-1.97471,0
2843.99,-0.588156,-1.96462,0,0,-1.70545,-8.99759,-0.588156,-1.96462,3720.81,-0.557006,-2.07331,0
2854.5,-0.6006,-2.0446,0,0,-1.18477,-7.61493,-0.6006,-2.0446,3722.64,-0.641422,-1.96953,0
2868.53,-0.608022,-2.11474,0,0,-0.528909,-4.99838,-0.608022,-2.11474,3724.82,-0.617869,-2.16186,0
2875.54,-0.619289,-2.1675,0,0,-1.60617,-7.52164,-0.619289,-2.1675,3727.22,-0.65104,-2.17174,0
2888.01,-0.620523,-2.20242,0,0,-0.0989484,-2.80106,-0.620523,-2.20242,3729.28,-0.582845,-2.28199,0
2893.2,-0.609304,-2.28037,0,0,2.15915,-15.0012,-0.609304,-2.28037,3730.42,-0.644468,-2.32251,0
2906.54,-0.606633,-2.43745,0,0,0.200322,-11.7831,-0.606633,-2.43745,3730.76,-0.622922,-2.54791,0
2917.69,-0.601185,-2.58209,0,0,0.488414,-12.9668,-0.601185,-2.58209,3730.72,-0.532602,-2.62934,0
2924.1,-0.549945,-2.63747,0,0,7.99,-8.6354,-0.549945,-2.63747,3730.19,-0.490795,-2.67651,0
2938.28,-0.536749,-2.66879,0,0,0.930548,-2.20823,-0.536749,-2.66879,3728.39,-0.483738,-2.7035,0
2945.01,-0.544043,-2.72683,0,0,-1.08522,-8.63572,-0.544043,-2.72683,3724.95,-0.566441,-2.83178,0
2956.12,-0.54186,-2.83221,0,0,0.196432,-9.48454,-0.54186,-2.83221,3720.74,-0.638775,-2.95211,0
2964.09,-0.57636,-2.93738,0,0,-4.3276,-13.1927,-0.57636,-2.93738,3716.95,-0.62189,-3.0037,0
2976.77,-0.599276,-3.00596,0,0,-1.80655,-5.40629,-0.599276,-3.00596,3714.03,-0.5699,-3.03099,0
2987.41,-0.622566,-3.10422,0,0,-2.19033,-9.24074,-0.622566,-3.10422,3711.9,-0.665808,-3.18061,0
2996.12,-0.651171,-3.17792,0,0,-3.28306,-8.45851,-0.651171,-3.17792,3710.11,-0.631738,-3.27486,0
3006.03,-0.716291,-3.22067,0,0,-6.56851,-4.31295,-0.716291,-3.22067,3707.81,-0.769423,-3.26933,0
3017.87,-0.766524,-3.26354,0,0,-4.24409,-3.62191,-0.766524,-3.26354,3704.6,-0.809901,-3.15926,0
3024.11,-0.770218,-3.27602,0,0,-0.5916,-1.99751,-0.770218,-3.27602,3701.46,-0.820872,-3.28634,0
3038.51,-0.776155,-3.31554,0,0,-0.412333,-2.74514,-0.776155,-3.31554,3699.62,-0.78866,-3.40013,0
3045.97,-0.790272,-3.41167,0,0,-1.89384,-12.8958,-0.790272,-3.41167,3698.82,-0.800274,-3.47904,0
3057.68,-0.799647,-3.49232,0,0,-0.800483,-6.8864,-0.799647,-3.49232,3698.05,-0.801976,-3.53861,0
3065.25,-0.783554,-3.53641,0,0,2.12567,-5.82272,-0.783554,-3.53641,3696.85,-0.691291,-3.59135,0
3076.63,-0.765,-3.58895,0,0,1.62968,-4.61546,-0.765,-3.58895,3695.21,-0.774382,-3.61818,0
3086.9,-0.764214,-3.59119,0,0,0.0765292,-0.217743,-0.764214,-3.59119,3692.92,-0.772674,-3.77273,0
3095.94,-0.768623,-3.59071,0,0,-0.487852,0.0532266,-0.768623,-3.59071,3689.84,-0.747433,-3.85369,0
3106.47,-0.875012,-3.56657,0,0,-10.0948,2.29042,-0.875012,-3.56657,3686.11,-0.940997,-3.33274,0
3117.05,-1.01754,-3.25574,0,0,-13.4814,29.4007,-1.01754,-3.25574,3682.62,-1.08846,-2.61484,0
3123.96,-1.05986,-2.99451,0,0,-6.12616,37.8108,-1.05986,-2.99451,3680.57,-1.36005,-2.4126,0
3138.3,-1.06145,-2.98362,0,0,-0.110597,0.759045,-1.06145,-2.98362,3680.16,-0.996535,-2.95863,0
3143.88,-1.05967,-2.98698,0,0,0.318463,-0.601646,-1.05967,-2.98698,3681.73,-1.10785,-3.04108,0
3157.6,-1.01661,-3.06823,0,0,3.1389,-5.92314,-1.01661,-3.06823,3687.28,-0.959261,-3.24945,0
3170.33,-0.955356,-3.18379,0,0,4.81161,-9.07695,-0.955356,-3.18379,3697.59,-0.912539,-3.22075,0
3177.26,-0.92677,-3.2721,0,0,4.12912,-12.7561,-0.92677,-3.2721,3709.23,-0.89063,-3.31357,0
3188.09,-0.925065,-3.33931,0,0,0.157337,-6.20196,-0.925065,-3.33931,3719.25,-0.944787,-3.36471,0
3195.98,-0.937667,-3.42538,0,0,-1.59774,-10.9132,-0.937667,-3.42538,3728.43,-0.918951,-3.48839,0
3210.73,-0.949579,-3.49866,0,0,-0.807369,-4.96652,-0.949579,-3.49866,3736.4,-0.917185,-3.51892,0
3217.75,-0.965756,-3.5339,0,0,-2.30515,-5.02148,-0.965756,-3.5339,3741.39,-1.06414,-3.61444,0
3228.25,-0.987389,-3.57826,0,0,-2.06148,-4.22687,-0.987389,-3.57826,3743.89,-1.00407,-3.58821,0
3236.98,-1.01472,-3.61841,0,0,-3.12849,-4.59646,-1.01472,-3.61841,3745.26,-1.02027,-3.64067,0
3250.67,-1.04507,-3.69154,0,0,-2.2167,-5.34116,-1.04507,-3.69154,3745.9,-1.07293,-3.76993,0
3258.93,-1.08678,-3.75825,0,0,-5.05057,-8.07668,-1.08678,-3.75825,3746.11,-1.12917,-3.73072,0
3270.15,-1.12391,-3.78227,0,0,-3.31159,-2.14267,-1.12391,-3.78227,3746.68,-1.16297,-3.87973,0
3278.54,-1.15376,-3.81398,0,0,-3.55525,-3.77676,-1.15376,-3.81398,3748.39,-1.1646,-3.82979,0
3290.11,-1.16176,-3.85665,0,0,-0.691414,-3.68845,-1.16176,-3.85665,3751.38,-1.19507,-3.89039,0
3299.91,-1.17458,-3.85713,0,0,-1.30793,-0.0491172,-1.17458,-3.85713,3755.76,-1.23514,-3.95655,0
3309.11,-1.19928,-3.85266,0,0,-2.68408,0.485298,-1.19928,-3.85266,3762.46,-1.15963,-4.07047,0
3316.17,-1.22135,-3.8013,0,0,-3.12769,7.27642,-1.22135,-3.8013,3771.74,-1.23683,-3.50739,0
3330.97,-1.20546,-3.62757,0,0,1.07329,11.7366,-1.20546,-3.62757,3780.84,-1.12064,-3.0963,0
3337.48,-1.1903,-3.52562,0,0,2.32815,15.6504,-1.1903,-3.52562,3786.9,-1.16638,-3.34061,0
3350.21,-1.18966,-3.52146,0,0,0.0499488,0.326515,-1.18966,-3.52146,3790.14,-1.18833,-3.51556,0
3356.31,-1.18983,-3.52238,0,0,-0.0282542,-0.150165,-1.18983,-3.52238,3791.86,-1.18005,-3.54062,0
3370.15,-1.19487,-3.54481,0,0,-0.364004,-1.62087,-1.19487,-3.54481,3792.96,-1.18292,-3.58454,0
3376.78,-1.22197,-3.58278,0,0,-4.08299,-5.72108,-1.22197,-3.58278,3793.19,-1.27003,-3.60316,0
3391.06,-1.25791,-3.60866,0,0,-2.51691,-1.81247,-1.25791,-3.60866,3791.08,-1.24071,-3.70662,0
3402.41,-1.2612,-3.62125,0,0,-0.290303,-1.10946,-1.2612,-3.62125,3786.34,-1.29652,-3.62039,0
3412.46,-1.26896,-3.68212,0,0,-0.772668,-6.05908,-1.26896,-3.68212,3780.78,-1.28964,-3.73553,0
3420.17,-1.24803,-3.78448,0,0,2.7128,-13.2638,-1.24803,-3.78448,3776.45,-1.1512,-3.99428,0
3429.22,-1.23276,-3.88719,0,0,1.68799,-11.3587,-1.23276,-3.88719,3773.93,-1.16411,-3.92694,0
3439.93,-1.2425,-3.9601,0,0,-0.908639,-6.8034,-1.2425,-3.9601,3772.48,-1.24861,-3.97089,0
3450.78,-1.24884,-4.00211,0,0,-0.585014,-3.87466,-1.24884,-4.00211,3771.51,-1.2993,-4.06754,0
3459.97,-1.26323,-4.09756,0,0,-1.56376,-10.376,-1.26323,-4.09756,3770.87,-1.26166,-4.17674,0
3470.61,-1.27448,-4.17613,0,0,-1.05731,-7.3855,-1.27448,-4.17613,3770.4,-1.30197,-4.17316,0
3483.99,-1.27311,-4.2652,0,0,0.101948,-6.65848,-1.27311,-4.2652,3769.78,-1.27779,-4.35163,0
3493.23,-1.24643,-4.37904,0,0,2.88893,-12.323,-1.24643,-4.37904,3768.8,-1.20144,-4.41128,0
3501.22,-1.22824,-4.45389,0,0,2.27633,-9.36914,-1.22824,-4.45389,3767.73,-1.22959,-4.51308,0
3508.13,-1.23443,-4.50641,0,0,-0.89522,-7.59179,-1.23443,-4.50641,3766.92,-1.25228,-4.49839,0
3522.57,-1.23375,-4.56073,0,0,0.0472495,-3.7624,-1.23375,-4.56073,3766.36,-1.18216,-4.70067,0
3532.18,-1.24797,-4.66975,0,0,-1.47978,-11.3488,-1.24797,-4.66975,3765.86,-1.32849,-4.77426,0
3539.96,-1.22723,-4.77235,0,0,2.6669,-13.1928,-1.22723,-4.77235,3765.24,-1.20224,-4.82905,0
3549.33,-1.19455,-4.85851,0,0,3.48564,-9.19049,-1.19455,-4.85851,3764.51,-1.17775,-5.01377,0
3560.07,-1.18054,-4.94396,0,0,1.30531,-7.96097,-1.18054,-4.94396,3763.91,-1.29819,-4.97355,0
3570.96,-1.15818,-4.94991,0,0,2.05223,-0.546023,-1.15818,-4.94991,3763.7,-1.15079,-5.1325,0
3584.32,-1.15098,-4.94607,0,0,0.538875,0.286847,-1.15098,-4.94607,3764.21,-1.09403,-5.16587,0
3595.06,-1.12815,-4.79078,0,0,2.12506,14.4585,-1.12815,-4.79078,3766.4,-1.05836,-4.24669,0
3604.49,-0.942809,-3.53542,0,0,19.6736,133.25,-0.942809,-3.53542,3771.51,-0.77245,-2.42891,0
3614.04,-0.702148,-1.88135,0,0,25.1764,173.038,-0.702148,-1.88135,3780.1,-0.750104,-1.22687,0
3621.16,-0.616271,-1.3377,0,0,12.0749,76.4414,-0.616271,-1.3377,3792.06,-0.651367,-0.452776,0
3628.19,-0.612813,-1.3169,0,0,0.491591,2.95684,-0.612813,-1.3169,3805.74,-0.59952,-1.16598,0
3641.54,-0.608995,-1.32047,0,0,0.286096,-0.268032,-0.608995,-1.32047,3817.6,-0.580928,-1.39605,0
3651.05,-0.58303,-1.39647,0,0,2.72968,-7.98932,-0.58303,-1.39647,3825.44,-0.490501,-1.41737,0
3660.17,-0.558987,-1.4224,0,0,2.63516,-2.84246,-0.558987,-1.4224,3829.91,-0.543403,-1.47013,0
3674.19,-0.551218,-1.45741,0,0,0.554103,-2.49676,-0.551218,-1.45741,3832.23,-0.42921,-1.48616,0
3685.09,-0.538154,-1.50521,0,0,1.19907,-4.38704,-0.538154,-1.50521,3833.11,-0.573762,-1.5328,0
3695.57,-0.53064,-1.54173,0,0,0.717127,-3.48577,-0.53064,-1.54173,3832.98,-0.48185,-1.5613,0
3704.81,-0.532575,-1.57069,0,0,-0.209325,-3.134,-0.532575,-1.57069,3832.02,-0.544778,-1.63136,0
3712.03,-0.537768,-1.60413,0,0,-0.719109,-4.63003,-0.537768,-1.60413,3829.85,-0.540679,-1.63972,0
3722.38,-0.541654,-1.62301,0,0,-0.375256,-1.82361,-0.541654,-1.62301,3826.43,-0.435173,-1.61003,0
3735.22,-0.565445,-1.63149,0,0,-1.85345,-0.660382,-0.565445,-1.63149,3822.9,-0.632688,-1.62169,0
3740.41,-0.61401,-1.65036,0,0,-9.35392,-3.63466,-0.61401,-1.65036,3820.14,-0.642291,-1.66905,0
3754.99,-0.651536,-1.68,0,0,-2.57362,-2.03281,-0.651536,-1.68,3817.69,-0.700965,-1.69157,0
3763.62,-0.655176,-1.69438,0,0,-0.422068,-1.66735,-0.655176,-1.69438,3814.81,-0.599587,-1.69583,0
3772.11,-0.656268,-1.70181,0,0,-0.128538,-0.874758,-0.656268,-1.70181,3811.42,-0.696443,-1.70515,0
3784.22,-0.663156,-1.76163,0,0,-0.568728,-4.93908,-0.663156,-1.76163,3807.75,-0.653363,-1.82086,0
3795.35,-0.660731,-1.83956,0,0,0.217995,-7.00404,-0.660731,-1.83956,3804.2,-0.676799,-1.85947,0
3804.82,-0.656074,-1.89421,0,0,0.491407,-5.76702,-0.656074,-1.89421,3801.28,-0.634491,-1.92936,0
3811.96,-0.653618,-1.94423,0,0,0.344171,-7.00905,-0.653618,-1.94423,3799.1,-0.611954,-1.99907,0
3823.06,-0.645586,-1.99595,0,0,0.723868,-4.66173,-0.645586,-1.99595,3797.5,-0.627528,-2.06393,0
3835.57,-0.634535,-2.06167,0,0,0.882859,-5.24963,-0.634535,-2.06167,3796.39,-0.675752,-2.08984,0
3840.88,-0.632952,-2.11621,0,0,0.298158,-10.278,-0.632952,-2.11621,3795.64,-0.6667,-2.13915,0
3854.28,-0.622868,-2.11954,0,0,0.75274,-0.248169,-0.622868,-2.11954,3795.24,-0.625827,-2.21443,0
3860.09,-0.595375,-2.12107,0,0,4.7311,-0.264292,-0.595375,-2.12107,3795.15,-0.588043,-2.20316,0
3874.41,-0.566524,-2.08284,0,0,2.01508,2.67011,-0.566524,-2.08284,3795.39,-0.568449,-2.03526,0
3883.98,-0.400537,-1.83531,0,0,17.3408,25.86,-0.400537,-1.83531,3796.24,0.193131,-1.25559,0
3895.74,-0.146477,-1.54753,0,0,21.5927,24.4584,-0.146477,-1.54753,3797.8,0.102217,-1.00714,0
3904.34,-0.0265548,-1.54253,0,0,13.9461,0.58131,-0.0265548,-1.54253,3799.52,0.013055,-1.12625,0
3912.11,-0.00310681,-1.45431,0,0,3.01776,11.354,-0.00310681,-1.45431,3801.05,0.0707112,-1.4416,0
3926.25,-0.00334526,-1.45082,0,0,-0.0168658,0.247157,-0.00334526,-1.45082,3802.84,0.306298,-3.62105,0
3934.39,-0.0275372,-1.46035,0,0,-2.97126,-1.17092,-0.0275372,-1.46035,3805.25,-0.00222555,-1.29533,0
3944.17,-0.0301183,-1.47063,0,0,-0.26391,-1.05052,-0.0301183,-1.47063,3807.72,-0.0364701,-1.49572,0
3954.76,-0.033282,-1.49074,0,0,-0.298772,-1.89946,-0.033282,-1.49074,3809.47,0.0199759,-1.46167,0
3967.5,-0.0355984,-1.49346,0,0,-0.181834,-0.213427,-0.0355984,-1.49346,3810.5,-0.0624493,-1.50412,0
3975.77,-0.0515321,-1.54165,0,0,-1.92809,-5.83132,-0.0515321,-1.54165,3811.05,0.00126503,-1.65435,0
3988.04,-0.0599804,-1.60319,0,0,-0.688422,-5.01438,-0.0599804,-1.60319,3811.26,-0.0972984,-1.66456,0
3998.63,-0.0518706,-1.64483,0,0,0.765436,-3.9306,-0.0518706,-1.64483,3811.26,-0.0715831,-1.61478,0
4006.91,-0.0445506,-1.65976,0,0,0.883851,-1.80274,-0.0445506,-1.65976,3810.93,-0.00501245,-1.68324,0
4012.03,-0.0646466,-1.6685,0,0,-3.92731,-1.70783,-0.0646466,-1.6685,3809.71,-0.0297316,-1.66151,0
4026.37,-0.0704877,-1.70115,0,0,-0.407413,-2.27699,-0.0704877,-1.70115,3806.46,-0.0742511,-1.77202,0
4034.19,-0.0791227,-1.75087,0,0,-1.10451,-6.36076,-0.0791227,-1.75087,3800.38,-0.14798,-1.77128,0
4044.21,-0.116767,-1.83447,0,0,-3.75689,-8.34309,-0.116767,-1.83447,3792.57,-0.121908,-1.89894,0
4053.36,-0.160622,-1.89966,0,0,-4.79292,-7.12478,-0.160622,-1.89966,3784.99,-0.230143,-1.97865,0
4067.13,-0.187776,-1.92776,0,0,-1.97197,-2.04061,-0.187776,-1.92776,3777.48,-0.166273,-1.90714,0
4075.49,-0.212395,-1.95666,0,0,-2.94238,-3.45354,-0.212395,-1.95666,3768.07,-0.200164,-1.96805,0
4087.73,-0.230154,-1.97305,0,0,-1.451,-1.33916,-0.230154,-1.97305,3756.75,-0.264847,-1.92344,0
4098.36,-0.248493,-2.02039,0,0,-1.72526,-4.45387,-0.248493,-2.02039,3746.06,-0.267766,-2.17744,0
4105.9,-0.278046,-2.14135,0,0,-3.92205,-16.0526,-0.278046,-2.14135,3736.49,-0.269569,-2.25812,0
4112.39,-0.293117,-2.23924,0,0,-2.32076,-15.0747,-0.293117,-2.23924,3725,-0.361143,-2.26199,0
4126.39,-0.291297,-2.27187,0,0,0.12998,-2.33001,-0.291297,-2.27187,3710.93,-0.311312,-2.27272,0
4134.5,-0.293734,-2.29989,0,0,-0.300661,-3.45682,-0.293734,-2.29989,3698.88,-0.274442,-2.37047,0
4145.13,-0.268781,-2.37674,0,0,2.34692,-7.22795,-0.268781,-2.37674,3692.21,-0.200878,-2.4812,0
4153.43,-0.242254,-2.53171,0,0,3.19722,-18.6778,-0.242254,-2.53171,3689.14,-0.239137,-2.64183,0
4164.85,-0.223427,-2.64771,0,0,1.64801,-10.1539,-0.223427,-2.64771,3685.69,-0.167357,-2.66528,0
4178.09,-0.225969,-2.67483,0,0,-0.192025,-2.04964,-0.225969,-2.67483,3678.23,-0.212712,-2.69111,0
4188.85,-0.23195,-2.70631,0,0,-0.555705,-2.92465,-0.23195,-2.70631,3665.19,-0.217983,-2.75909,0
4198.75,-0.268147,-2.73659,0,0,-3.65664,-3.0588,-0.268147,-2.73659,3649.24,-0.305192,-2.65433,0
4204.05,-0.323501,-2.76223,0,0,-10.4441,-4.83692,-0.323501,-2.76223,3634.41,-0.334384,-2.80046,0
4218.59,-0.348521,-2.80727,0,0,-1.72123,-3.0989,-0.348521,-2.80727,3621.27,-0.369648,-2.86072,0
4228.25,-0.369794,-2.84362,0,0,-2.20216,-3.76249,-0.369794,-2.84362,3608.5,-0.387923,-2.83104,0
4236.03,-0.372403,-2.8551,0,0,-0.335228,-1.47485,-0.372403,-2.8551,3596.46,-0.390462,-2.84662,0
4244.14,-0.38131,-2.87981,0,0,-1.09836,-3.0473,-0.38131,-2.87981,3586.18,-0.382079,-2.89895,0
4257.4,-0.387252,-2.92043,0,0,-0.448251,-3.06435,-0.387252,-2.92043,3578.42,-0.375601,-2.93879,0
4266.11,-0.392435,-3.01332,0,0,-0.59478,-10.6596,-0.392435,-3.01332,3573.66,-0.506125,-3.257,0
4276.03,-0.373273,-3.01936,0,0,1.93103,-0.608351,-0.373273,-3.01936,3570.68,-0.343513,-3.09014,0
4287.93,-0.33933,-3.02163,0,0,2.8538,-0.191393,-0.33933,-3.02163,3567.51,-0.282068,-3.12195,0
4299.26,-0.331176,-2.9765,0,0,0.719778,3.98355,-0.331176,-2.9765,3563.4,-0.149147,-2.6895,0
4305.82,-0.271928,-2.57863,0,0,9.02624,60.6142,-0.271928,-2.57863,3558.82,-0.333964,-2.02977,0
4318.89,-0.231745,-2.29577,0,0,3.07392,21.6387,-0.231745,-2.29577,3555.07,-0.243409,-2.22483,0
4328.22,-0.260938,-2.28091,0,0,-3.13061,1.59416,-0.260938,-2.28091,3553.14,-0.232157,-2.31766,0
4336.14,-0.267169,-2.28127,0,0,-0.786522,-0.0457255,-0.267169,-2.28127,3552.81,-0.295076,-2.29667,0
4344.1,-0.271056,-2.30554,0,0,-0.488557,-3.05034,-0.271056,-2.30554,3553.76,-0.319219,-2.30549,0
4357.21,-0.277381,-2.3495,0,0,-0.482173,-3.35158,-0.277381,-2.3495,3556.19,-0.288967,-2.45702,0
4366.24,-0.285418,-2.45382,0,0,-0.890706,-11.5615,-0.285418,-2.45382,3559.66,-0.286341,-2.52309,0
4376.03,-0.296084,-2.57443,0,0,-1.0895,-12.3195,-0.296084,-2.57443,3563.36,-0.323272,-2.62658,0
4388.53,-0.27753,-2.66924,0,0,1.4841,-7.58317,-0.27753,-2.66924,3567.19,-0.127932,-2.79861,0
4399.18,-0.259187,-2.76341,0,0,1.72254,-8.84328,-0.259187,-2.76341,3570.98,-0.191854,-2.85348,0
4405.37,-0.27444,-2.87533,0,0,-2.46135,-18.0606,-0.27444,-2.87533,3574.06,-0.293154,-2.98152,0
4417.38,-0.286188,-2.94677,0,0,-0.978968,-5.95287,-0.286188,-2.94677,3575.77,-0.281156,-2.98146,0
4430.28,-0.31527,-2.95632,0,0,-2.25421,-0.740061,-0.31527,-2.95632,3576.23,-0.337981,-2.93338,0
4438.36,-0.33973,-2.95428,0,0,-3.02608,0.252451,-0.33973,-2.95428,3575.79,-0.376737,-2.91815,0
4448.08,-0.340812,-2.95459,0,0,-0.11137,-0.0318009,-0.340812,-2.95459,3574.22,-0.375102,-3.09151,0
4458.64,-0.341651,-2.96676,0,0,-0.0793723,-1.15308,-0.341651,-2.96676,3571.66,-0.329375,-2.97607,0
4469.56,-0.328494,-3.03429,0,0,1.20516,-6.1856,-0.328494,-3.03429,3569.12,-0.280383,-3.09187,0
4476.14,-0.314056,-3.11321,0,0,2.19251,-11.9848,-0.314056,-3.11321,3567.12,-0.291479,-3.18318,0
4491.23,-0.322198,-3.17605,0,0,-0.539713,-4.16536,-0.322198,-3.17605,3565.62,-0.26637,-3.28096,0
4500.49,-0.33183,-3.24464,0,0,-1.0406,-7.41119,-0.33183,-3.24464,3564.43,-0.352369,-3.21458,0
4508.18,-0.33012,-3.29685,0,0,0.222172,-6.78576,-0.33012,-3.29685,3563.23,-0.401987,-3.31242,0
4518.44,-0.352599,-3.33978,0,0,-2.19112,-4.18404,-0.352599,-3.33978,3561.7,-0.372628,-3.4508,0
4529.79,-0.365419,-3.38279,0,0,-1.1289,-3.7879,-0.365419,-3.38279,3559.64,-0.337868,-3.40801,0
4538.49,-0.375926,-3.4229,0,0,-1.20858,-4.61352,-0.375926,-3.4229,3557.02,-0.395472,-3.43362,0
4548.81,-0.389095,-3.44806,0,0,-1.27599,-2.43781,-0.389095,-3.44806,3553.28,-0.357611,-3.58145,0
4558.33,-0.416298,-3.47185,0,0,-2.85768,-2.49911,-0.416298,-3.47185,3547.8,-0.459568,-3.46716,0
4570.33,-0.456579,-3.50414,0,0,-3.35596,-2.69019,-0.456579,-3.50414,3541.56,-0.499966,-3.60137,0
4579.6,-0.526107,-3.55497,0,0,-7.50277,-5.4846,-0.526107,-3.55497,3536.77,-0.565741,-3.47567,0
4591.09,-0.559915,-3.60397,0,0,-2.94162,-4.26371,-0.559915,-3.60397,3534.58,-0.582956,-3.62564,0
4600.7,-0.570686,-3.67019,0,0,-1.12101,-6.89192,-0.570686,-3.67019,3535.29,-0.602417,-3.74962,0
4608.73,-0.578362,-3.73765,0,0,-0.955804,-8.39953,-0.578362,-3.73765,3542.28,-0.45375,-3.71874,0
4616,-0.522269,-3.74643,0,0,7.7114,-1.20802,-0.522269,-3.74643,3562.69,-0.550164,-3.91679,0
4630.17,-0.353848,-3.75299,0,0,11.8925,-0.463176,-0.353848,-3.75299,3596.7,-0.211633,-4.05122,0
4638.38,-0.246912,-3.48409,0,0,13.0219,32.7451,-0.246912,-3.48409,3629.43,-0.018409,-2.55173,0
4647.95,-0.152358,-2.85439,0,0,9.87502,65.7652,-0.152358,-2.85439,3647.39,-0.00976277,-2.31443,0
4658.25,-0.0950506,-2.4199,0,0,5.56331,42.1797,-0.0950506,-2.4199,3652.54,-0.154035,-2.35433,0
4670.19,-0.239692,-2.28619,0,0,-12.1212,11.2047,-0.239692,-2.28619,3651.48,-0.330506,-2.21471,0
4682.47,-0.330515,-2.2064,0,0,-7.39597,6.4975,-0.330515,-2.2064,3644.91,-0.412281,-2.11928,0
4691.05,-0.348418,-2.1909,0,0,-2.08634,1.80673,-0.348418,-2.1909,3632.09,-0.342976,-2.1704,0
4702.09,-0.375996,-2.16544,0,0,-2.49823,2.30592,-0.375996,-2.16544,3616.86,-0.379033,-2.23528,0
4708.15,-0.431297,-2.10925,0,0,-9.12268,9.26955,-0.431297,-2.10925,3605.21,-0.472512,-2.0706,0
4722.83,-0.48079,-2.10194,0,0,-3.37118,0.498266,-0.48079,-2.10194,3599.46,-0.524987,-1.8906,0
4732.15,-0.482925,-2.10212,0,0,-0.229162,-0.0193442,-0.482925,-2.10212,3597.7,-0.417192,-2.03856,0
4740.94,-0.483556,-2.11716,0,0,-0.0717744,-1.71126,-0.483556,-2.11716,3597.94,-0.507161,-2.15132,0
4750.22,-0.464123,-2.2595,0,0,2.09454,-15.3417,-0.464123,-2.2595,3602.04,-0.401516,-2.37307,0
4759.99,-0.411187,-2.37436,0,0,5.41992,-11.76,-0.411187,-2.37436,3616.58,-0.384659,-2.38206,0
4770.16,-0.296989,-2.50967,0,0,11.2223,-13.297,-0.296989,-2.50967,3645.69,-0.118152,-2.93926,0
4782.05,-0.17877,-2.74771,0,0,9.94434,-20.0234,-0.17877,-2.74771,3680.63,-0.300376,-2.85432,0
4792.58,-0.173822,-2.90254,0,0,0.469912,-14.7042,-0.173822,-2.90254,3707.67,-0.19936,-3.06893,0
4802.08,-0.184259,-2.97106,0,0,-1.09851,-7.21166,-0.184259,-2.97106,3723.84,-0.152174,-3.07421,0
4809.07,-0.217014,-3.00097,0,0,-4.68734,-4.28055,-0.217014,-3.00097,3733.04,-0.352049,-2.92614,0
4822.08,-0.193766,-3.03916,0,0,1.78682,-2.93461,-0.193766,-3.03916,3737.19,-0.23877,-3.06651,0
4829.75,-0.188634,-3.0867,0,0,0.66911,-6.19869,-0.188634,-3.0867,3736.93,-0.24545,-3.10055,0
4840.92,-0.195669,-3.10541,0,0,-0.629785,-1.67461,-0.195669,-3.10541,3732.27,-0.137555,-3.10953,0
4848.6,-0.190486,-3.14415,0,0,0.675381,-5.04769,-0.190486,-3.14415,3724.07,-0.114459,-3.31754,0
4861.34,-0.201374,-3.22216,0,0,-0.854413,-6.12179,-0.201374,-3.22216,3715.58,-0.249024,-3.24443,0
4867.89,-0.208464,-3.26624,0,0,-1.08298,-6.73258,-0.208464,-3.26624,3708.47,-0.226125,-3.28833,0
4882.84,-0.226483,-3.27928,0,0,-1.20524,-0.87277,-0.226483,-3.27928,3701.89,-0.240391,-3.37196,0
4891.59,-0.250746,-3.32118,0,0,-2.77289,-4.78762,-0.250746,-3.32118,3695.6,-0.270364,-3.25922,0
4902.06,-0.257039,-3.35589,0,0,-0.600568,-3.31327,-0.257039,-3.35589,3690.86,-0.267802,-3.37041,0
4908.46,-0.268861,-3.36317,0,0,-1.84861,-1.13848,-0.268861,-3.36317,3688.48,-0.315081,-3.33722,0
4922.26,-0.271187,-3.38281,0,0,-0.168583,-1.42327,-0.271187,-3.38281,3687.86,-0.205216,-3.46568,0
4933.63,-0.247378,-3.38616,0,0,2.09331,-0.294229,-0.247378,-3.38616,3688.59,-0.274145,-3.44313,0
4940.08,-0.207958,-3.38033,0,0,6.11539,0.903606,-0.207958,-3.38033,3692.4,-0.324231,-3.37388,0
4953.76,-0.0673171,-3.13859,0,0,10.2808,17.6712,-0.0673171,-3.13859,3702.35,0.152852,-2.39613,0
4960.09,0.127315,-2.4404,0,0,30.7621,110.351,0.127315,-2.4404,3717.89,0.213012,-1.85112,0
4973.42,0.202667,-2.00583,0,0,5.65237,32.5982,0.202667,-2.00583,3732.74,0.370541,-1.86068,0
4983.82,0.205315,-1.98803,0,0,0.254648,1.71214,0.205315,-1.98803,3742.31,0.123761,-2.06186,0
4994.55,0.197645,-1.98832,0,0,-0.714633,-0.0268602,0.197645,-1.98832,3747.47,0.227,-1.96909,0
5004.07,0.184921,-2.01196,0,0,-1.3363,-2.48283,0.184921,-2.01196,3749.83,0.156116,-2.0598,0
5012.11,0.169346,-2.02431,0,0,-1.93648,-1.53604,0.169346,-2.02431,3750.13,0.156272,-2.16248,0
5022.32,0.155941,-2.04813,0,0,-1.31373,-2.3341,0.155941,-2.04813,3749.22,0.0364077,-1.99606,0
5034.01,0.107238,-2.06563,0,0,-4.16549,-1.49703,0.107238,-2.06563,3747.76,0.145012,-2.07849,0
5040.04,0.05923,-2.07312,0,0,-7.95489,-1.24088,0.05923,-2.07312,3746.95,0.0292567,-2.08256,0
5054.15,0.0507952,-2.07478,0,0,-0.597953,-0.117828,0.0507952,-2.07478,3747.59,0.0646232,-2.08563,0
5060.71,0.0495898,-2.08031,0,0,-0.183702,-0.841614,0.0495898,-2.08031,3748.63,0.00700394,-2.2104,0
5072.02,0.0465846,-2.0851,0,0,-0.265638,-0.423398,0.0465846,-2.0851,3749.23,0.0798511,-2.07571,0
5082.2,0.0444617,-2.11388,0,0,-0.208599,-2.82806,0.0444617,-2.11388,3750.14,0.0291602,-2.14166,0
5094.79,0.0364151,-2.15172,0,0,-0.639226,-3.00611,0.0364151,-2.15172,3752.79,0.0323523,-2.1761,0
5103.42,0.0257284,-2.20648,0,0,-1.23817,-6.34518,0.0257284,-2.20648,3757.37,0.0947906,-2.26375,0
5112,0.0184129,-2.23794,0,0,-0.85273,-3.66683,0.0184129,-2.23794,3761.85,0.00264369,-2.30402,0
5122.45,0.0133946,-2.23965,0,0,-0.480306,-0.163451,0.0133946,-2.23965,3764.53,0.00668708,-2.27826,0
5134.16,-0.0304233,-2.25687,0,0,-3.74256,-1.47058,-0.0304233,-2.25687,3766.35,-0.134261,-2.13561,0
5139.95,-0.048385,-2.2807,0,0,-3.10059,-4.1145,-0.048385,-2.2807,3769.38,-0.0521777,-2.15852,0
5154.24,-0.0564453,-2.33095,0,0,-0.564014,-3.51627,-0.0564453,-2.33095,3774.35,-0.0991632,-2.38859,0
5160.45,-0.0773904,-2.48026,0,0,-3.37117,-24.0313,-0.0773904,-2.48026,3779.77,1.17745,-2.70284,0
5172.08,-0.057895,-2.57453,0,0,1.67717,-8.10965,-0.057895,-2.57453,3783.63,-0.654735,-7.19515,0
5188.62,0.037304,-2.58812,0,0,5.7529,-0.821351,0.037304,-2.58812,3785.72,0.649943,-2.67728,0
5197.37,0.130374,-2.59694,0,0,10.6402,-1.00874,0.130374,-2.59694,3787.39,-0.0535943,-2.5548,0
5205.06,0.186901,-2.56979,0,0,7.3498,3.53002,0.186901,-2.56979,3790.24,0.116491,-2.54293,0
5211.96,0.244286,-2.18509,0,0,8.31428,55.7377,0.244286,-2.18509,3793.96,0.374795,-1.12542,0
5226.1,0.331159,-1.45068,0,0,6.14553,51.9533,0.331159,-1.45068,3796.84,0.575062,-0.887867,0
5234.53,0.433482,-1.091,0,0,12.135,42.6566,0.433482,-1.091,3799.29,0.562128,-0.961032,0
5244.05,0.460397,-1.06473,0,0,2.82805,2.76004,0.460397,-1.06473,3803.66,0.419599,-1.01516,0
5254.69,0.461262,-1.06549,0,0,0.0812496,-0.0707614,0.461262,-1.06549,3809.51,0.460603,-1.11662,0
5264.65,0.458233,-1.09514,0,0,-0.304177,-2.97748,0.458233,-1.09514,3815.06,0.530957,-1.08291,0
5274.78,0.456785,-1.11235,0,0,-0.142994,-1.70003,0.456785,-1.11235,3820.25,0.441794,-1.09396,0
5287.8,0.474657,-1.16404,0,0,1.37229,-3.96907,0.474657,-1.16404,3823.66,0.466506,-1.30845,0
5292.93,0.473294,-1.29297,0,0,-0.266199,-25.1666,0.473294,-1.29297,3823.71,0.460855,-1.45778,0
5306.17,0.455336,-1.41855,0,0,-1.35609,-9.48303,0.455336,-1.41855,3820.19,0.481363,-1.38414,0
5314.91,0.442647,-1.52447,0,0,-1.45165,-12.1176,0.442647,-1.52447,3814.47,0.425778,-1.59456,0
5324.07,0.438301,-1.59311,0,0,-0.474444,-7.49239,0.438301,-1.59311,3808.84,0.391597,-1.59073,0
5334.62,0.442782,-1.60168,0,0,0.42466,-0.811853,0.442782,-1.60168,3802.55,0.493888,-1.62193,0
5344.1,0.441296,-1.6133,0,0,-0.15671,-1.2258,0.441296,-1.6133,3794.35,0.467573,-1.62647,0
5354.83,0.439645,-1.62508,0,0,-0.153859,-1.09795,0.439645,-1.62508,3786.63,0.408498,-1.64393,0
5364.79,0.441954,-1.63301,0,0,0.231717,-0.79614,0.441954,-1.63301,3781.17,0.375741,-1.80315,0
5374.79,0.469319,-1.64283,0,0,2.73875,-0.982731,0.469319,-1.64283,3776.91,1.00534,-1.68735,0
5387.09,0.489141,-1.71594,0,0,1.61127,-5.94275,0.489141,-1.71594,3772.89,0.540291,-2.01261,0
5396.95,0.475071,-1.82018,0,0,-1.42682,-10.5712,0.475071,-1.82018,3769,0.481652,-1.75512,0
5405.89,0.462089,-1.9023,0,0,-1.45245,-9.18754,0.462089,-1.9023,3764.9,0.454173,-1.96037,0
5414.47,0.436328,-1.9315,0,0,-3.00001,-3.40033,0.436328,-1.9315,3760.09,0.397868,-1.9454,0
5426.92,0.416934,-1.94924,0,0,-1.5579,-1.42539,0.416934,-1.94924,3754.85,0.408804,-1.96558,0
5438.33,0.413782,-1.96345,0,0,-0.276305,-1.24535,0.413782,-1.96345,3749.48,0.408637,-1.91171,0
5446.93,0.388463,-2.07912,0,0,-2.94449,-13.4519,0.388463,-2.07912,3741.73,0.525083,-2.20917,0
5457.41,0.370568,-2.19054,0,0,-1.70724,-10.6303,0.370568,-2.19054,3726.67,0.390519,-2.22831,0
5464.9,0.339711,-2.19216,0,0,-4.1203,-0.215647,0.339711,-2.19216,3703.11,0.177241,-2.17557,0
5478.11,0.278167,-2.18596,0,0,-4.65849,0.469594,0.278167,-2.18596,3678.22,0.234543,-2.18513,0
5489.22,0.235936,-2.18335,0,0,-3.80122,0.234871,0.235936,-2.18335,3660.23,0.227009,-2.16564,0
5498.92,0.226418,-2.18293,0,0,-0.981433,0.0429756,0.226418,-2.18293,3650.62,0.246297,-2.13647,0
5506.02,0.202876,-2.19451,0,0,-3.31489,-1.63067,0.202876,-2.19451,3646.6,0.174143,-2.24164,0
5516.05,0.191524,-2.26636,0,0,-1.13228,-7.16701,0.191524,-2.26636,3645.45,0.107424,-2.32072,0
5526.1,0.182585,-2.34564,0,0,-0.888725,-7.88193,0.182585,-2.34564,3646.07,0.00369394,-2.3925,0
5538.52,0.146132,-2.3453,0,0,-2.9369,0.0278199,0.146132,-2.3453,3649.4,0.264997,-2.42805,0
5546.29,0.128775,-2.34128,0,0,-2.23415,0.517959,0.128775,-2.34128,3656.67,0.182554,-2.53261,0
5558.84,0.0483049,-2.26845,0,0,-6.40837,5.79982,0.0483049,-2.26845,3666.16,-0.000129681,-1.99676,0
5565.16,-0.0522251,-1.93769,0,0,-15.9041,52.3272,-0.0522251,-1.93769,3673.85,-0.0365278,-1.36712,0
5576.6,-0.0791679,-1.66768,0,0,-2.35576,23.6081,-0.0791679,-1.66768,3677.88,-0.105025,-1.26662,0
5588.95,-0.0985739,-1.65455,0,0,-1.57184,1.06331,-0.0985739,-1.65455,3679.37,-0.057438,-1.52547,0
5599.15,-0.114092,-1.65465,0,0,-1.52081,-0.00980024,-0.114092,-1.65465,3679.78,-0.134654,-1.74678,0
5606.7,-0.120953,-1.6951,0,0,-0.908706,-5.3578,-0.120953,-1.6951,3679.79,-0.16636,-1.75683,0
5616.05,-0.130585,-1.75725,0,0,-1.02995,-6.64533,-0.130585,-1.75725,3679.52,-0.129781,-1.76521,0
5626.22,-0.138807,-1.79626,0,0,-0.808862,-3.83712,-0.138807,-1.79626,3678.95,-0.111636,-1.86023,0
5635.89,-0.146458,-1.84156,0,0,-0.79099,-4.6837,-0.146458,-1.84156,3678.24,-0.291874,-1.78641,0
5643.92,-0.164003,-1.85864,0,0,-2.18556,-2.12801,-0.164003,-1.85864,3677.55,-0.154869,-1.86522,0
5657.88,-0.190994,-1.90603,0,0,-1.93277,-3.39355,-0.190994,-1.90603,3676.95,-0.217836,-1.95271,0
5664.77,-0.211263,-1.95149,0,0,-2.94213,-6.59923,-0.211263,-1.95149,3676.44,-0.20414,-1.9545,0
5679.12,-0.237886,-1.95144,0,0,-1.85537,0.00375735,-0.237886,-1.95144,3675.52,-0.295162,-1.92938,0
5691.01,-0.266867,-1.9621,0,0,-2.43829,-0.896541,-0.266867,-1.9621,3672.85,-0.339681,-2.02621,0
5700.39,-0.291964,-2.00064,0,0,-2.67468,-4.10759,-0.291964,-2.00064,3667.31,-0.27638,-1.97277,0
5708.9,-0.317464,-2.02813,0,0,-2.99549,-3.2291,-0.317464,-2.02813,3659.87,-0.355825,-2.02528,0
5716.06,-0.320484,-2.04546,0,0,-0.421915,-2.42201,-0.320484,-2.04546,3653.14,-0.333201,-2.19811,0
5730,-0.314221,-2.08508,0,0,0.449304,-2.84227,-0.314221,-2.08508,3648.82,-0.334274,-2.059,0
5738.23,-0.318911,-2.12067,0,0,-0.570131,-4.32634,-0.318911,-2.12067,3646.57,-0.311207,-2.13346,0
5748.47,-0.318571,-2.15232,0,0,0.0332204,-3.0888,-0.318571,-2.15232,3645.05,-0.310723,-2.10979,0
5758.19,-0.310663,-2.15663,0,0,0.813274,-0.443783,-0.310663,-2.15663,3642.54,-0.24879,-2.18181,0
5770.28,-0.296387,-2.20893,0,0,1.18137,-4.32785,-0.296387,-2.20893,3637.68,-0.31267,-2.25551,0
5779.77,-0.273236,-2.2453,0,0,2.44028,-3.83336,-0.273236,-2.2453,3631.17,-0.2604,-2.26797,0
5790.65,-0.272243,-2.2468,0,0,0.0912341,-0.137903,-0.272243,-2.2468,3624.75,-0.257236,-2.23194,0
5800.07,-0.27232,-2.24447,0,0,-0.0081573,0.247374,-0.27232,-2.24447,3618.75,0.101132,-2.62506,0
5808.63,-0.275934,-2.19132,0,0,-0.421989,6.20674,-0.275934,-2.19132,3613.51,-0.79188,-1.69724,0
5816.16,-0.318621,-2.1862,0,0,-5.6659,0.679556,-0.318621,-2.1862,3611.66,-0.302186,-1.91404,0
5831.14,-0.320145,-2.18379,0,0,-0.101727,0.160781,-0.320145,-2.18379,3615.86,-0.65769,-2.31037,0
5837.87,-0.312695,-2.13173,0,0,1.10807,7.74276,-0.312695,-2.13173,3626.15,-0.429931,-3.76196,0
5850.25,-0.322071,-2.12544,0,0,-0.75682,0.508232,-0.322071,-2.12544,3638.07,-0.439191,-2.72584,0
5856.01,-0.287742,-2.05147,0,0,5.95976,12.8425,-0.287742,-2.05147,3646.86,-0.202577,-1.99205,0
5870.07,-0.233188,-1.84488,0,0,3.88152,14.6981,-0.233188,-1.84488,3652.36,-0.200726,-1.40169,0
5877.51,-0.195731,-1.8092,0,0,5.03722,4.79903,-0.195731,-1.8092,3655.75,-0.123255,-1.49476,0
5890.6,-0.1704,-1.81047,0,0,1.93454,-0.0969075,-0.1704,-1.81047,3657.5,-0.168921,-1.89448,0
5900.68,-0.170138,-1.81674,0,0,0.0259726,-0.622012,-0.170138,-1.81674,3658.55,-0.200516,-1.96079,0
5908.07,-0.18838,-1.95979,0,0,-2.46984,-19.3678,-0.18838,-1.95979,3659.87,-0.168214,-2.03892,0
5916.19,-0.198733,-2.02873,0,0,-1.27506,-8.49168,-0.198733,-2.02873,3661.59,-0.253812,-2.07898,0
5931.26,-0.206528,-2.08114,0,0,-0.517299,-3.47761,-0.206528,-2.08114,3663.43,-0.183092,-2.10666,0
5940.13,-0.207613,-2.11812,0,0,-0.122283,-4.16977,-0.207613,-2.11812,3665.26,-0.305142,-2.14984,0
5950.17,-0.203645,-2.15709,0,0,0.394936,-3.87936,-0.203645,-2.15709,3667.41,-0.185542,-2.20003,0
5961.42,-0.204361,-2.22348,0,0,-0.063703,-5.90136,-0.204361,-2.22348,3669.88,-0.22567,-2.27472,0
5970.34,-0.185764,-2.27587,0,0,2.08654,-5.8769,-0.185764,-2.27587,3671.73,-0.115212,-2.27109,0
5983.29,-0.146451,-2.34776,0,0,3.03555,-5.55111,-0.146451,-2.34776,3672.53,-0.131322,-2.4135,0
5992.47,-0.153754,-2.42243,0,0,-0.79498,-8.12768,-0.153754,-2.42243,3672.72,-0.127597,-2.43897,0
6002.88,-0.160493,-2.468,0,0,-0.64787,-4.38113,-0.160493,-2.468,3672.53,-0.0963174,-2.50706,0
6008.13,-0.169275,-2.51116,0,0,-1.67176,-8.21553,-0.169275,-2.51116,3671.33,-0.242402,-2.54308,0
6022.18,-0.226541,-2.5259,0,0,-4.07532,-1.04938,-0.226541,-2.5259,3667.88,-0.30604,-2.51473,0
6031.86,-0.272378,-2.53022,0,0,-4.73373,-0.445577,-0.272378,-2.53022,3662.48,-0.234684,-2.51394,0
6040.21,-0.275629,-2.53639,0,0,-0.389558,-0.739911,-0.275629,-2.53639,3657.82,-0.2904,-2.54312,0
6050.99,-0.289884,-2.56461,0,0,-1.32193,-2.61673,-0.289884,-2.56461,3655.57,-0.301533,-2.64671,0
6060.02,-0.301681,-2.64034,0,0,-1.30598,-8.38416,-0.301681,-2.64034,3655.04,-0.234097,-2.68963,0
6070.92,-0.319513,-2.76079,0,0,-1.63701,-11.0577,-0.319513,-2.76079,3655.62,-0.455106,-2.82608,0
6083.99,-0.333269,-2.89071,0,0,-1.052,-9.93511,-0.333269,-2.89071,3657.9,-0.356621,-2.94133,0
6092.81,-0.315905,-3.00692,0,0,1.96874,-13.1762,-0.315905,-3.00692,3662.09,-0.35832,-3.07347,0
6103.19,-0.302557,-3.02046,0,0,1.28594,-1.30429,-0.302557,-3.02046,3665.93,-0.406819,-4.61901,0
6110.06,-0.208883,-3.20639,0,0,13.651,-27.0962,-0.208883,-3.20639,3666.44,-0.142738,-3.32806,0
6122.31,-0.133845,-3.42472,0,0,6.12159,-17.8112,-0.133845,-3.42472,3663.96,-0.0296903,-2.92436,0
6132.25,-0.146104,-3.54354,0,0,-1.23343,-11.9543,-0.146104,-3.54354,3660.68,0.402464,-4.82652,0
6140.06,-0.132536,-3.50339,0,0,1.73729,5.14044,-0.132536,-3.50339,3656.32,-0.131513,-3.67913,0
6149.78,-0.135125,-3.52032,0,0,-0.266455,-1.74267,-0.135125,-3.52032,3649.66,-0.176818,-3.37279,0
6159.88,-0.149159,-3.53836,0,0,-1.38951,-1.78561,-0.149159,-3.53836,3640.9,-0.203084,-3.46552,0
6170.65,-0.147898,-3.51869,0,0,0.117065,1.82639,-0.147898,-3.51869,3629.29,-0.0983987,-3.55661,0
6183.97,-0.166642,-3.4814,0,0,-1.40776,2.80032,-0.166642,-3.4814,3610.24,-0.192346,-3.54925,0
6194.21,-0.140871,-3.25976,0,0,2.51547,21.6336,-0.140871,-3.25976,3583.27,0.10708,-3.08892,0
6203.28,-0.207211,-2.84924,0,0,-7.31585,45.2721,-0.207211,-2.84924,3559.14,-0.432892,-2.19352,0
6214.16,-0.366765,-2.50751,0,0,-14.6648,31.4087,-0.366765,-2.50751,3546.1,-0.583225,-1.79987,0
6220.21,-0.455099,-2.42431,0,0,-14.6032,13.7549,-0.455099,-2.42431,3541.63,-0.489122,-1.99703,0
6235.12,-0.459524,-2.42118,0,0,-0.296748,0.209457,-0.459524,-2.42118,3541.88,-0.460967,-2.36448,0
6242.33,-0.479,-2.42475,0,0,-2.70006,-0.494142,-0.479,-2.42475,3546.95,-0.434601,-2.48036,0
6252.1,-0.488592,-2.55491,0,0,-0.982446,-13.3319,-0.488592,-2.55491,3556.7,-0.463055,-2.66675,0
6259.97,-0.501757,-2.64776,0,0,-1.67284,-11.7989,-0.501757,-2.64776,3567.42,-0.518757,-2.61013,0
6273.22,-0.498108,-2.69031,0,0,0.275248,-3.20924,-0.498108,-2.69031,3576.28,-0.520338,-2.78014,0
6283.81,-0.505357,-2.74462,0,0,-0.684851,-5.13129,-0.505357,-2.74462,3582.78,-0.543221,-2.76452,0
6294.17,-0.498569,-2.78609,0,0,0.654988,-4.0009,-0.498569,-2.78609,3585.37,-0.372181,-2.84107,0
6301.09,-0.473299,-2.80405,0,0,3.65173,-2.59561,-0.473299,-2.80405,3582.98,-0.465582,-2.91839,0
6311.88,-0.472933,-2.80964,0,0,0.0339049,-0.517994,-0.472933,-2.80964,3578.02,-0.47286,-2.75678,0
6322.41,-0.476832,-2.83556,0,0,-0.370258,-2.46238,-0.476832,-2.83556,3574.61,-0.457378,-2.89594,0
6334.02,-0.481099,-2.86095,0,0,-0.367649,-2.18724,-0.481099,-2.86095,3574.04,-0.802672,-2.66898,0
6340.02,-0.49294,-2.87154,0,0,-1.97053,-1.76145,-0.49294,-2.87154,3574.99,-0.504056,-2.85918,0
6354.31,-0.494648,-2.88762,0,0,-0.11953,-1.12559,-0.494648,-2.88762,3576.44,-0.443903,-2.88746,0
6360.72,-0.498346,-2.92003,0,0,-0.577047,-5.05723,-0.498346,-2.92003,3578.97,-0.647068,-3.00143,0
6373.5,-0.491844,-3.05475,0,0,0.508696,-10.5404,-0.491844,-3.05475,3583.16,-0.530326,-3.15709,0
6383.53,-0.47935,-3.17274,0,0,1.24596,-11.7667,-0.47935,-3.17274,3588.89,-0.434494,-3.34251,0
6394.72,-0.467115,-3.20664,0,0,1.09347,-3.02956,-0.467115,-3.20664,3595.5,-0.394948,-3.22733,0
6404.01,-0.438097,-3.25868,0,0,3.12254,-5.59981,-0.438097,-3.25868,3600.81,-0.360653,-3.40207,0
6412.12,-0.384988,-3.31248,0,0,6.55266,-6.63822,-0.384988,-3.31248,3603.58,-0.480032,-3.34335,0
6422.13,-0.359003,-3.34032,0,0,2.59591,-2.78059,-0.359003,-3.34032,3604.66,-0.336982,-3.30519,0
6434.51,-0.359381,-3.34028,0,0,-0.0305095,0.00317663,-0.359381,-3.34028,3604.91,-0.336258,-3.6253,0
6444.06,-0.391271,-3.31067,0,0,-3.33936,3.10062,-0.391271,-3.31067,3604.42,-0.392184,-3.53997,0
6454.06,-0.38661,-3.21791,0,0,0.465881,9.26977,-0.38661,-3.21791,3603.1,-0.406131,-3.16878,0
6464.64,-0.489087,-2.70764,0,0,-9.68776,48.2387,-0.489087,-2.70764,3601.27,-0.748824,-1.3617,0
6474.83,-0.639427,-2.03128,0,0,-14.7566,66.3885,-0.639427,-2.03128,3599.33,-0.68441,-1.15004,0
6486.52,-0.714996,-1.76954,0,0,-6.46501,22.3917,-0.714996,-1.76954,3597.4,-0.661058,-1.32994,0
6492.04,-0.723406,-1.75873,0,0,-1.5232,1.95775,-0.723406,-1.75873,3595.89,-0.630995,-1.7731,0
6506.52,-0.723573,-1.75978,0,0,-0.0115315,-0.0724342,-0.723573,-1.75978,3595.15,-0.703844,-1.7465,0
6515.34,-0.721409,-1.78934,0,0,0.245339,-3.35032,-0.721409,-1.78934,3594.94,-0.757146,-1.84666,0
6524.14,-0.706196,-1.91147,0,0,1.7283,-13.8759,-0.706196,-1.91147,3594.91,-0.634264,-2.02267,0
6534.05,-0.657974,-2.03198,0,0,4.86891,-12.167,-0.657974,-2.03198,3594.91,-0.61224,-2.0746,0
6543.97,-0.636377,-2.13477,0,0,2.17738,-10.3636,-0.636377,-2.13477,3594.89,-0.55984,-2.24023,0
6551.93,-0.605732,-2.22945,0,0,3.84791,-11.8887,-0.605732,-2.22945,3594.73,-0.650399,-2.22151,0
6564.05,-0.582753,-2.29511,0,0,1.89641,-5.41825,-0.582753,-2.29511,3594.17,-0.506951,-2.46372,0
6574.69,-0.588956,-2.41953,0,0,-0.58285,-11.6928,-0.588956,-2.41953,3592.97,-0.580437,-2.53524,0
6586.31,-0.615825,-2.52171,0,0,-2.31098,-8.78796,-0.615825,-2.52171,3591.11,-0.634732,-2.55504,0
6597.13,-0.612491,-2.56182,0,0,0.308337,-3.7092,-0.612491,-2.56182,3588.65,-0.518459,-2.6137,0
6605.15,-0.614827,-2.56894,0,0,-0.291443,-0.887694,-0.614827,-2.56894,3586.18,-0.670694,-2.57434,0
6612.21,-0.614695,-2.58055,0,0,0.018684,-1.64423,-0.614695,-2.58055,3584.66,-0.653169,-2.5533,0
6626.78,-0.573041,-2.60347,0,0,2.85949,-1.57303,-0.573041,-2.60347,3584.07,-0.58325,-2.62796,0
6634.06,-0.578286,-2.66598,0,0,-0.719807,-8.57826,-0.578286,-2.66598,3583.5,-0.541024,-2.72917,0
6644.82,-0.535492,-2.73883,0,0,3.97932,-6.7744,-0.535492,-2.73883,3582.19,-0.532485,-2.77421,0
6655.13,-0.498725,-2.77048,0,0,3.56544,-3.06903,-0.498725,-2.77048,3580.75,-0.468971,-2.78122,0
6667.33,-0.457032,-2.88591,0,0,3.41717,-9.4611,-0.457032,-2.88591,3581.1,-0.43968,-2.98882,0
6675.67,-0.474305,-3.02556,0,0,-2.07029,-16.738,-0.474305,-3.02556,3584.07,-0.432051,-3.16439,0
6688.52,-0.459779,-3.09386,0,0,1.13056,-5.31646,-0.459779,-3.09386,3588.57,-0.410769,-3.17876,0
6698.76,-0.465365,-3.14104,0,0,-0.545674,-4.60929,-0.465365,-3.14104,3593.65,-0.649359,-3.04879,0
6705.53,-0.46561,-3.19497,0,0,-0.0361341,-7.96662,-0.46561,-3.19497,3599.75,-0.4811,-3.22205,0
6716.29,-0.47293,-3.24367,0,0,-0.680266,-4.52585,-0.47293,-3.24367,3607.18,-0.492546,-3.25656,0
6727.15,-0.499335,-3.35333,0,0,-2.43003,-10.0923,-0.499335,-3.35333,3614.91,-0.446625,-3.46252,0
6737.2,-0.50654,-3.39869,0,0,-0.717449,-4.51617,-0.50654,-3.39869,3621.59,-0.495901,-3.55626,0
6744.86,-0.51368,-3.4424,0,0,-0.932229,-5.70672,-0.51368,-3.4424,3626.79,-0.549015,-3.46844,0
6757.27,-0.499401,-3.4625,0,0,1.14978,-1.61882,-0.499401,-3.4625,3630.71,-0.541262,-3.3373,0
6764.79,-0.505366,-3.50912,0,0,-0.793826,-6.204,-0.505366,-3.50912,3633.4,-0.53814,-3.42914,0
6779.1,-0.507681,-3.54059,0,0,-0.161749,-2.19901,-0.507681,-3.54059,3634.97,-0.480958,-3.66262,0
6790.15,-0.532589,-3.62373,0,0,-2.25516,-7.52729,-0.532589,-3.62373,3635.94,-0.406159,-3.6011,0
6800.58,-0.537204,-3.65127,0,0,-0.442231,-2.63909,-0.537204,-3.65127,3637.19,-0.524872,-3.63119,0
6807.07,-0.546971,-3.7021,0,0,-1.50447,-7.82981,-0.546971,-3.7021,3640.15,-0.613637,-3.74657,0
6816.26,-0.58994,-3.69366,0,0,-4.67718,0.918861,-0.58994,-3.69366,3648.9,-0.605662,-3.8837,0
6826.32,-0.59054,-3.68451,0,0,-0.0595541,0.909764,-0.59054,-3.68451,3674.17,-0.639385,-3.82962,0
6836.85,-0.557766,-3.46815,0,0,3.11357,20.5544,-0.557766,-3.46815,3735.54,-0.711039,-3.18912,0
6845.32,-0.467493,-3.00826,0,0,10.6567,54.2901,-0.467493,-3.00826,3837.51,0.91206,-2.55069,0
6857.26,-0.365767,-2.44562,0,0,8.51693,47.1066,-0.365767,-2.44562,3941.73,-0.213187,-1.58862,0
6867.33,-0.289492,-2.10649,0,0,7.57524,33.6809,-0.289492,-2.10649,4005.88,-0.258439,-1.69545,0
6876.48,-0.268581,-2.09229,0,0,2.28611,1.55236,-0.268581,-2.09229,4031.21,-0.227021,-1.95824,0
6886.49,-0.274121,-2.04366,0,0,-0.553331,4.85701,-0.274121,-2.04366,4040.2,-0.251835,-2.12903,0
6896.83,-0.277888,-2.07394,0,0,-0.364287,-2.92855,-0.277888,-2.07394,4044.72,-0.274216,-2.15119,0
6906.21,-0.276013,-2.1379,0,0,0.199903,-6.81892,-0.276013,-2.1379,4047.21,-0.28398,-2.01827,0
6916.7,-0.282887,-2.18294,0,0,-0.655437,-4.29435,-0.282887,-2.18294,4048.48,-0.318023,-2.25496,0
6923.9,-0.292293,-2.23494,0,0,-1.30713,-7.22609,-0.292293,-2.23494,4049.04,-0.286559,-2.21444,0
6937.23,-0.307737,-2.26921,0,0,-1.15856,-2.57129,-0.307737,-2.26921,4049.17,-0.305006,-2.30696,0
6951.49,-0.305623,-2.31705,0,0,0.148234,-3.35401,-0.305623,-2.31705,4048.94,-0.289421,-2.40866,0
6958.78,-0.313078,-2.37449,0,0,-1.02269,-7.87928,-0.313078,-2.37449,4048.01,-0.497095,-2.00934,0
6970.24,-0.317325,-2.4044,0,0,-0.370694,-2.61039,-0.317325,-2.4044,4045.62,-0.317917,-2.39493,0
6977.36,-0.319884,-2.46292,0,0,-0.359079,-8.2118,-0.319884,-2.46292,4041.79,-0.305363,-2.64426,0
6988.55,-0.309572,-2.51406,0,0,0.921285,-4.56904,-0.309572,-2.51406,4038.26,-0.416813,-2.51102,0
6996.16,-0.293987,-2.53088,0,0,2.04822,-2.21152,-0.293987,-2.53088,4036.27,-0.310983,-2.53225,0
7010.03,-0.285989,-2.58751,0,0,0.576581,-4.08252,-0.285989,-2.58751,4034.04,-0.216972,-2.51875,0
7017.95,-0.288805,-2.5766,0,0,-0.355657,1.37901,-0.288805,-2.5766,4025.35,-0.143999,-2.89499,0
7028.23,-0.294318,-2.57498,0,0,-0.536433,0.157258,-0.294318,-2.57498,3999.51,-0.256429,-2.99635,0
7038.12,-0.422988,-2.55173,0,0,-13.0075,2.35085,-0.422988,-2.55173,3950.29,-0.573497,-2.32602,0
7051.86,-0.571832,-2.55407,0,0,-10.8353,-0.170698,-0.571832,-2.55407,3889.93,-0.642065,-2.25558,0
7059.01,-0.578139,-2.55422,0,0,-0.881516,-0.0205009,-0.578139,-2.55422,3842.53,-0.53066,-2.45549,0
7070.25,-0.5761,-2.55576,0,0,0.181486,-0.137267,-0.5761,-2.55576,3818.84,-0.584751,-2.59096,0
7076.78,-0.528104,-2.59576,0,0,7.35004,-6.12484,-0.528104,-2.59576,3810.7,-0.48,-2.66349,0
7088.46,-0.489347,-2.7128,0,0,3.31935,-10.0244,-0.489347,-2.7128,3807.9,-0.501128,-2.76295,0
7095.97,-0.457473,-2.81615,0,0,4.24314,-13.7574,-0.457473,-2.81615,3807.1,-0.361641,-2.88318,0
7110.22,-0.429826,-2.82322,0,0,1.93928,-0.496225,-0.429826,-2.82322,3807.6,-0.445492,-2.93466,0
7118.58,-0.428516,-2.82233,0,0,0.15687,0.106622,-0.428516,-2.82233,3808.01,-0.42864,-3.05474,0
7128.06,-0.424474,-2.79538,0,0,0.426239,2.8415,-0.424474,-2.79538,3806.8,-0.456261,-2.8927,0
7138.17,-0.410664,-2.70347,0,0,1.36603,9.09159,-0.410664,-2.70347,3801.98,-0.277632,-1.56724,0
7149.64,-0.405311,-2.6617,0,0,0.466656,3.64151,-0.405311,-2.6617,3791.64,-0.342856,-0.762705,0
7157.37,-0.423472,-2.6394,0,0,-2.34965,2.88456,-0.423472,-2.6394,3777.61,1.29833,-3.50469,0
7169.96,-0.475493,-2.6283,0,0,-4.13,0.881768,-0.475493,-2.6283,3767.28,0.373117,-2.20929,0
7177.1,-1.52837,-2.3929,0,0,-147.565,32.9922,-1.52837,-2.3929,3768.39,-6.18883,-3.88115,0
7189.09,-1.76262,-2.03391,0,0,-19.5352,29.9385,-1.76262,-2.03391,3779.35,-6.18883,-3.88115,2
7203.99,-1.71384,-1.67864,0,0,3.27223,23.8353,-1.71384,-1.67864,3795.81,-6.18883,-3.88115,2
7210.96,-1.63206,-1.39609,0,0,11.7373,40.5496,-1.63206,-1.39609,3826.52,0.425439,5.27713,0
7219.97,-0.763472,-0.81682,0,0,96.3812,64.2777,-0.763472,-0.81682,3878.74,1.70246,-1.99596,0
7228.08,-0.444454,0.581274,0,0,39.3461,172.434,-0.444454,0.581274,3933.88,-0.245428,1.5784,0
7241.97,-0.27362,1.50203,0,0,12.3026,66.3084,-0.27362,1.50203,3968.14,-0.383982,1.56898,0
7248.42,-0.261862,1.53927,0,0,1.82336,5.77367,-0.261862,1.53927,3981.3,-0.234952,1.80139,0
7260.16,-0.252511,1.53834,0,0,0.796551,-0.079101,-0.252511,1.53834,3985.22,-0.147211,1.87395,0
7270.78,-0.225678,1.53567,0,0,2.52566,-0.251575,-0.225678,1.53567,3986.7,-0.18706,1.86311,0
7284.8,-0.195368,1.53265,0,0,2.16238,-0.215237,-0.195368,1.53265,3987.52,-0.0992271,1.87046,0
7292.37,-0.170163,1.53085,0,0,3.32921,-0.238134,-0.170163,1.53085,3988.43,-0.134517,1.65492,0
7303.29,-0.137036,1.54358,0,0,3.03277,1.16585,-0.137036,1.54358,3989.78,-0.0321577,1.61637,0
7308.27,-0.0982576,1.54043,0,0,7.79617,-0.632498,-0.0982576,1.54043,3991.3,-0.0740476,1.60784,0
7322.51,-0.0951795,1.53642,0,0,0.2161,-0.281804,-0.0951795,1.53642,3993.05,-0.0671252,1.50238,0
7330.18,-0.0984215,1.44731,0,0,-0.422747,-11.6193,-0.0984215,1.44731,3995.74,-0.0665971,1.29815,0
7342.19,-0.114255,1.3311,0,0,-1.31867,-9.67836,-0.114255,1.3311,3999.83,-0.146044,1.37184,0
7350.67,-0.124829,1.3128,0,0,-1.24691,-2.15869,-0.124829,1.3128,4005.67,-0.138632,1.31518,0
7360.11,-0.126753,1.30367,0,0,-0.203801,-0.966257,-0.126753,1.30367,4013.36,-0.121587,1.31062,0
7370.45,-0.144148,1.20473,0,0,-1.68248,-9.56996,-0.144148,1.20473,4021.21,-0.165476,1.10177,0
7384.48,-0.167517,1.06887,0,0,-1.66504,-9.67989,-0.167517,1.06887,4026.75,-0.160975,0.958351,0
7393.86,-0.180868,0.990956,0,0,-1.424,-8.31035,-0.180868,0.990956,4029.83,-0.261895,0.943985,0
7402.02,-0.189555,0.938647,0,0,-1.06419,-6.40804,-0.189555,0.938647,4032.25,-0.192317,0.860474,0
7408.71,-0.187276,0.919802,0,0,0.340847,-2.81821,-0.187276,0.919802,4035.38,-0.2247,0.917571,0
7423.23,-0.197968,0.907311,0,0,-0.735978,-0.859839,-0.197968,0.907311,4043.56,-0.211697,0.72612,0
7433.54,-0.210792,0.816402,0,0,-1.24463,-8.82268,-0.210792,0.816402,4073.99,-0.223087,0.689008,0
7440.82,-0.21983,0.670041,0,0,-1.24195,-20.1129,-0.21983,0.670041,4159.86,-0.316759,0.91853,0
7452.93,-0.266792,-0.335891,0,0,-3.87638,-83.032,-0.266792,-0.335891,4302.9,0.373016,-1.44559,0
7460.13,0.012095,-1.33049,0,0,38.7236,-138.1,0.012095,-1.33049,4438.25,0.750106,-1.57467,0
7474.15,0.0588695,-1.41827,0,0,3.33746,-6.26313,0.0588695,-1.41827,4510.78,-0.393915,-1.72174,0
7482.54,0.115894,-1.42434,0,0,6.79514,-0.723622,0.115894,-1.42434,4531.52,0.444753,-1.37363,0
7494.7,-0.164969,-1.35718,0,0,-23.0916,5.52159,-0.164969,-1.35718,4529.74,-0.259096,-1.39405,0
7503.28,-0.165249,-1.30711,0,0,-0.0327189,5.834,-0.165249,-1.30711,4514.85,-0.0743732,-1.17634,0
7512.11,-0.0542438,-1.29219,0,0,12.5771,1.69069,-0.0542438,-1.29219,4492.56,-0.289311,-1.28786,0
7522.52,-0.0806176,-1.28844,0,0,-2.53448,0.360963,-0.0806176,-1.28844,4474.75,0.0219975,-1.27388,0
7533.64,-0.085916,-1.28789,0,0,-0.476218,0.0486569,-0.085916,-1.28789,4463.41,-0.00105856,-1.27576,0
7539.96,-0.174757,-1.27788,0,0,-14.066,1.58497,-0.174757,-1.27788,4446.34,-0.0821028,-1.35233,0
7553.09,-0.170807,-1.25188,0,0,0.300841,1.98008,-0.170807,-1.25188,4402.93,-0.350908,-1.28374,0
7560.67,-0.241049,-1.11667,0,0,-9.2692,17.8425,-0.241049,-1.11667,4319.67,-0.514278,-0.636253,0
7571.61,-0.224934,-0.989522,0,0,1.47271,11.6206,-0.224934,-0.989522,4217.4,-0.224088,-0.984186,0
7580.92,-0.224088,-0.984187,0,0,0.0909102,0.572808,-0.224088,-0.984187,4139.35,-0.224088,-0.984186,1
7594.73,-0.224088,-0.984186,0,0,5.2039e-06,3.27731e-05,-0.224088,-0.984186,4103.19,-0.224088,-0.984186,1
7602.52,-0.224088,-0.984186,0,0,0,0,-0.224088,-0.984186,4093.4,-0.224088,-0.984186,1
7613.01,-0.224088,-0.984186,0,0,0,0,-0.224088,-0.984186,4091.92,-0.224088,-0.984186,1
7622.17,-0.224088,-0.984186,0,0,0,0,-0.224088,-0.984186,4091.81,-0.224088,-0.984186,1
7634.99,-0.224088,-0.984186,0,0,0,0,-0.224088,-0.984186,4091.81,-0.224088,-0.984186,1
7642.09,-0.224088,-0.984186,0,0,0,0,-0.224088,-0.984186,4091.81,-0.224088,-0.984186,1
7654.13,-0.224088,-0.984186,0,0,0,0,-0.224088,-0.984186,4091.81,-0.224088,-0.984186,1
7660.43,-0.224088,-0.984186,0,0,0,0,-0.224088,-0.984186,4091.81,-0.224088,-0.984186,1
7671.91,-0.224088,-0.984186,0,0,0,0,-0.224088,-0.984186,4091.81,-0.224088,-0.984186,1
7680.76,-0.224088,-0.984186,0,0,0,0,-0.224088,-0.984186,4091.81,-0.224088,-0.984186,1
7694.61,-0.224088,-0.984186,0,0,0,0,-0.224088,-0.984186,4092.29,-0.224088,-0.984186,1
7704.74,-0.224088,-0.984186,0,0,0,0,-0.224088,-0.984186,4095.86,-0.224088,-0.984186,1
7712.1,-0.224088,-0.984186,0,0,0,0,-0.224088,-0.984186,4108.56,-0.224088,-0.984186,1
7725.08,-0.224088,-0.984186,0,0,0,0,-0.224088,-0.984186,4134.07,-0.224088,-0.984186,1
7733.13,-0.223734,-0.991747,0,0,0.0439016,-0.939173,-0.223734,-0.991747,4163.77,-0.224088,-0.984186,1
7744.05,-0.216488,-1.17956,0,0,0.663728,-17.2039,-0.216488,-1.17956,4184.33,-0.263446,-1.72781,0
7754.12,-0.237321,-1.54929,0,0,-2.07001,-36.7375,-0.237321,-1.54929,4193.41,-0.202306,-1.92341,0
7766.41,-0.262143,-1.71939,0,0,-2.01871,-13.8337,-0.262143,-1.71939,4195.98,-0.277511,-1.8121,0
7774.42,-0.272034,-1.78275,0,0,-1.23578,-7.91602,-0.272034,-1.78275,4194.93,-0.268057,-1.75763,0
7788.57,-0.278468,-1.81005,0,0,-0.454461,-1.92843,-0.278468,-1.81005,4189.65,-0.262249,-1.68915,0
7797.62,-0.279514,-1.81264,0,0,-0.115522,-0.286076,-0.279514,-1.81264,4180.21,-0.32648,-1.80538,0
7806.1,-0.289125,-1.84919,0,0,-1.13409,-4.31283,-0.289125,-1.84919,4169.81,-0.301712,-1.8893,0
7811.96,-0.299258,-1.88742,0,0,-1.72852,-6.52127,-0.299258,-1.88742,4161.44,-0.293378,-1.91642,0
7826.14,-0.304507,-1.89612,0,0,-0.370123,-0.613421,-0.304507,-1.89612,4156.02,-0.306982,-1.88561,0
7834.4,-0.318135,-1.91497,0,0,-1.6513,-2.28512,-0.318135,-1.91497,4153.05,-0.389326,-1.94333,0
7843.89,-0.340915,-1.93474,0,0,-2.39913,-2.08135,-0.340915,-1.93474,4151.07,-0.417542,-1.93412,0
7854.48,-0.371336,-1.96339,0,0,-2.87346,-2.70596,-0.371336,-1.96339,4149.01,-0.357014,-2.11056,0
7864.69,-0.394918,-2.04204,0,0,-2.30834,-7.69895,-0.394918,-2.04204,4146.77,-0.397619,-1.98078,0
7874.85,-0.404383,-2.10367,0,0,-0.931507,-6.06551,-0.404383,-2.10367,4144.71,-0.409812,-2.10323,0
7886.71,-0.399913,-2.14372,0,0,0.376901,-3.37695,-0.399913,-2.14372,4143.5,-0.40118,-2.17771,0
7896.5,-0.417195,-2.21886,0,0,-1.76676,-7.68174,-0.417195,-2.21886,4143.39,-0.396182,-2.2667,0
7904.96,-0.42059,-2.26375,0,0,-0.401277,-5.30622,-0.42059,-2.26375,4144.26,-0.424659,-2.37921,0
7912.36,-0.419166,-2.27924,0,0,0.192318,-2.09141,-0.419166,-2.27924,4146.03,-0.43311,-2.31929,0
7926.69,-0.418393,-2.29392,0,0,0.0539819,-1.02462,-0.418393,-2.29392,4148.19,-0.572049,-2.25008,0
7933.16,-0.419311,-2.32995,0,0,-0.141944,-5.57106,-0.419311,-2.32995,4149.79,-0.42423,-2.36403,0
7944.7,-0.362554,-2.39522,0,0,4.91698,-5.65403,-0.362554,-2.39522,4150.81,-0.282952,-2.48106,0
7957.42,-0.28893,-2.44341,0,0,5.78754,-3.78839,-0.28893,-2.44341,4152.13,-0.192867,-2.52422,0
7964.68,-0.251247,-2.44899,0,0,5.18978,-0.76837,-0.251247,-2.44899,4154.27,-0.308835,-2.52355,0
7979.37,-0.19589,-2.42381,0,0,3.76863,1.71399,-0.19589,-2.42381,4157.59,-0.220209,-2.41472,0
7990.8,0.0606204,-1.71144,0,0,22.4517,62.3522,0.0606204,-1.71144,4161.74,0.559729,-0.994553,0
8001.85,0.571311,-0.883814,0,0,46.2289,74.9182,0.571311,-0.883814,4164.96,0.990758,-0.376268,0
8008.7,0.807393,-0.812502,0,0,34.4193,10.3969,0.807393,-0.812502,4165.41,0.979741,-0.354749,0
8016.13,0.825545,-0.789242,0,0,2.44405,3.13177,0.825545,-0.789242,4163.57,0.842207,-0.730025,0
8026.39,0.855824,-0.794075,0,0,2.9523,-0.471254,0.855824,-0.794075,4161.29,0.750638,-0.88983,0
8036.17,0.847669,-0.85775,0,0,-0.833509,-6.50806,0.847669,-0.85775,4158.71,0.763291,-0.865609,0
8044.86,0.844483,-0.869666,0,0,-0.366768,-1.37171,0.844483,-0.869666,4154.29,0.902472,-0.83217,0
8056.44,0.811481,-0.87592,0,0,-2.85065,-0.540186,0.811481,-0.87592,4147.45,0.937283,-0.874848,0
8067.17,0.81163,-0.877221,0,0,0.0138793,-0.121177,0.81163,-0.877221,4139.69,0.854381,-0.914466,0
8075.95,0.848695,-0.902816,0,0,4.22398,-2.91682,0.848695,-0.902816,4131.84,0.822199,-0.669837,0
8089.33,0.866456,-0.948833,0,0,1.32719,-3.43872,0.866456,-0.948833,4122.98,0.70449,-1.02667,0
8099.63,0.862324,-1.02466,0,0,-0.401242,-7.36278,0.862324,-1.02466,4113.02,0.861037,-1.07149,0
8106.64,0.866846,-1.08851,0,0,0.644774,-9.10551,0.866846,-1.08851,4103.73,0.893158,-1.20608,0
8116.26,0.863961,-1.11215,0,0,-0.299997,-2.45769,0.863961,-1.11215,4096.64,0.930193,-1.15094,0
8126.33,0.861784,-1.12657,0,0,-0.216065,-1.43146,0.861784,-1.12657,4090.36,0.872033,-1.11796,0
8136.08,0.848331,-1.20411,0,0,-1.37977,-7.95309,0.848331,-1.20411,4082.07,0.782972,-1.29146,0
8143.89,0.815451,-1.28234,0,0,-4.21159,-10.0201,0.815451,-1.28234,4071.78,0.780682,-1.2721,0
8156.86,0.792083,-1.29902,0,0,-1.80158,-1.28592,0.792083,-1.29902,4062.5,0.822399,-1.31712,0
8166,0.78099,-1.3432,0,0,-1.21392,-4.83492,0.78099,-1.3432,4056.16,0.871857,-1.45891,0
8175.98,0.769953,-1.42173,0,0,-1.10607,-7.87003,0.769953,-1.42173,4051.67,0.748369,-1.4611,0
8184.92,0.766869,-1.50077,0,0,-0.344691,-8.83517,0.766869,-1.50077,4047.08,0.757438,-1.54,0
8197.14,0.759221,-1.55312,0,0,-0.625975,-4.285,0.759221,-1.55312,4041.43,0.726845,-1.56164,0
8209.95,0.741654,-1.61537,0,0,-1.37139,-4.85985,0.741654,-1.61537,4034.77,0.820794,-1.79468,0
8218.5,0.736189,-1.64636,0,0,-0.639052,-3.62302,0.736189,-1.64636,4027.81,0.811461,-1.78635,0
8228.06,0.720287,-1.66823,0,0,-1.66356,-2.28775,0.720287,-1.66823,4022.15,0.626914,-1.65898,0
8238.49,0.727407,-1.68185,0,0,0.683048,-1.30668,0.727407,-1.68185,4019.13,0.712816,-1.62093,0
8249.75,0.724374,-1.70562,0,0,-0.269327,-2.11086,0.724374,-1.70562,4018.21,0.77207,-1.75448,0
8255.99,0.731745,-1.68151,0,0,1.1809,3.86292,0.731745,-1.68151,4018.1,0.707658,-1.71438,0
8270.33,0.82724,-1.66603,0,0,6.65891,1.079,0.82724,-1.66603,4018.25,0.805031,-3.19333,0
8278.47,0.963032,-1.6073,0,0,16.6944,7.21993,0.963032,-1.6073,4018.8,1.74868,-1.38294,0
8290.64,1.05271,-1.26472,0,0,7.36673,28.1429,1.05271,-1.26472,4020.09,1.31209,-0.722055,0
8300.64,1.11559,-0.846334,0,0,6.28468,41.8179,1.11559,-0.846334,4021.97,1.17058,-0.595812,0
8308.15,1.15157,-0.655517,0,0,4.79333,25.4152,1.15157,-0.655517,4023.69,1.07562,-0.617361,0
8319.58,1.13575,-0.646198,0,0,-1.38474,0.815403,1.13575,-0.646198,4024.64,1.07566,-0.737038,0
8330.74,1.12146,-0.647035,0,0,-1.28013,-0.0749821,1.12146,-0.647035,4023.91,1.14746,-0.629562,0
8338.34,1.10012,-0.697625,0,0,-2.80916,-6.66179,1.10012,-0.697625,4019.95,1.06547,-0.792254,0
8348.25,1.08901,-0.735232,0,0,-1.12139,-3.79559,1.08901,-0.735232,4011.22,1.09507,-0.735658,0
8358.1,1.08067,-0.758363,0,0,-0.846724,-2.34738,1.08067,-0.758363,3998.63,1.0277,-0.864014,0
8371.36,1.06844,-0.797871,0,0,-0.922143,-2.97858,1.06844,-0.797871,3986.66,1.07731,-0.845095,0
8379.73,1.03219,-0.827271,0,0,-4.33519,-3.51594,1.03219,-0.827271,3978.92,0.963821,-0.767725,0
8391.6,0.992208,-0.846149,0,0,-3.36732,-1.58997,0.992208,-0.846149,3974.62,0.987063,-0.873186,0
8401.32,0.967625,-0.873103,0,0,-2.52813,-2.77198,0.967625,-0.873103,3971.34,0.985201,-0.891335,0
8408.09,0.936619,-0.943285,0,0,-4.57912,-10.365,0.936619,-0.943285,3968.7,0.928176,-1.00014,0
8418.41,0.893813,-1.00249,0,0,-4.14994,-5.73944,0.893813,-1.00249,3967.3,0.828241,-1.06289,0
8429.46,0.847484,-1.02467,0,0,-4.19299,-2.00785,0.847484,-1.02467,3966.97,0.80121,-1.01687,0
8438.39,0.843012,-1.04249,0,0,-0.500715,-1.99537,0.843012,-1.04249,3967.73,0.866938,-1.1191,0
8450.21,0.841276,-1.05795,0,0,-0.146828,-1.30721,0.841276,-1.05795,3971.07,0.792943,-0.936042,0
8460.21,0.843992,-1.1388,0,0,0.271667,-8.08812,0.843992,-1.1388,3979.04,0.808485,-1.24949,0
8470.37,0.844268,-1.49286,0,0,0.0271407,-34.852,0.844268,-1.49286,3991.06,1.69617,-3.09673,0
8484.08,0.896433,-1.85679,0,0,3.80268,-26.5296,0.896433,-1.85679,4002.37,0.964069,-1.81329,0
8493.76,0.94416,-1.94019,0,0,4.93251,-8.6194,0.94416,-1.94019,4008.66,0.894577,-1.53363,0
8502.66,0.946552,-1.94043,0,0,0.26875,-0.0270914,0.946552,-1.94043,4010.11,0.927567,-2.0865,0
8508.71,0.951612,-1.87608,0,0,0.836205,10.6354,0.951612,-1.87608,4006.95,1.08578,-2.07568,0
8523.1,0.860267,-1.83056,0,0,-6.34909,3.16418,0.860267,-1.83056,3995.26,0.77348,-1.7319,0
8533.19,0.763733,-1.70754,0,0,-9.56258,12.186,0.763733,-1.70754,3973.32,0.626258,-1.5412,0
8540.87,0.758965,-1.70209,0,0,-0.621442,0.709642,0.758965,-1.70209,3949.93,0.67663,-1.55936,0
8550.19,0.742896,-1.69946,0,0,-1.72351,0.282535,0.742896,-1.69946,3935.69,0.814889,-1.78835,0
8560.08,0.739343,-1.69906,0,0,-0.359269,0.0406445,0.739343,-1.69906,3930.77,0.832152,-1.7875,0
8570.24,0.739218,-1.69904,0,0,-0.0123415,0.00124121,0.739218,-1.69904,3930.42,0.738785,-1.7262,0
8583.26,0.738821,-1.69261,0,0,-0.0304834,0.494681,0.738821,-1.69261,3934.36,0.716189,-1.79506,0
8593.12,0.729867,-1.5462,0,0,-0.908035,14.8471,0.729867,-1.5462,3947.86,0.673407,-1.34896,0
8601.97,0.729401,-1.54029,0,0,-0.0525772,0.66762,0.729401,-1.54029,3974.08,0.656657,0.456707,0
8608.58,0.745446,-1.56066,0,0,2.42743,-3.08139,0.745446,-1.56066,4007.95,0.661123,0.354527,0
8622.36,1.14756,-1.76057,0,0,29.1809,-14.5077,1.14756,-1.76057,4043.79,2.53837,-3.08485,0
8632.68,1.11485,-1.83749,0,0,-3.16909,-7.4528,1.11485,-1.83749,4077.51,1.82279,-2.44859,0
8640.86,1.11931,-1.86054,0,0,0.545363,-2.81799,1.11931,-1.86054,4101.77,1.36662,-2.15522,0
8650.15,1.10115,-1.85253,0,0,-1.9546,0.862456,1.10115,-1.85253,4113.07,0.615167,-1.50025,0
8660.09,0.680089,-1.64992,0,0,-42.3904,20.3977,0.680089,-1.64992,4116.19,0.554953,-1.19705,0
8670.08,0.634517,-1.63829,0,0,-4.56124,1.16402,0.634517,-1.63829,4116.59,0.643819,-1.58742,0
8683.26,0.633533,-1.64355,0,0,-0.0746352,-0.399049,0.633533,-1.64355,4116.13,0.696291,-1.73855,0
8692.04,0.638371,-1.76795,0,0,0.551202,-14.1736,0.638371,-1.76795,4114.45,0.62311,-1.8293,0
8702.5,0.63939,-1.81564,0,0,0.097436,-4.55902,0.63939,-1.81564,4110.93,0.631682,-1.78895,0
8712.94,0.650244,-1.81859,0,0,1.0397,-0.282658,0.650244,-1.81859,4105.25,0.634768,-1.92425,0
8722.11,0.639548,-1.81651,0,0,-1.16624,0.22713,0.639548,-1.81651,4096.24,0.680894,-1.82884,0
8733.73,0.642013,-1.79183,0,0,0.211943,2.12211,0.642013,-1.79183,4082.9,0.679302,-1.7119,0
8740.1,0.634423,-1.74158,0,0,-1.19187,7.89234,0.634423,-1.74158,4067.19,0.606699,-1.77164,0
8754.11,0.622518,-1.70651,0,0,-0.849793,2.50283,0.622518,-1.70651,4052.17,0.632666,-1.70295,0
8760.71,0.616735,-1.70546,0,0,-0.876216,0.159299,0.616735,-1.70546,4038.49,0.45771,-0.820934,0
8772.08,0.576665,-1.72256,0,0,-3.52321,-1.50303,0.576665,-1.72256,4024.91,0.626599,-1.68369,0
8780.61,0.534667,-1.72185,0,0,-4.92534,0.0825937,0.534667,-1.72185,4012.77,0.456818,-1.73543,0
8794.61,0.517052,-1.77947,0,0,-1.25824,-4.11547,0.517052,-1.77947,4005.5,0.509165,-1.83978,0
8803.66,0.514607,-1.78183,0,0,-0.270167,-0.261178,0.514607,-1.78183,4002.46,0.625102,-1.81564,0
8811.96,0.498248,-1.76595,0,0,-1.97099,1.91323,0.498248,-1.76595,4000.21,0.503277,-1.84603,0
8822.57,0.442271,-1.41734,0,0,-5.27585,32.857,0.442271,-1.41734,3997.35,0.15445,-1.00289,0
8834.22,0.255754,-0.933918,0,0,-16.0087,41.4917,0.255754,-0.933918,3997.19,-0.0641907,-0.529877,0
8839.98,0.0976665,-0.817678,0,0,-27.4362,20.1736,0.0976665,-0.817678,4003.51,0.150532,-0.621975,0
8854.14,0.0652563,-0.810851,0,0,-2.28918,0.482211,0.0652563,-0.810851,4012.46,0.174515,-0.745715,0
8860.49,0.0568747,-0.812559,0,0,-1.32035,-0.269146,0.0568747,-0.812559,4017.85,-0.0139854,-0.950381,0
8873.48,0.0541401,-0.874415,0,0,-0.21048,-4.76102,0.0541401,-0.874415,4018.64,-0.100111,-0.885136,0
8881.48,0.0402514,-0.966844,0,0,-1.73544,-11.5494,0.0402514,-0.966844,4015.79,0.0472649,-1.07903,0
8892.02,0.0357207,-1.03533,0,0,-0.430061,-6.50095,0.0357207,-1.03533,4010.01,0.053366,-1.06239,0
8903.71,0.0262943,-1.12497,0,0,-0.80637,-7.66796,0.0262943,-1.12497,4003.44,0.0313018,-1.19244,0
8914.43,0.0155554,-1.1953,0,0,-1.00167,-6.55972,0.0155554,-1.1953,3997.43,-0.00159694,-1.31803,0
8920.86,0.0121816,-1.21467,0,0,-0.525014,-3.01491,0.0121816,-1.21467,3990.61,0.0103041,-1.21714,0
8934.5,0.00041486,-1.2354,0,0,-0.862287,-1.51922,0.00041486,-1.2354,3981.3,-0.0330157,-1.27361,0
8941.06,-0.00842534,-1.26123,0,0,-1.34739,-3.9369,-0.00842534,-1.26123,3970.09,-0.00513128,-1.22329,0
8954.34,-0.0203437,-1.2942,0,0,-0.897334,-2.48204,-0.0203437,-1.2942,3959.86,-0.0415033,-1.3123,0
8967.37,-0.0287305,-1.31672,0,0,-0.643948,-1.72902,-0.0287305,-1.31672,3952.99,-0.0229791,-1.37329,0
8975.9,-0.0326191,-1.33555,0,0,-0.455717,-2.20678,-0.0326191,-1.33555,3949.8,-0.184065,-1.31098,0
8986.43,-0.0579347,-1.37476,0,0,-2.40368,-3.72294,-0.0579347,-1.37476,3948.97,-0.0213733,-1.43405,0
8996.01,-0.109146,-1.44015,0,0,-5.34899,-6.82988,-0.109146,-1.44015,3949.45,-0.145027,-1.48793,0
9004.78,-0.135312,-1.4405,0,0,-2.9836,-0.0400707,-0.135312,-1.4405,3951.7,-0.15387,-1.58937,0
9012.29,-0.145183,-1.43771,0,0,-1.31369,0.37073,-0.145183,-1.43771,3956.37,-0.224914,-1.66973,0
9026.37,-0.139496,-1.39894,0,0,0.403876,2.75345,-0.139496,-1.39894,3962.21,-0.0791867,-0.854638,0
9033.07,-0.141072,-1.4205,0,0,-0.235474,-3.22042,-0.141072,-1.4205,3967.06,-0.213025,-0.836786,0
9044.36,-0.132369,-1.40844,0,0,0.770756,1.06814,-0.132369,-1.40844,3970.94,-0.127055,-1.76235,0
9054.36,-0.0323927,-1.10072,0,0,9.99964,30.7778,-0.0323927,-1.10072,3977.02,-0.0792237,-1.8606,0
9066.96,0.0233201,-1.0866,0,0,4.42025,1.12042,0.0233201,-1.0866,3991.26,-0.231924,-1.69892,0
9075.98,0.0694821,-0.993354,0,0,5.12058,10.3434,0.0694821,-0.993354,4017.87,0.191919,-0.493642,0
9088.38,0.136354,-0.791718,0,0,5.39069,16.2544,0.136354,-0.791718,4050.99,0.278097,-0.508157,0
9098,0.151116,-0.784234,0,0,1.53391,0.777697,0.151116,-0.784234,4077.82,0.153235,-0.919106,0
9106.03,0.160493,-0.78988,0,0,1.16831,-0.70351,0.160493,-0.78988,4092.93,0.151683,-0.86688,0
9112.03,0.144002,-0.89726,0,0,-2.74655,-17.8848,0.144002,-0.89726,4100.68,0.123182,-0.905611,0
9126.17,0.131892,-0.949531,0,0,-0.856563,-3.69693,0.131892,-0.949531,4106.38,0.130589,-0.986521,0
9134.18,0.117613,-1.00647,0,0,-1.78281,-7.10944,0.117613,-1.00647,4112.32,0.143645,-1.03134,0
9144.08,0.110146,-1.05307,0,0,-0.754236,-4.7072,0.110146,-1.05307,4118.69,0.0926875,-1.09908,0
9154.46,0.104665,-1.08841,0,0,-0.528133,-3.40551,0.104665,-1.08841,4124.85,0.0875481,-1.05503,0
9164.68,0.102763,-1.10066,0,0,-0.186206,-1.1989,0.102763,-1.10066,4130.57,0.0915621,-1.20114,0
9174.32,0.101761,-1.10413,0,0,-0.10394,-0.360203,0.101761,-1.10413,4135.56,0.0278372,-1.09634,0
9189.1,0.0886552,-1.13448,0,0,-0.886478,-2.05233,0.0886552,-1.13448,4138.9,0.119631,-1.16925,0
9198.72,0.0821595,-1.16915,0,0,-0.675091,-3.60322,0.0821595,-1.16915,4140.19,0.108912,-1.17845,0
9206.3,0.0647319,-1.17005,0,0,-2.29946,-0.119179,0.0647319,-1.17005,4140.24,0.0661245,-1.2186,0
9216.1,0.0634008,-1.16997,0,0,-0.135892,0.00849981,0.0634008,-1.16997,4140.09,0.0423349,-1.18529,0
9226.87,0.0499475,-1.16809,0,0,-1.24915,0.174427,0.0499475,-1.16809,4140.17,0.0224496,-1.11104,0
9236.09,0.0408732,-1.15555,0,0,-0.984305,1.36003,0.0408732,-1.15555,4140.3,0.0677663,-1.14523,0
9244.5,0.0332165,-1.15426,0,0,-0.909664,0.153172,0.0332165,-1.15426,4140.22,-0.0837662,-1.12264,0
9255.96,0.0266087,-1.15413,0,0,-0.576548,0.0117158,0.0266087,-1.15413,4139.99,0.0354867,-1.14948,0
9264.86,-0.0193917,-1.16381,0,0,-5.16975,-1.08851,-0.0193917,-1.16381,4139.84,-0.114235,-1.27654,0
9279.49,-0.0334816,-1.21244,0,0,-0.963014,-3.32351,-0.0334816,-1.21244,4139.88,-0.101831,-1.17592,0
9289.74,-0.0839387,-1.23806,0,0,-4.92409,-2.50032,-0.0839387,-1.23806,4140.19,-0.0818953,-1.26439,0
9299.93,-0.100392,-1.24903,0,0,-1.61422,-1.0761,-0.100392,-1.24903,4140.9,0.0089421,-1.22326,0
9306.01,-0.105763,-1.25048,0,0,-0.883626,-0.238524,-0.105763,-1.25048,4142.06,-0.140701,-1.25764,0
9316.2,-0.10445,-1.28622,0,0,0.128931,-3.50875,-0.10445,-1.28622,4143.66,-0.112707,-1.35988,0
9326.53,-0.107492,-1.32302,0,0,-0.294408,-3.56138,-0.107492,-1.32302,4145.27,-0.0338402,-0.479064,0
9336.18,-0.109323,-1.34227,0,0,-0.189761,-1.99485,-0.109323,-1.34227,4146.25,-0.0832708,-1.44283,0
9344.87,-0.0867097,-1.35835,0,0,2.60161,-1.85086,-0.0867097,-1.35835,4146.4,-0.038936,-1.34386,0
9356.03,-0.0699224,-1.41278,0,0,1.50438,-4.8773,-0.0699224,-1.41278,4145.45,-0.0991747,-1.46921,0
9367.16,-0.0535971,-1.47685,0,0,1.46705,-5.75774,-0.0535971,-1.47685,4142.22,-0.0333667,-1.48903,0
9376.07,-0.0543091,-1.48583,0,0,-0.0798966,-1.00766,-0.0543091,-1.48583,4135.96,-0.0119242,-1.50874,0
9386.05,-0.0654992,-1.4941,0,0,-1.12103,-0.828461,-0.0654992,-1.4941,4128.27,0.0592604,-1.49609,0
9396.96,-0.0688069,-1.49412,0,0,-0.303293,-0.00139836,-0.0688069,-1.49412,4121.46,-0.198102,-1.75486,0
9406.37,-0.133991,-1.47504,0,0,-6.92265,2.02586,-0.133991,-1.47504,4115.51,-0.356519,-1.8742,0
9417.63,-0.159695,-1.20601,0,0,-2.283,23.8948,-0.159695,-1.20601,4109.34,-0.102104,-0.727387,0
9424.17,-0.150473,-0.980376,0,0,1.40915,34.4793,-0.150473,-0.980376,4102.74,-0.472501,-0.903333,0
9437.43,-0.202303,-0.965634,0,0,-3.91141,1.11252,-0.202303,-0.965634,4096.94,-0.148382,-0.931744,0
9444.09,-0.250347,-0.971184,0,0,-7.20729,-0.832541,-0.250347,-0.971184,4093.49,-0.365223,-1.05288,0
9457.05,-0.288579,-1.2123,0,0,-2.9495,-18.6014,-0.288579,-1.2123,4092.24,-0.408792,-1.81056,0
9470.23,-0.265851,-1.37723,0,0,1.7243,-12.5127,-0.265851,-1.37723,4092.57,-0.363108,-1.83192,0
9478.27,-0.175552,-1.39318,0,0,11.241,-1.98588,-0.175552,-1.39318,4096.54,-0.103816,-1.80354,0
9488.59,0.0122352,-1.40955,0,0,18.1929,-1.58639,0.0122352,-1.40955,4109.79,0.19121,-1.37098,0
9496.03,0.174584,-1.36171,0,0,21.8329,6.43372,0.174584,-1.36171,4134.16,0.834919,-0.858078,0
9510.02,0.289362,-1.37053,0,0,8.20018,-0.629954,0.289362,-1.37053,4160.45,0.397818,-1.07705,0
9518.39,0.332028,-1.37502,0,0,5.09985,-0.53734,0.332028,-1.37502,4178.29,0.313829,-1.3626,0
9528.14,0.365716,-1.38292,0,0,3.45307,-0.808994,0.365716,-1.38292,4187.46,0.397874,-1.43005,0
9538.15,0.416557,-1.40009,0,0,5.08161,-1.71604,0.416557,-1.40009,4192.91,0.522181,-1.36781,0
9549.75,0.440732,-1.41142,0,0,2.08421,-0.97696,0.440732,-1.41142,4197.76,0.536605,-1.47464,0
9556.06,0.439552,-1.42623,0,0,-0.186901,-2.34512,0.439552,-1.42623,4202.85,0.658427,-1.42241,0
9570.86,0.432761,-1.45141,0,0,-0.459107,-1.70263,0.432761,-1.45141,4208.19,0.168481,-1.46722,0
9580.04,0.35588,-1.48065,0,0,-8.37298,-3.18377,0.35588,-1.48065,4213.98,0.296859,-1.46257,0
9590.68,0.26586,-1.48202,0,0,-8.46213,-0.129252,0.26586,-1.48202,4219.87,0.105548,-1.48201,0
9599.65,0.217057,-1.47728,0,0,-5.43949,0.528474,0.217057,-1.47728,4224.25,0.275018,-1.6614,0
9608.06,0.15872,-1.45483,0,0,-6.93327,2.6678,0.15872,-1.45483,4225.93,0.303425,-1.7014,0
9617.05,0.144275,-1.15711,0,0,-1.60723,33.1248,0.144275,-1.15711,4224.8,0.182332,-0.781298,0
9630.84,0.229635,-0.855832,0,0,6.19044,21.849,0.229635,-0.855832,4220.27,-0.173467,-0.704202,0
9637.24,0.152793,-0.835013,0,0,-12.0121,3.25449,0.152793,-0.835013,4209.73,0.0651816,-0.896799,0
9648.12,0.148681,-0.848893,0,0,-0.377679,-1.27471,0.148681,-0.848893,4191.5,0.430944,-0.778495,0
9658.55,0.138971,-1.1882,0,0,-0.931672,-32.5565,0.138971,-1.1882,4170.11,0.013424,-1.53954,0
9670.18,0.206255,-1.53793,0,0,5.78242,-30.0565,0.206255,-1.53793,4152.11,0.141497,-1.58211,0
9679.47,0.284181,-1.583,0,0,8.3918,-4.85343,0.284181,-1.583,4138.76,0.265913,-1.54976,0
9691.24,0.346243,-1.64006,0,0,5.27195,-4.84684,0.346243,-1.64006,4127.59,0.781385,-1.71866,0
9700.85,0.446875,-1.7324,0,0,10.4673,-9.6044,0.446875,-1.7324,4117.01,0.596813,-1.79116,0
9708.15,0.432886,-1.8604,0,0,-1.91659,-17.5371,0.432886,-1.8604,4105.52,0.425884,-2.11121,0
9722.39,0.407442,-2.02203,0,0,-1.78719,-11.3525,0.407442,-2.02203,4088.57,0.456658,-2.15808,0
9731.54,0.351094,-2.10441,0,0,-6.16089,-9.00744,0.351094,-2.10441,4064.25,-0.116827,-2.10997,0
9740.07,0.213043,-2.11455,0,0,-16.1842,-1.18883,0.213043,-2.11455,4041.01,0.149351,-2.04096,0
9750.17,0.137349,-2.13073,0,0,-7.49528,-1.60194,0.137349,-2.13073,4028.01,0.103945,-2.03428,0
9760.07,0.131403,-2.15078,0,0,-0.600466,-2.02486,0.131403,-2.15078,4024.97,0.503452,-2.34187,0
9770.75,0.134383,-2.12984,0,0,0.278829,1.95909,0.134383,-2.12984,4032.19,0.11345,-2.23913,0
9787.13,0.133331,-2.11696,0,0,-0.0642466,0.786665,0.133331,-2.11696,4062.31,0.251093,-2.11101,0
9796.61,0.171812,-1.83063,0,0,4.05925,30.2035,0.171812,-1.83063,4129.37,0.538641,-1.54583,0
9805.5,0.151861,-1.29258,0,0,-2.24297,60.4885,0.151861,-1.29258,4219.95,-0.168798,-0.631313,0
9808.98,0.0696708,-0.680333,0,0,-23.6179,175.934,0.0696708,-0.680333,4296.85,0.0361669,0.0926472,0
9822.82,0.0707651,-0.135169,0,0,0.0790597,39.3876,0.0707651,-0.135169,4340.85,0.30216,0.274867,0
9833.26,0.0694537,0.0184255,0,0,-0.125685,14.7205,0.0694537,0.0184255,4360.87,0.0788986,0.0447589,0
9840.14,0.0938157,0.0217274,0,0,3.53893,0.479651,0.0938157,0.0217274,4369.41,0.125781,0.104354,0
9850.12,0.118844,0.0177217,0,0,2.50906,-0.401574,0.118844,0.0177217,4372.42,0.0394021,0.00565903,0
9860.06,0.115409,-0.0176982,0,0,-0.345447,-3.5623,0.115409,-0.0176982,4372.72,0.138183,-0.0351713,0
9870.31,0.136075,-0.0627662,0,0,2.01705,-4.39859,0.136075,-0.0627662,4371.28,0.139632,-0.103711,0
9882.64,0.142004,-0.0969045,0,0,0.480802,-2.7685,0.142004,-0.0969045,4368.06,0.244233,-0.102193,0
9892.41,0.152015,-0.11386,0,0,1.02401,-1.7344,0.152015,-0.11386,4363.46,0.155202,-0.115101,0
9902.37,0.160326,-0.279134,0,0,0.835047,-16.6054,0.160326,-0.279134,4358.12,0.175519,-0.444146,0
9908.27,0.160669,-0.505133,0,0,0.0581057,-38.2855,0.160669,-0.505133,4351.83,0.271904,-0.58831,0
9922.36,0.172116,-0.629409,0,0,0.812617,-8.82206,0.172116,-0.629409,4343.75,0.129359,-0.672884,0
9930.52,0.150113,-0.785259,0,0,-2.69485,-19.0876,0.150113,-0.785259,4332.32,0.159112,-0.89458,0
9942.87,0.146743,-0.964088,0,0,-0.272822,-14.4777,0.146743,-0.964088,4316.6,0.18416,-1.09494,0
9951.11,0.10517,-1.06015,0,0,-5.04587,-11.6593,0.10517,-1.06015,4299.07,-0.0255695,-1.02425,0
9960.28,0.111747,-1.11195,0,0,0.717115,-5.64826,0.111747,-1.11195,4283.93,0.103581,-1.26397,0
9974.13,0.0716982,-1.19411,0,0,-2.89159,-5.9321,0.0716982,-1.19411,4272.95,0.062386,-1.12796,0
9983.4,0.0538536,-1.26291,0,0,-1.92498,-7.4216,0.0538536,-1.26291,4264.97,0.0772404,-1.27251,0
9994.66,0.0481314,-1.29787,0,0,-0.508463,-3.10631,0.0481314,-1.29787,4256.92,-0.0190787,-1.31459,0
10004.6,0.0339092,-1.38407,0,0,-1.43268,-8.68407,0.0339092,-1.38407,4246.93,0.031198,-1.48715,0
10012,0.0314832,-1.46667,0,0,-0.328239,-11.175,0.0314832,-1.46667,4237.23,-0.00253995,-1.445,0
10022.3,0.00537339,-1.51956,0,0,-2.53591,-5.13732,0.00537339,-1.51956,4230.88,0.014067,-1.5787,0
10033.5,-0.00305637,-1.55578,0,0,-0.747784,-3.21264,-0.00305637,-1.55578,4227.35,0.0389024,-1.5628,0
10040,-0.052601,-1.56285,0,0,-7.6446,-1.09094,-0.052601,-1.56285,4227.35,-0.0833704,-1.54697,0
10053,-0.0895101,-1.57517,0,0,-2.85409,-0.952954,-0.0895101,-1.57517,4227.35,-0.100399,-1.57935,0
10060.8,-0.0895101,-1.57517,0,0,0,0,-0.0895101,-1.57517,4227.35,-0.104093,-1.64116,0
