Resolution,1920,1080,Distance,58,Width,47.5,Subject,V013GDAURA,Test,TFIX-05122018-190441,Calibration,CC9-05122018-190408,Oscann, 4.0.12,libTracker, 1.0.13,crtime, 07112019-112553
Time(ms),GazeX(deg),GazeY(deg),StimulusX(deg),StimulusY(deg),GazeVelX(deg/s),GazeVelY(deg/s),ErrorX(deg),ErrorY(deg),PupilArea(px^2),GazeRawX(deg),GazeRawY(deg),Blinks,valid
0,0.368348,0.598713,0,0,0,0,0.368348,0.598713,5226.02,0.367683,0.608353,0,1
8.303,0.368348,0.598713,0,0,0,0,0.368348,0.598713,5226.02,0.376091,0.572852,0,1
16.213,0.363829,0.56767,0,0,-0.571319,-3.92457,0.363829,0.56767,5226.02,0.395073,0.516685,0,1
28.172,0.353437,0.496298,0,0,-0.868958,-5.96809,0.353437,0.496298,5226.02,0.379902,0.417117,0,1
36.173,0.337739,0.468289,0,0,-1.96197,-3.50061,0.337739,0.468289,5200.9,0.322099,0.425872,0,1
48.153,0.325937,0.468562,0,0,-0.985206,0.0227427,0.325937,0.468562,5173.37,0.302124,0.533363,0,1
56.292,0.310761,0.472093,0,0,-1.86457,0.433941,0.310761,0.472093,5150.67,0.322598,0.461916,0,1
68.151,0.30045,0.514697,0,0,-0.869476,3.59252,0.30045,0.514697,5127.12,0.301466,0.528849,0,1
76.198,0.296359,0.599033,0,0,-0.508399,10.4804,0.296359,0.599033,5100.89,0.208293,0.71099,0,1
88.485,0.291958,0.676134,0,0,-0.358179,6.275,0.291958,0.676134,5074.81,0.191891,0.675268,0,1
96.268,0.281113,0.689437,0,0,-1.39344,1.70932,0.281113,0.689437,5050.16,0.244117,0.682293,0,1
108.187,0.271282,0.697409,0,0,-0.824757,0.668845,0.271282,0.697409,5026.59,0.278486,0.7017,0,1
116.172,0.261379,0.714795,0,0,-1.24021,2.17725,0.261379,0.714795,5001.38,0.283084,0.737898,0,1
128.161,0.25239,0.738883,0,0,-0.749769,2.00919,0.25239,0.738883,4971.88,0.355026,0.745156,0,1
136.162,0.245182,0.74075,0,0,-0.900933,0.233368,0.245182,0.74075,4942.92,0.243741,0.735512,0,1
148.161,0.243539,0.740455,0,0,-0.136942,-0.0245858,0.243539,0.740455,4921.73,0.203912,0.834279,0,1
156.139,0.24169,0.72856,0,0,-0.231799,-1.49102,0.24169,0.72856,4908.13,0.175306,0.726539,0,1
168.202,0.237495,0.709671,0,0,-0.347708,-1.56587,0.237495,0.709671,4897.19,0.174212,0.60295,0,1
176.254,0.232387,0.697827,0,0,-0.634454,-1.4709,0.232387,0.697827,4884.54,0.0812531,0.688263,0,1
188.272,0.227279,0.693426,0,0,-0.425,-0.366178,0.227279,0.693426,4868,0.360146,0.684781,0,1
196.297,0.224204,0.693725,0,0,-0.383134,0.0372397,0.224204,0.693725,4848.59,0.417672,0.658032,0,1
208.263,0.22355,0.696763,0,0,-0.0547031,0.253864,0.22355,0.696763,4828.39,0.310575,0.570398,0,1
220.234,0.223912,0.702788,0,0,0.0302345,0.503283,0.223912,0.702788,4808.75,0.25418,0.751296,0,1
228.235,0.22341,0.713639,0,0,-0.0626285,1.35624,0.22341,0.713639,4790.88,0.219971,0.725963,0,1
240.277,0.218473,0.725279,0,0,-0.410047,0.966611,0.218473,0.725279,4773.99,0.248001,0.720546,0,1
248.232,0.209162,0.742135,0,0,-1.17037,2.1189,0.209162,0.742135,4756.17,0.17037,0.783268,0,1
260.221,0.20586,0.80465,0,0,-0.275443,5.21436,0.20586,0.80465,4738.31,0.162887,0.926954,0,1
268.292,0.205936,0.862299,0,0,0.00946058,7.1428,0.205936,0.862299,4721.42,0.178196,0.925073,0,1
280.299,0.202742,0.865111,0,0,-0.266043,0.234197,0.202742,0.865111,4704.59,0.159177,0.862099,0,1
288.283,0.202262,0.864547,0,0,-0.0600993,-0.0706231,0.202262,0.864547,4688.89,0.146425,0.802626,0,1
300.355,0.203147,0.849901,0,0,0.0732761,-1.21328,0.203147,0.849901,4676.24,0.212243,0.889053,0,1
308.328,0.21068,0.840133,0,0,0.944859,-1.22512,0.21068,0.840133,4666.11,0.185038,0.80017,0,1
320.163,0.222827,0.836387,0,0,1.02639,-0.316471,0.222827,0.836387,4656.1,0.266357,0.834815,0,1
328.243,0.230849,0.830142,0,0,0.992716,-0.772875,0.230849,0.830142,4644.36,0.389055,0.88577,0,1
340.18,0.234431,0.83338,0,0,0.300078,0.271241,0.234431,0.83338,4631.84,0.297963,0.823715,0,1
348.192,0.23513,0.834972,0,0,0.087279,0.198663,0.23513,0.834972,4621.38,0.311954,0.796395,0,1
360.176,0.23476,0.835972,0,0,-0.0308348,0.0834339,0.23476,0.835972,4614.13,0.321662,0.821138,0,1
368.189,0.234235,0.857909,0,0,-0.0656246,2.73764,0.234235,0.857909,4609.08,0.193684,0.931375,0,1
380.321,0.231689,0.897136,0,0,-0.209817,3.23336,0.231689,0.897136,4604.6,0.174772,0.99212,0,1
388.281,0.22416,0.907948,0,0,-0.945884,1.35827,0.22416,0.907948,4598.99,0.230646,0.917647,0,1
400.169,0.22102,0.935958,0,0,-0.264096,2.35617,0.22102,0.935958,4591.49,0.175828,1.01792,0,1
408.213,0.220504,0.9696,0,0,-0.0642359,4.18233,0.220504,0.9696,4583.38,0.230064,0.89507,0,1
420.165,0.221761,1.00238,0,0,0.105182,2.74235,0.221761,1.00238,4576.63,0.215015,1.09616,0,1
428.154,0.221863,1.01851,0,0,0.012792,2.01965,0.221863,1.01851,4571.91,0.335551,1.10275,0,1
440.226,0.224209,1.0641,0,0,0.194383,3.77657,0.224209,1.0641,4568.74,0.298004,1.06827,0,1
448.209,0.214566,1.08251,0,0,-1.20801,2.30569,0.214566,1.08251,4566.58,0.227505,0.979741,0,1
460.223,0.191685,1.09189,0,0,-1.90452,0.780649,0.191685,1.09189,4565.26,0.128437,1.21967,0,1
472.297,0.162074,1.09992,0,0,-2.45242,0.665182,0.162074,1.09992,4564.65,0.134095,1.10083,0,1
480.341,0.137663,1.1031,0,0,-3.03478,0.395049,0.137663,1.1031,4564.49,0.0608362,1.12066,0,1
492.214,0.125535,1.10437,0,0,-1.02142,0.106974,0.125535,1.10437,4564.57,0.0554012,1.14134,0,1
500.313,0.121845,1.09921,0,0,-0.455664,-0.636398,0.121845,1.09921,4565.11,0.100006,1.04824,0,1
512.188,0.123223,1.08346,0,0,0.116086,-1.32674,0.123223,1.08346,4566.63,-0.00999173,1.11297,0,1
520.213,0.134474,1.05673,0,0,1.40197,-3.33104,0.134474,1.05673,4569.29,0.0798041,1.10225,0,1
532.187,0.162572,1.02623,0,0,2.34659,-2.54712,0.162572,1.02623,4572.66,0.201225,1.00627,0,1
540.196,0.205632,1.00381,0,0,5.37645,-2.79849,0.205632,1.00381,4577.12,0.225001,0.999742,0,1
552.177,0.251418,0.978787,0,0,3.82149,-2.08893,0.251418,0.978787,4584.37,0.330854,0.916855,0,1
560.284,0.288523,0.950303,0,0,4.57699,-3.5135,0.288523,0.950303,4595.38,0.284306,0.906799,0,1
572.26,0.315716,0.945955,0,0,2.27064,-0.362992,0.315716,0.945955,4608.39,0.420573,0.901946,0,1
580.251,0.333352,0.944112,0,0,2.2069,-0.230667,0.333352,0.944112,4619.22,0.381638,0.953652,0,1
592.205,0.345173,0.949833,0,0,0.988937,0.478592,0.345173,0.949833,4625.55,0.458809,1.0017,0,1
600.197,0.350383,0.949511,0,0,0.651868,-0.0403133,0.350383,0.949511,4629.37,0.395339,1.00123,0,1
612.158,0.352706,0.949151,0,0,0.194208,-0.030119,0.352706,0.949151,4634.43,0.205918,0.982717,0,1
620.196,0.354003,0.946468,0,0,0.161307,-0.333753,0.354003,0.946468,4643.09,0.25985,0.941309,0,1
632.151,0.352469,0.927543,0,0,-0.128271,-1.58304,0.352469,0.927543,4654.5,0.313181,0.930508,0,1
640.153,0.349331,0.90127,0,0,-0.392158,-3.28328,0.349331,0.90127,4665.16,0.402441,0.856555,0,1
652.157,0.346121,0.871267,0,0,-0.267444,-2.4994,0.346121,0.871267,4672.41,0.331115,0.87907,0,1
660.142,0.347867,0.860665,0,0,0.218694,-1.32778,0.347867,0.860665,4676.81,0.349327,0.859769,0,1
672.33,0.350421,0.826028,0,0,0.209539,-2.84189,0.350421,0.826028,4680.77,0.387604,0.735911,0,1
680.326,0.347078,0.706727,0,0,-0.418063,-14.9201,0.347078,0.706727,4686.24,0.296638,0.614455,0,1
692.196,0.356026,0.638257,0,0,0.753869,-5.76838,0.356026,0.638257,4694.58,0.307142,0.598064,0,1
700.247,0.372415,0.622064,0,0,2.03562,-2.0113,0.372415,0.622064,4705.81,0.407524,0.529929,0,1
712.175,0.388368,0.620004,0,0,1.33739,-0.172705,0.388368,0.620004,4717.63,0.385904,0.661269,0,1
724.151,0.404297,0.627179,0,0,1.33014,0.599124,0.404297,0.627179,4727.53,0.390339,0.635775,0,1
732.209,0.417298,0.6265,0,0,1.6134,-0.0842215,0.417298,0.6265,4735.29,0.485464,0.671405,0,1
744.148,0.429165,0.63674,0,0,0.993922,0.85771,0.429165,0.63674,4742.58,0.410427,0.531214,0,1
752.16,0.438414,0.639178,0,0,1.15448,0.304201,0.438414,0.639178,4751.44,0.358625,0.613732,0,1
764.144,0.456674,0.709239,0,0,1.52367,5.84628,0.456674,0.709239,4762.86,0.494955,0.806839,0,1
772.298,0.471794,0.773159,0,0,1.85431,7.83904,0.471794,0.773159,4775.13,0.456999,0.746462,0,1
784.209,0.476683,0.78776,0,0,0.41042,1.22583,0.476683,0.78776,4784.95,0.509698,0.814892,0,1
792.211,0.478198,0.793567,0,0,0.189437,0.725757,0.478198,0.793567,4791,0.525149,0.767035,0,1
804.151,0.477289,0.792816,0,0,-0.0761281,-0.062938,0.477289,0.792816,4794.68,0.620233,0.804713,0,1
812.231,0.47375,0.795534,0,0,-0.438113,0.336434,0.47375,0.795534,4797.45,0.395821,0.79006,0,1
824.179,0.463926,0.79692,0,0,-0.822223,0.115954,0.463926,0.79692,4799.55,0.417545,0.804147,0,1
832.185,0.447983,0.800754,0,0,-1.99137,0.478894,0.447983,0.800754,4801.24,0.549768,0.808037,0,1
844.141,0.429727,0.803101,0,0,-1.52694,0.196321,0.429727,0.803101,4803.37,0.555648,0.780721,0,1
852.152,0.412482,0.806226,0,0,-2.15266,0.390081,0.412482,0.806226,4806.78,0.422446,0.805189,0,1
864.176,0.395159,0.814338,0,0,-1.44065,0.674685,0.395159,0.814338,4811.92,0.375093,0.824771,0,1
872.269,0.377259,0.817036,0,0,-2.21187,0.33333,0.377259,0.817036,4817.75,0.318924,0.834933,0,1
884.2,0.364182,0.82422,0,0,-1.09606,0.602104,0.364182,0.82422,4822.13,0.360962,0.823218,0,1
892.267,0.355824,0.825044,0,0,-1.03602,0.102196,0.355824,0.825044,4824.25,0.344779,0.800578,0,1
904.163,0.350597,0.815045,0,0,-0.439419,-0.840574,0.350597,0.815045,4824.88,0.338708,0.889302,0,1
912.139,0.348105,0.802735,0,0,-0.312407,-1.54327,0.348105,0.802735,4824.69,0.216781,0.81563,0,1
924.176,0.350121,0.799294,0,0,0.167494,-0.285928,0.350121,0.799294,4823.67,0.276137,0.818187,0,1
932.165,0.358054,0.788312,0,0,0.993015,-1.37466,0.358054,0.788312,4821.9,0.336192,0.762565,0,1
944.187,0.374578,0.767681,0,0,1.37446,-1.71608,0.374578,0.767681,4820.06,0.429238,0.746902,0,1
952.163,0.39727,0.754454,0,0,2.84505,-1.65833,0.39727,0.754454,4818.57,0.38642,0.755754,0,1
964.183,0.416058,0.738715,0,0,1.56303,-1.30938,0.416058,0.738715,4817.53,0.399999,0.727827,0,1
976.273,0.42817,0.717771,0,0,1.00184,-1.73237,0.42817,0.717771,4817.02,0.440656,0.708733,0,1
984.189,0.440558,0.706981,0,0,1.56499,-1.36307,0.440558,0.706981,4816.91,0.433195,0.701766,0,1
996.188,0.459937,0.699954,0,0,1.61503,-0.585598,0.459937,0.699954,4817.04,0.452536,0.636362,0,1
1004.26,0.487253,0.680033,0,0,3.384,-2.4679,0.487253,0.680033,4817.27,0.606599,0.73642,0,1
1016.18,0.51515,0.647543,0,0,2.34118,-2.72658,0.51515,0.647543,4817.46,0.513234,0.633534,0,1
1024.16,0.533614,0.607834,0,0,2.3129,-4.97429,0.533614,0.607834,4817.54,0.50942,0.576868,0,1
1036.14,0.54266,0.581637,0,0,0.754748,-2.1858,0.54266,0.581637,4817.56,0.552559,0.590967,0,1
1044.16,0.547428,0.58002,0,0,0.594475,-0.201626,0.547428,0.58002,4817.5,0.572178,0.489733,0,1
1056.14,0.548499,0.580386,0,0,0.0894506,0.0305812,0.548499,0.580386,4817.17,0.651784,0.565396,0,1
1064.2,0.549595,0.592118,0,0,0.135935,1.45632,0.549595,0.592118,4816.16,0.579069,0.605134,0,1
1076.39,0.549972,0.605839,0,0,0.0309743,1.12504,0.549972,0.605839,4814.07,0.548256,0.596418,0,1
1084.22,0.548116,0.626021,0,0,-0.237332,2.58012,0.548116,0.626021,4810.43,0.535876,0.686589,0,1
1096.19,0.539105,0.645447,0,0,-0.752487,1.62223,0.539105,0.645447,4804.51,0.590782,0.681205,0,1
1104.24,0.518992,0.648928,0,0,-2.49754,0.432314,0.518992,0.648928,4795.95,0.49157,0.608274,0,1
1116.13,0.490479,0.658403,0,0,-2.39831,0.796896,0.490479,0.658403,4785.75,0.410215,0.693089,0,1
1124.15,0.448692,0.668255,0,0,-5.21488,1.22955,0.448692,0.668255,4776.56,0.484212,0.597354,0,1
1136.13,0.397104,0.683696,0,0,-4.30436,1.28834,0.397104,0.683696,4770.48,0.316008,0.665907,0,1
1144.14,0.351014,0.680403,0,0,-5.75258,-0.410969,0.351014,0.680403,4766.97,0.318604,0.702352,0,1
1156.14,0.32806,0.683339,0,0,-1.91415,0.244864,0.32806,0.683339,4764.1,0.244148,0.719707,0,1
1164.15,0.323292,0.696531,0,0,-0.59471,1.6455,0.323292,0.696531,4760.05,0.31442,0.650346,0,1
1176.26,0.325163,0.710074,0,0,0.154462,1.11808,0.325163,0.710074,4753.71,0.28641,0.714184,0,1
1184.21,0.332122,0.734387,0,0,0.876142,3.06096,0.332122,0.734387,4745.91,0.362288,0.755427,0,1
1196.27,0.344105,0.766341,0,0,0.993165,2.64853,0.344105,0.766341,4739.47,0.369353,0.792315,0,1
1204.18,0.355946,0.78121,0,0,1.49756,1.88041,0.355946,0.78121,4736.13,0.344618,0.834411,0,1
1216.18,0.366379,0.787211,0,0,0.869376,0.500089,0.366379,0.787211,4734.94,0.485366,0.773532,0,1
1228.16,0.375093,0.788238,0,0,0.727217,0.0856972,0.375093,0.788238,4734.36,0.436502,0.77819,0,1
1236.22,0.38346,0.791216,0,0,1.03896,0.369816,0.38346,0.791216,4733.83,0.436388,0.78674,0,1
1248.2,0.392168,0.804944,0,0,0.726471,1.14523,0.392168,0.804944,4733.27,0.498341,0.804456,0,1
1256.22,0.397368,0.823109,0,0,0.648957,2.26718,0.397368,0.823109,4732.34,0.377103,0.889857,0,1
1268.2,0.396484,0.842049,0,0,-0.0737464,1.57976,0.396484,0.842049,4730.25,0.350635,0.847791,0,1
1276.43,0.391638,0.860029,0,0,-0.588923,2.18533,0.391638,0.860029,4726.36,0.30652,0.905718,0,1
1288.25,0.387254,0.871086,0,0,-0.370869,0.93543,0.387254,0.871086,4721.25,0.420061,0.851774,0,1
1296.25,0.387516,0.885691,0,0,0.0327013,1.82718,0.387516,0.885691,4716.74,0.368405,0.790462,0,1
1308.14,0.390812,0.897188,0,0,0.277112,0.966372,0.390812,0.897188,4713.89,0.357989,0.956543,0,1
1316.16,0.393529,0.895168,0,0,0.338958,-0.25196,0.393529,0.895168,4712.22,0.329194,0.889154,0,1
1328.14,0.395306,0.894855,0,0,0.148277,-0.0261427,0.395306,0.894855,4711.03,0.398792,0.91774,0,1
1336.16,0.395081,0.894687,0,0,-0.0280952,-0.0209636,0.395081,0.894687,4709.99,0.396803,0.890076,0,1
1348.13,0.393112,0.889187,0,0,-0.164336,-0.459172,0.393112,0.889187,4708.82,0.433745,0.885234,0,1
1356.15,0.387701,0.858122,0,0,-0.674741,-3.87339,0.387701,0.858122,4707.26,0.404535,0.67737,0,1
1368.28,0.379697,0.807459,0,0,-0.659939,-4.1774,0.379697,0.807459,4705.12,0.418212,0.759742,0,1
1376.54,0.374764,0.789736,0,0,-0.5973,-2.14612,0.374764,0.789736,4702.42,0.348451,0.676695,0,1
1388.2,0.366717,0.790012,0,0,-0.690492,0.0236764,0.366717,0.790012,4699.41,0.261378,0.798335,0,1
1396.2,0.350933,0.791945,0,0,-1.97227,0.241584,0.350933,0.791945,4695.68,0.312992,0.801192,0,1
1408.15,0.332649,0.794411,0,0,-1.53035,0.206406,0.332649,0.794411,4690.31,0.298898,0.806859,0,1
1416.2,0.32096,0.801014,0,0,-1.45179,0.820005,0.32096,0.801014,4683.78,0.294991,0.889404,0,1
1428.14,0.316855,0.804312,0,0,-0.343719,0.276171,0.316855,0.804312,4677.86,0.394823,0.699242,0,1
1436.14,0.322491,0.84281,0,0,0.704717,4.81415,0.322491,0.84281,4673.05,0.306494,0.893904,0,1
1448.14,0.327183,0.873019,0,0,0.390781,2.51595,0.327183,0.873019,4668.57,0.32258,0.992717,0,1
1456.13,0.325215,0.874732,0,0,-0.246296,0.214352,0.325215,0.874732,4664.5,0.370369,0.878534,0,1
1468.15,0.321647,0.87926,0,0,-0.296903,0.376765,0.321647,0.87926,4661.57,0.325612,0.845931,0,1
1480.19,0.315374,0.87354,0,0,-0.520888,-0.474959,0.315374,0.87354,4659.73,0.331959,0.835962,0,1
1488.25,0.308136,0.869097,0,0,-0.897887,-0.551115,0.308136,0.869097,4658.27,0.522426,0.928273,0,1
1500.28,0.298238,0.854127,0,0,-0.82309,-1.2449,0.298238,0.854127,4656.77,0.309803,0.904988,0,1
1508.29,0.286183,0.837945,0,0,-1.50422,-2.0193,0.286183,0.837945,4655.36,0.198577,0.809335,0,1
1520.14,0.276916,0.841347,0,0,-0.782543,0.287264,0.276916,0.841347,4654.38,0.251586,0.793957,0,1
1528.15,0.27114,0.842161,0,0,-0.7205,0.101623,0.27114,0.842161,4653.92,0.104892,0.900944,0,1
1540.14,0.270981,0.841892,0,0,-0.0132535,-0.0224556,0.270981,0.841892,4653.81,0.261588,0.869538,0,1
1548.15,0.284104,0.847488,0,0,1.63683,0.698038,0.284104,0.847488,4653.89,0.229683,0.836692,0,1
1560.13,0.327182,0.844204,0,0,3.59675,-0.274258,0.327182,0.844204,4654.31,0.217812,0.855218,0,1
1568.16,0.41208,0.838522,0,0,10.5765,-0.707764,0.41208,0.838522,4655.41,0.54671,0.985743,0,1
1580.22,0.515728,0.842429,0,0,8.59079,0.323811,0.515728,0.842429,4657.4,0.694739,0.763471,0,1
1588.25,0.599261,0.834087,0,0,10.4026,-1.03882,0.599261,0.834087,4659.93,0.705112,0.802284,0,1
1600.15,0.660827,0.844925,0,0,5.1762,0.911172,0.660827,0.844925,4662.57,0.655923,0.872961,0,1
1608.25,0.70832,0.837496,0,0,5.86408,-0.917243,0.70832,0.837496,4665.71,0.72403,0.803931,0,1
1620.14,0.750486,0.832653,0,0,3.54513,-0.407209,0.750486,0.832653,4670.45,0.816525,0.832806,0,1
1628.15,0.780669,0.829014,0,0,3.76819,-0.454301,0.780669,0.829014,4677.58,0.830732,0.921765,0,1
1640.14,0.795012,0.827497,0,0,1.19645,-0.12656,0.795012,0.827497,4687.47,0.801963,0.823726,0,1
1648.2,0.799755,0.832486,0,0,0.588494,0.619091,0.799755,0.832486,4699.81,0.779835,0.764646,0,1
1660.13,0.801765,0.845756,0,0,0.168377,1.11161,0.801765,0.845756,4713.63,0.815877,0.901219,0,1
1668.17,0.799671,0.848478,0,0,-0.260508,0.338544,0.799671,0.848478,4729.51,0.828276,0.900049,0,1
1680.2,0.791007,0.849609,0,0,-0.72035,0.0940524,0.791007,0.849609,4748.05,0.808142,0.889998,0,1
1688.16,0.767201,0.850211,0,0,-2.98992,0.075694,0.767201,0.850211,4766.9,0.76726,0.837454,0,1
1700.15,0.712993,0.802835,0,0,-4.52146,-3.95168,0.712993,0.802835,4785.68,0.700414,0.762782,0,1
1708.13,0.643828,0.761066,0,0,-8.66631,-5.23349,0.643828,0.761066,4808.77,0.307919,0.715153,0,1
1720.14,0.58943,0.755716,0,0,-4.52859,-0.44544,0.58943,0.755716,4837.02,0.507463,0.77379,0,1
1732.13,0.559726,0.747917,0,0,-2.47889,-0.650764,0.559726,0.747917,4863.85,0.556865,0.751674,0,1
1740.22,0.547564,0.73286,0,0,-1.50346,-1.86144,0.547564,0.73286,4884.62,0.378847,0.666402,0,1
1752.13,0.547655,0.748938,0,0,0.0075957,1.34984,0.547655,0.748938,4902.61,0.448822,0.804592,0,1
1760.23,0.54872,0.750539,0,0,0.131449,0.197481,0.54872,0.750539,4923,0.548121,0.724171,0,1
1772.23,0.554015,0.772965,0,0,0.441413,1.86943,0.554015,0.772965,4947.14,0.560874,0.805042,0,1
1780.29,0.557406,0.785089,0,0,0.4206,1.50389,0.557406,0.785089,4972.88,0.536145,0.789009,0,1
1792.18,0.558218,0.785498,0,0,0.0682962,0.0343554,0.558218,0.785498,4997.24,0.563185,0.813955,0,1
1800.23,0.558837,0.785382,0,0,0.0768857,-0.0143078,0.558837,0.785382,5020.32,0.578272,0.782234,0,1
1812.13,0.560164,0.783148,0,0,0.111473,-0.187719,0.560164,0.783148,5045.86,0.502183,0.791181,0,1
1820.14,0.55972,0.754914,0,0,-0.0554072,-3.52441,0.55972,0.754914,5075.49,0.622419,0.719058,0,1
1832.12,0.559455,0.714495,0,0,-0.0220852,-3.37362,0.559455,0.714495,5104.69,0.554296,0.675475,0,1
1840.14,0.562273,0.690473,0,0,0.351574,-2.99713,0.562273,0.690473,5128.72,0.454391,0.637448,0,1
1852.12,0.566473,0.679654,0,0,0.350358,-0.902428,0.566473,0.679654,5149.68,0.633689,0.64215,0,1
1860.49,0.571964,0.678573,0,0,0.655957,-0.129143,0.571964,0.678573,5171.25,0.639093,0.670064,0,1
1872.16,0.577546,0.677892,0,0,0.478461,-0.0583565,0.577546,0.677892,5192.09,0.605237,0.675502,0,1
1880.22,0.581104,0.677459,0,0,0.441477,-0.0538367,0.581104,0.677459,5211.65,0.583017,0.716633,0,1
1892.18,0.58151,0.677631,0,0,0.0339145,0.0144346,0.58151,0.677631,5234.34,0.577299,0.698283,0,1
1900.18,0.579519,0.683139,0,0,-0.248726,0.688385,0.579519,0.683139,5260.89,0.527696,0.585797,0,1
1912.16,0.574617,0.688909,0,0,-0.409363,0.481755,0.574617,0.688909,5285.43,0.611225,0.559833,0,1
1920.14,0.567129,0.695369,0,0,-0.938624,0.809796,0.567129,0.695369,5305.4,0.572628,0.698852,0,1
1932.16,0.55913,0.716689,0,0,-0.665323,1.77329,0.55913,0.716689,5324.8,0.581971,0.770289,0,1
1940.15,0.547618,0.718978,0,0,-1.44065,0.286502,0.547618,0.718978,5347.51,0.424782,0.781592,0,1
1952.16,0.537922,0.719863,0,0,-0.807688,0.0736875,0.537922,0.719863,5374.48,0.511428,0.709933,0,1
1960.21,0.529548,0.712747,0,0,-1.03979,-0.883491,0.529548,0.712747,5404.32,0.483122,0.695003,0,1
1972.2,0.518457,0.682792,0,0,-0.924677,-2.49754,0.518457,0.682792,5431.87,0.526289,0.671998,0,1
1984.25,0.509069,0.673655,0,0,-0.7791,-0.758263,0.509069,0.673655,5451.95,0.360658,0.690627,0,1
1992.21,0.498996,0.664468,0,0,-1.26685,-1.15541,0.498996,0.664468,5466.26,0.425263,0.649551,0,1
2004.22,0.489014,0.649168,0,0,-0.830922,-1.27356,0.489014,0.649168,5480.56,0.541067,0.649835,0,1
2012.27,0.480755,0.637887,0,0,-1.02618,-1.4017,0.480755,0.637887,5497.55,0.517283,0.614651,0,1
2024.16,0.473477,0.626921,0,0,-0.612037,-0.922092,0.473477,0.626921,5516.25,0.49516,0.621296,0,1
2032.17,0.463622,0.59247,0,0,-1.23045,-4.30156,0.463622,0.59247,5535.22,0.397235,0.57354,0,1
2044.25,0.449137,0.516205,0,0,-1.19908,-6.31336,0.449137,0.516205,5553.58,0.38464,0.472994,0,1
2052.18,0.436067,0.442074,0,0,-1.64876,-9.35172,0.436067,0.442074,5569.49,0.456886,0.36728,0,1
2064.15,0.429683,0.420356,0,0,-0.533177,-1.81356,0.429683,0.420356,5581.53,0.384663,0.440494,0,1
2072.24,0.424806,0.41235,0,0,-0.602572,-0.989334,0.424806,0.41235,5592.39,0.455642,0.389099,0,1
2084.26,0.421826,0.412702,0,0,-0.247923,0.0293492,0.421826,0.412702,5606.24,0.391736,0.430762,0,1
2092.28,0.420218,0.420279,0,0,-0.200481,0.945026,0.420218,0.420279,5623.17,0.466625,0.420251,0,1
2104.13,0.416865,0.418969,0,0,-0.283105,-0.110579,0.416865,0.418969,5640.26,0.456852,0.381072,0,1
2112.14,0.412442,0.418262,0,0,-0.552131,-0.0881711,0.412442,0.418262,5655.69,0.327969,0.515085,0,1
2124.13,0.404537,0.398785,0,0,-0.659193,-1.62423,0.404537,0.398785,5669.61,0.396211,0.368172,0,1
2132.14,0.396893,0.377505,0,0,-0.954634,-2.65758,0.396893,0.377505,5682.25,0.414287,0.403699,0,1
2144.12,0.38983,0.355471,0,0,-0.589301,-1.83834,0.38983,0.355471,5693.37,0.410785,0.309593,0,1
2152.13,0.381843,0.329505,0,0,-0.998009,-3.2446,0.381843,0.329505,5703.66,0.369254,0.318316,0,1
2164.16,0.374322,0.31169,0,0,-0.624896,-1.48009,0.374322,0.31169,5715,0.335293,0.311342,0,1
2172.2,0.368194,0.305271,0,0,-0.762062,-0.798263,0.368194,0.305271,5728.63,0.371211,0.273437,0,1
2184.26,0.362681,0.305669,0,0,-0.45743,0.0329795,0.362681,0.305669,5743.45,0.352022,0.2653,0,1
2192.17,0.354848,0.30678,0,0,-0.98923,0.140307,0.354848,0.30678,5757.62,0.451107,0.292488,0,1
2204.17,0.34264,0.311895,0,0,-1.01733,0.426245,0.34264,0.311895,5771.33,0.370734,0.316821,0,1
2212.15,0.326531,0.320995,0,0,-2.02022,1.14127,0.326531,0.320995,5786.98,0.272906,0.323634,0,1
2224.16,0.310521,0.330803,0,0,-1.33247,0.816328,0.310521,0.330803,5807.16,0.16936,0.421094,0,1
2236.14,0.296621,0.332797,0,0,-1.16019,0.166362,0.296621,0.332797,5830.68,0.390279,0.378749,0,1
2244.25,0.285205,0.332064,0,0,-1.40898,-0.090396,0.285205,0.332064,5852.32,0.28197,0.341549,0,1
2256.14,0.273614,0.311127,0,0,-0.974281,-1.75983,0.273614,0.311127,5869.4,0.25031,0.28278,0,1
2264.17,0.263634,0.287595,0,0,-1.244,-2.93314,0.263634,0.287595,5884.43,0.337847,0.163341,0,1
2276.35,0.257733,0.287025,0,0,-0.484395,-0.0467707,0.257733,0.287025,5901.41,0.420057,0.23788,0,1
2284.26,0.251537,0.281857,0,0,-0.783415,-0.653495,0.251537,0.281857,5921.97,0.240105,0.340812,0,1
2296.17,0.245614,0.278158,0,0,-0.49701,-0.310359,0.245614,0.278158,5944.5,0.204164,0.334098,0,1
2304.23,0.241747,0.288608,0,0,-0.479991,1.29711,0.241747,0.288608,5967.18,0.182598,0.218972,0,1
2316.13,0.237179,0.303522,0,0,-0.384049,1.25371,0.237179,0.303522,5989.58,0.235964,0.23566,0,1
2324.25,0.229002,0.313198,0,0,-1.00645,1.19107,0.229002,0.313198,6012.29,0.190095,0.319104,0,1
2336.12,0.219258,0.314758,0,0,-0.820894,0.131377,0.219258,0.314758,6034.82,0.195288,0.317477,0,1
2344.14,0.212436,0.315602,0,0,-0.850903,0.105241,0.212436,0.315602,6055.46,0.180465,0.269437,0,1
2356.12,0.208483,0.315961,0,0,-0.329927,0.0300242,0.208483,0.315961,6076.38,0.259823,0.315405,0,1
2364.13,0.205197,0.311701,0,0,-0.410044,-0.531569,0.205197,0.311701,6102.07,0.274806,0.30174,0,1
2376.37,0.197327,0.271244,0,0,-0.643202,-3.30661,0.197327,0.271244,6132.1,0.179464,0.213782,0,1
2384.25,0.18938,0.223995,0,0,-1.0079,-5.99235,0.18938,0.223995,6162.1,0.206929,0.250738,0,1
2396.14,0.186618,0.206477,0,0,-0.232389,-1.47393,0.186618,0.206477,6189.34,0.201518,0.185785,0,1
2404.13,0.182698,0.188058,0,0,-0.490237,-2.30354,0.182698,0.188058,6213.77,0.175548,0.163741,0,1
2416.13,0.174443,0.169542,0,0,-0.688107,-1.54337,0.174443,0.169542,6235.92,0.157783,0.162992,0,1
2424.14,0.161292,0.169928,0,0,-1.64193,0.0481519,0.161292,0.169928,6257.56,0.124352,0.161893,0,1
2436.13,0.132291,0.163025,0,0,-2.41938,-0.575863,0.132291,0.163025,6281.94,0.121587,0.0733343,0,1
2444.22,0.0718815,0.148553,0,0,-7.46721,-1.78883,0.0718815,0.148553,6310.5,0.204815,0.180455,0,1
2456.12,-0.0210435,0.147905,0,0,-7.80751,-0.054452,-0.0210435,0.147905,6340.08,-0.156364,0.137857,0,1
2464.14,-0.120351,0.136116,0,0,-12.3748,-1.46909,-0.120351,0.136116,6365.25,-0.493488,0.14025,0,1
2476.41,-0.190337,0.142532,0,0,-5.70384,0.52288,-0.190337,0.142532,6386.09,-0.21032,0.181339,0,1
2488.18,-0.238758,0.118662,0,0,-4.11457,-2.02833,-0.238758,0.118662,6408.6,-0.246066,0.0927048,0,1
2496.3,-0.269904,0.113401,0,0,-3.83626,-0.647944,-0.269904,0.113401,6434.88,-0.362142,0.0915636,0,1
2508.2,-0.290666,0.106131,0,0,-1.7448,-0.611011,-0.290666,0.106131,6460,-0.333925,0.124399,0,1
2516.2,-0.302632,0.102161,0,0,-1.49558,-0.496257,-0.302632,0.102161,6478.91,-0.346568,0.130579,0,1
2528.19,-0.310626,0.0956585,0,0,-0.666753,-0.542284,-0.310626,0.0956585,6492.87,-0.272315,0.100919,0,1
2536.2,-0.317562,0.0947063,0,0,-0.866127,-0.118908,-0.317562,0.0947063,6507.84,-0.308053,0.0814786,0,1
2548.18,-0.326794,0.0958014,0,0,-0.770297,0.0913695,-0.326794,0.0958014,6526.89,-0.336753,0.0568978,0,1
2556.2,-0.338848,0.0983276,0,0,-1.50374,0.315144,-0.338848,0.0983276,6547.08,-0.506328,-0.0727795,0,1
2568.19,-0.349421,0.123985,0,0,-0.882136,2.14064,-0.349421,0.123985,6565.34,-0.496854,0.186232,0,1
2576.42,-0.357212,0.156996,0,0,-0.94648,4.01053,-0.357212,0.156996,6582.96,-0.213393,0.153525,0,1
2588.22,-0.362858,0.165738,0,0,-0.478425,0.74069,-0.362858,0.165738,6601.87,-0.281641,0.118155,0,1
2596.23,-0.363564,0.170564,0,0,-0.0881339,0.602652,-0.363564,0.170564,6620.22,-0.348618,0.153457,0,1
2608.13,-0.362068,0.166994,0,0,0.125684,-0.299869,-0.362068,0.166994,6633.88,-0.379128,0.192372,0,1
2616.22,-0.359664,0.156606,0,0,0.297094,-1.28389,-0.359664,0.156606,6641.69,-0.364787,0.213843,0,1
2628.12,-0.362344,0.106699,0,0,-0.225277,-4.19491,-0.362344,0.106699,6646.25,-0.438206,0.0673922,0,1
2636.2,-0.362421,0.0610603,0,0,-0.00954606,-5.65051,-0.362421,0.0610603,6650.22,-0.380849,0.0267244,0,1
2648.17,-0.352549,0.0579035,0,0,0.82443,-0.263611,-0.352549,0.0579035,6655.25,-0.227857,0.0228803,0,1
2656.13,-0.340247,0.0561722,0,0,1.54581,-0.217554,-0.340247,0.0561722,6662.32,-0.253505,0.0467561,0,1
2668.13,-0.329384,0.0510023,0,0,0.905664,-0.431007,-0.329384,0.0510023,6671.25,-0.274462,0.11627,0,1
2676.46,-0.319143,0.0572906,0,0,1.22835,0.754268,-0.319143,0.0572906,6681.04,-0.334382,0.0706949,0,1
2688.2,-0.312001,0.056872,0,0,0.608624,-0.0356786,-0.312001,0.056872,6690.74,-0.258576,0.0191992,0,1
2696.2,-0.307154,0.0594262,0,0,0.605768,0.319204,-0.307154,0.0594262,6699.64,-0.343267,0.0632905,0,1
2708.13,-0.305308,0.0593628,0,0,0.154683,-0.00531202,-0.305308,0.0593628,6706.83,-0.224549,0.0545948,0,1
2716.12,-0.304345,0.0600058,0,0,0.120551,0.080515,-0.304345,0.0600058,6711.41,-0.344238,-0.0146018,0,1
2728.13,-0.302879,0.0618331,0,0,0.122091,0.152172,-0.302879,0.0618331,6713.58,-0.281709,0.0647254,0,1
2740.11,-0.301463,0.0622684,0,0,0.118146,0.0363138,-0.301463,0.0622684,6714.49,-0.325399,0.0718591,0,1
2748.13,-0.299861,0.0620902,0,0,0.199755,-0.0222316,-0.299861,0.0620902,6714.96,-0.263448,0.0575129,0,1
2760.12,-0.296588,0.0613673,0,0,0.273165,-0.0603157,-0.296588,0.0613673,6715.13,-0.337992,0.0668879,0,1
2768.13,-0.292589,0.0533659,0,0,0.498855,-0.99831,-0.292589,0.0533659,6714.94,-0.284211,0.0293065,0,1
2780.18,-0.287525,0.042717,0,0,0.420475,-0.884093,-0.287525,0.042717,6714.43,-0.307119,0.011864,0,1
2788.17,-0.277875,0.0362874,0,0,1.20783,-0.8048,-0.277875,0.0362874,6713.74,-0.336321,0.0460259,0,1
2800.13,-0.262906,0.0327369,0,0,1.25127,-0.296791,-0.262906,0.0327369,6713.02,-0.224323,0.0722711,0,1
2808.19,-0.249542,0.0247665,0,0,1.65769,-0.988644,-0.249542,0.0247665,6712.46,-0.256017,-0.0463601,0,1
2820.12,-0.243315,0.0134269,0,0,0.521951,-0.95051,-0.243315,0.0134269,6712.19,-0.176581,0.0233307,0,1
2828.13,-0.242286,0.00447565,0,0,0.128448,-1.11695,-0.242286,0.00447565,6712.22,-0.236225,0.0190135,0,1
2840.12,-0.242934,-0.0014509,0,0,-0.0540501,-0.494539,-0.242934,-0.0014509,6712.46,-0.199951,-0.0225889,0,1
2848.21,-0.243482,-0.00242798,0,0,-0.0678063,-0.120731,-0.243482,-0.00242798,6713.01,-0.243439,-0.0046682,0,1
2860.11,-0.246904,-0.021154,0,0,-0.287497,-1.57321,-0.246904,-0.021154,6714.5,-0.25626,-0.0364948,0,1
2868.18,-0.251223,-0.0441601,0,0,-0.535313,-2.85154,-0.251223,-0.0441601,6717.99,-0.223406,-0.0852098,0,1
2880.21,-0.252684,-0.0449762,0,0,-0.121461,-0.0678731,-0.252684,-0.0449762,6723.83,-0.259042,-0.0761383,0,1
2888.21,-0.25387,-0.044688,0,0,-0.148288,0.0360115,-0.25387,-0.044688,6731.28,-0.272565,-0.0505067,0,1
2900.13,-0.253816,-0.041021,0,0,0.00451578,0.307637,-0.253816,-0.041021,6739.8,-0.27025,-0.0232616,0,1
2908.13,-0.251628,-0.0294628,0,0,0.273527,1.44459,-0.251628,-0.0294628,6748.77,-0.228628,-0.0330842,0,1
2920.12,-0.249465,-0.0271156,0,0,0.180363,0.195697,-0.249465,-0.0271156,6757.24,-0.254498,-0.0406503,0,1
2928.11,-0.245792,-0.0275773,0,0,0.459904,-0.0578126,-0.245792,-0.0275773,6765.78,-0.262622,0.0262645,0,1
2940.12,-0.241076,-0.0307132,0,0,0.392696,-0.261126,-0.241076,-0.0307132,6776.76,-0.30127,0.00784968,0,1
2948.11,-0.238388,-0.0413836,0,0,0.336118,-1.33447,-0.238388,-0.0413836,6791.48,-0.242551,-0.0539542,0,1
2960.12,-0.238234,-0.0502742,0,0,0.0128131,-0.740333,-0.238234,-0.0502742,6807.63,-0.21322,-0.0920634,0,1
2968.19,-0.23886,-0.0505664,0,0,-0.0775337,-0.0362184,-0.23886,-0.0505664,6821.17,-0.193929,-0.0577692,0,1
2980.21,-0.239588,-0.0491575,0,0,-0.060541,0.117173,-0.239588,-0.0491575,6831.49,-0.163386,-0.053079,0,1
2992.17,-0.236225,-0.0176496,0,0,0.281153,2.63444,-0.236225,-0.0176496,6841.13,-0.209921,0.0825953,0,1
3000.24,-0.232934,0.0275543,0,0,0.408091,5.60425,-0.232934,0.0275543,6852.21,-0.239252,0.0675877,0,1
3012.15,-0.239248,0.0302939,0,0,-0.529981,0.229948,-0.239248,0.0302939,6866.11,-0.216646,0.0414719,0,1
3020.13,-0.248593,0.0311536,0,0,-1.17122,0.107738,-0.248593,0.0311536,6883.36,-0.246992,0.0495443,0,1
3032.11,-0.260564,0.0240674,0,0,-0.999198,-0.591451,-0.260564,0.0240674,6902.14,-0.318099,0.00636225,0,1
3040.16,-0.276911,-0.00699766,0,0,-2.03089,-3.85949,-0.276911,-0.00699766,6918.73,-0.283306,-0.0635782,0,1
3052.11,-0.290722,-0.0111636,0,0,-1.15599,-0.348699,-0.290722,-0.0111636,6931.1,-0.31604,-0.027988,0,1
3060.13,-0.305449,-0.0154257,0,0,-1.83612,-0.531377,-0.305449,-0.0154257,6940.99,-0.276349,-0.00249757,0,1
3072.14,-0.317702,-0.0188049,0,0,-1.0198,-0.281244,-0.317702,-0.0188049,6950.45,-0.325084,-0.00193651,0,1
3080.2,-0.325008,-0.0186393,0,0,-0.906648,0.0205444,-0.325008,-0.0186393,6959.09,-0.330821,-0.0408762,0,1
3092.16,-0.330758,-0.0311441,0,0,-0.480674,-1.04538,-0.330758,-0.0311441,6966.52,-0.349666,0.010666,0,1
3100.13,-0.335397,-0.0483399,0,0,-0.582614,-2.15918,-0.335397,-0.0483399,6973.61,-0.348448,-0.0707758,0,1
3112.14,-0.339335,-0.0658464,0,0,-0.32784,-1.45778,-0.339335,-0.0658464,6980.71,-0.368319,-0.0767907,0,1
3120.12,-0.342228,-0.079132,0,0,-0.362251,-1.6634,-0.342228,-0.079132,6988.11,-0.358096,-0.0810305,0,1
3132.11,-0.343556,-0.0854709,0,0,-0.110857,-0.52895,-0.343556,-0.0854709,6997.63,-0.349624,-0.104059,0,1
3140.12,-0.343481,-0.0857419,0,0,0.00934839,-0.0338245,-0.343481,-0.0857419,7009.79,-0.292744,-0.113853,0,1
3152.11,-0.34306,-0.0852158,0,0,0.0351113,0.0438602,-0.34306,-0.0852158,7021.5,-0.338938,-0.0729583,0,1
3160.15,-0.340496,-0.0695581,0,0,0.319162,1.94845,-0.340496,-0.0695581,7030.69,-0.342994,-0.0360643,0,1
3172.15,-0.330794,-0.00419566,0,0,0.808425,5.44687,-0.330794,-0.00419566,7038.77,-0.299581,0.056154,0,1
3180.17,-0.323112,0.0497449,0,0,0.957339,6.72157,-0.323112,0.0497449,7046.18,-0.32857,0.0365271,0,1
3192.17,-0.323615,0.0567596,0,0,-0.0419069,0.584603,-0.323615,0.0567596,7051.53,-0.315321,0.068952,0,1
3200.16,-0.328213,0.0575437,0,0,-0.575927,0.098212,-0.328213,0.0575437,7054.58,-0.400483,0.0659108,0,1
3212.15,-0.336915,0.0590562,0,0,-0.725351,0.126069,-0.336915,0.0590562,7056.46,-0.312908,0.0968413,0,1
3220.14,-0.345945,0.070072,0,0,-1.13099,1.37974,-0.345945,0.070072,7058.27,-0.327138,0.0209401,0,1
3232.15,-0.353602,0.0803066,0,0,-0.637437,0.851962,-0.353602,0.0803066,7060.21,-0.359906,0.081448,0,1
3244.14,-0.359982,0.0824012,0,0,-0.532215,0.17474,-0.359982,0.0824012,7062.1,-0.405571,0.0911355,0,1
3252.14,-0.363612,0.0840234,0,0,-0.453375,0.202622,-0.363612,0.0840234,7063.95,-0.381528,0.0841717,0,1
3264.14,-0.361906,0.110715,0,0,0.142226,2.22542,-0.361906,0.110715,7065.51,-0.372798,0.138798,0,1
3272.19,-0.36057,0.141548,0,0,0.165871,3.83013,-0.36057,0.141548,7066.39,-0.331512,0.154584,0,1
3284.18,-0.363765,0.153152,0,0,-0.266368,0.967609,-0.363765,0.153152,7066.6,-0.380784,0.160455,0,1
3292.18,-0.367421,0.16208,0,0,-0.456766,1.11542,-0.367421,0.16208,7066.71,-0.327145,0.168131,0,1
3304.15,-0.371409,0.169477,0,0,-0.333241,0.618149,-0.371409,0.169477,7067.43,-0.378505,0.166724,0,1
3312.21,-0.379102,0.170733,0,0,-0.954745,0.155903,-0.379102,0.170733,7069.43,-0.341697,0.209629,0,1
3324.11,-0.389967,0.171929,0,0,-0.912974,0.100473,-0.389967,0.171929,7073.34,-0.415561,0.209415,0,1
3332.22,-0.400542,0.168013,0,0,-1.30377,-0.482809,-0.400542,0.168013,7079.69,-0.409857,0.170017,0,1
3344.11,-0.410598,0.136866,0,0,-0.845716,-2.61956,-0.410598,0.136866,7088.13,-0.45849,0.07913,0,1
3352.12,-0.419123,0.0908661,0,0,-1.06391,-5.74066,-0.419123,0.0908661,7097.93,-0.472786,0.0556998,0,1
3364.12,-0.423506,0.0626948,0,0,-0.365275,-2.3478,-0.423506,0.0626948,7110.06,-0.415312,0.105475,0,1
3372.27,-0.42521,0.0491795,0,0,-0.20922,-1.65893,-0.42521,0.0491795,7125.27,-0.371863,0.0118248,0,1
3384.15,-0.424589,0.0494817,0,0,0.052222,0.02542,-0.424589,0.0494817,7140.4,-0.375292,0.0391349,0,1
3392.18,-0.420959,0.0702641,0,0,0.452628,2.59068,-0.420959,0.0702641,7151.97,-0.409212,-0.00935652,0,1
3404.12,-0.420265,0.073251,0,0,0.0580999,0.250141,-0.420265,0.073251,7160.31,-0.457873,0.172791,0,1
3412.12,-0.413306,0.121108,0,0,0.86935,5.97841,-0.413306,0.121108,7167.3,-0.459772,0.150743,0,1
3424.11,-0.413532,0.123927,0,0,-0.0188951,0.235055,-0.413532,0.123927,7174.09,-0.407481,0.158572,0,1
3432.13,-0.414,0.13875,0,0,-0.058358,1.84804,-0.414,0.13875,7180.74,-0.391761,0.180194,0,1
3444.12,-0.421881,0.139465,0,0,-0.657786,0.0597086,-0.421881,0.139465,7186.82,-0.419585,0.0879862,0,1
3452.12,-0.438751,0.119999,0,0,-2.10871,-2.43331,-0.438751,0.119999,7192.9,-0.469745,0.133647,0,1
3464.16,-0.45447,0.109408,0,0,-1.30561,-0.879616,-0.45447,0.109408,7199.98,-0.493204,0.126121,0,1
3472.14,-0.463753,0.105558,0,0,-1.16175,-0.481919,-0.463753,0.105558,7207.71,-0.479722,0.0339629,0,1
3484.25,-0.468188,0.105178,0,0,-0.366349,-0.0313824,-0.468188,0.105178,7216.33,-0.467466,0.103206,0,1
3496.13,-0.475483,0.0880167,0,0,-0.614279,-1.44502,-0.475483,0.0880167,7228.17,-0.517052,0.0403226,0,1
3504.17,-0.487981,0.0608127,0,0,-1.55442,-3.38358,-0.487981,0.0608127,7244.17,-0.465709,0.0715204,0,1
3516.15,-0.501292,0.0504395,0,0,-1.11133,-0.866024,-0.501292,0.0504395,7261.67,-0.539084,0.0493373,0,1
3524.24,-0.513689,0.0517956,0,0,-1.53243,0.16763,-0.513689,0.0517956,7276.81,-0.511732,0.0488254,0,1
3536.11,-0.524509,0.0591892,0,0,-0.911275,0.622719,-0.524509,0.0591892,7287.91,-0.446425,0.0851451,0,1
3544.13,-0.533994,0.0608857,0,0,-1.18311,0.211619,-0.533994,0.0608857,7296.48,-0.543877,0.0627243,0,1
3556.14,-0.539203,0.0671012,0,0,-0.433766,0.517524,-0.539203,0.0671012,7305.15,-0.539935,0.0687794,0,1
3564.19,-0.541394,0.0746358,0,0,-0.2719,0.935391,-0.541394,0.0746358,7316.39,-0.479007,0.0938479,0,1
3576.38,-0.541552,0.0878851,0,0,-0.0130372,1.08717,-0.541552,0.0878851,7331.24,-0.609278,-0.020079,0,1
3584.26,-0.541367,0.0987538,0,0,0.0235436,1.37858,-0.541367,0.0987538,7347.14,-0.566041,0.0937124,0,1
3596.13,-0.541157,0.104782,0,0,0.0176466,0.508005,-0.541157,0.104782,7360.67,-0.543534,0.115442,0,1
3604.17,-0.541604,0.102529,0,0,-0.055473,-0.280102,-0.541604,0.102529,7370.92,-0.554121,0.110227,0,1
3616.11,-0.541035,0.101286,0,0,0.0476294,-0.104119,-0.541035,0.101286,7378.83,-0.491591,0.116413,0,1
3624.16,-0.541453,0.0755987,0,0,-0.0519568,-3.19175,-0.541453,0.0755987,7386.49,-0.607786,0.0357605,0,1
3636.11,-0.538843,0.0359174,0,0,0.21835,-3.31923,-0.538843,0.0359174,7396.52,-0.536898,0.059547,0,1
3644.25,-0.529572,0.0103026,0,0,1.13978,-3.1491,-0.529572,0.0103026,7410.18,-0.51065,-0.0561756,0,1
3656.11,-0.521486,-0.0246205,0,0,0.681532,-2.94361,-0.521486,-0.0246205,7425.35,-0.492549,-0.0391332,0,1
3664.15,-0.513271,-0.0454686,0,0,1.02133,-2.59208,-0.513271,-0.0454686,7437.52,-0.523619,-0.070589,0,1
3676.26,-0.502555,-0.0502006,0,0,0.885367,-0.390948,-0.502555,-0.0502006,7444.53,-0.512357,-0.0287611,0,1
3684.21,-0.492342,-0.0609264,0,0,1.28427,-1.34881,-0.492342,-0.0609264,7448.74,-0.475778,-0.0700932,0,1
3696.13,-0.484737,-0.0747197,0,0,0.637801,-1.15677,-0.484737,-0.0747197,7453.71,-0.422598,-0.100087,0,1
3704.23,-0.479737,-0.0873398,0,0,0.617418,-1.55823,-0.479737,-0.0873398,7460.63,-0.461906,-0.0312121,0,1
3716.12,-0.476814,-0.106101,0,0,0.245855,-1.57799,-0.476814,-0.106101,7467.85,-0.493454,-0.143878,0,1
3724.11,-0.473327,-0.118352,0,0,0.436374,-1.53313,-0.473327,-0.118352,7473.77,-0.464843,-0.165852,0,1
3736.12,-0.472303,-0.138919,0,0,0.0852843,-1.71261,-0.472303,-0.138919,7479.53,-0.499299,-0.204082,0,1
3748.1,-0.476594,-0.181991,0,0,-0.358191,-3.59508,-0.476594,-0.181991,7487.71,-0.400537,-0.12516,0,1
3756.19,-0.485622,-0.245169,0,0,-1.11606,-7.81032,-0.485622,-0.245169,7499.05,-0.492499,-0.293407,0,1
3768.1,-0.493255,-0.282569,0,0,-0.640788,-3.13969,-0.493255,-0.282569,7511.4,-0.450798,-0.318683,0,1
3776.51,-0.501142,-0.283136,0,0,-0.938731,-0.0675016,-0.501142,-0.283136,7522,-0.320855,-0.300071,0,1
3788.15,-0.516723,-0.280649,0,0,-1.33863,0.213714,-0.516723,-0.280649,7530.96,-0.536846,-0.276964,0,1
3796.14,-0.534795,-0.265482,0,0,-2.26137,1.89771,-0.534795,-0.265482,7540.54,-0.539077,-0.237039,0,1
3808.14,-0.546753,-0.231614,0,0,-0.996177,2.8214,-0.546753,-0.231614,7550.99,-0.624338,-0.179027,0,1
3816.2,-0.546931,-0.165569,0,0,-0.022061,8.19828,-0.546931,-0.165569,7560.79,-0.542947,-0.0432364,0,1
3828.11,-0.54626,-0.128691,0,0,0.0563591,3.09685,-0.54626,-0.128691,7569.74,-0.626156,-0.086083,0,1
3836.12,-0.547777,-0.126997,0,0,-0.189233,0.211405,-0.547777,-0.126997,7578.34,-0.580845,-0.249094,0,1
3848.1,-0.546851,-0.127673,0,0,0.0772981,-0.0564612,-0.546851,-0.127673,7586.64,-0.578777,-0.132072,0,1
3856.12,-0.54354,-0.140934,0,0,0.413141,-1.65469,-0.54354,-0.140934,7594.57,-0.527474,-0.142514,0,1
3868.11,-0.534071,-0.14533,0,0,0.789783,-0.366642,-0.534071,-0.14533,7601.92,-0.541538,-0.148266,0,1
3876.39,-0.522075,-0.146967,0,0,1.44772,-0.197599,-0.522075,-0.146967,7608.84,-0.499441,-0.170643,0,1
3888.15,-0.510588,-0.148053,0,0,0.977075,-0.0923735,-0.510588,-0.148053,7615.69,-0.452258,-0.0714303,0,1
3896.14,-0.496896,-0.140829,0,0,1.71428,0.904483,-0.496896,-0.140829,7621.81,-0.462943,-0.150692,0,1
3908.11,-0.477347,-0.130889,0,0,1.6322,0.829911,-0.477347,-0.130889,7626.69,-0.416128,-0.12745,0,1
3916.11,-0.454142,-0.131492,0,0,2.90065,-0.0753499,-0.454142,-0.131492,7631.21,-0.501626,-0.12351,0,1
3928.11,-0.43352,-0.130495,0,0,1.71888,0.0831279,-0.43352,-0.130495,7635.82,-0.390879,-0.149321,0,1
3936.09,-0.422196,-0.130263,0,0,1.41891,0.0290692,-0.422196,-0.130263,7639.65,-0.393265,-0.119525,0,1
3948.11,-0.418573,-0.132315,0,0,0.301508,-0.170842,-0.418573,-0.132315,7642.16,-0.39302,-0.145446,0,1
3956.19,-0.417783,-0.135377,0,0,0.0976954,-0.378595,-0.417783,-0.135377,7643.91,-0.42488,-0.0994707,0,1
3968.11,-0.420473,-0.158641,0,0,-0.225649,-1.95154,-0.420473,-0.158641,7645.71,-0.415546,-0.18094,0,1
3976.46,-0.422333,-0.171991,0,0,-0.222816,-1.59921,-0.422333,-0.171991,7647.65,-0.490032,-0.178061,0,1
3988.16,-0.424075,-0.172323,0,0,-0.148934,-0.0284123,-0.424075,-0.172323,7649.23,-0.449252,-0.177329,0,1
4000.15,-0.429565,-0.171014,0,0,-0.457549,0.109183,-0.429565,-0.171014,7650.37,-0.411366,-0.166394,0,1
4008.19,-0.439664,-0.155391,0,0,-1.25609,1.94308,-0.439664,-0.155391,7651.57,-0.400103,-0.149794,0,1
4020.14,-0.457441,-0.144792,0,0,-1.48841,0.887441,-0.457441,-0.144792,7653.24,-0.47017,-0.107833,0,1
4028.12,-0.479301,-0.140379,0,0,-2.739,0.552938,-0.479301,-0.140379,7655.21,-0.50462,-0.139186,0,1
4040.25,-0.499682,-0.135333,0,0,-1.68002,0.41591,-0.499682,-0.135333,7657,-0.519396,-0.124534,0,1
4048.26,-0.51563,-0.131477,0,0,-1.99228,0.481677,-0.51563,-0.131477,7658.3,-0.543722,-0.137832,0,1
4060.13,-0.526581,-0.130013,0,0,-0.922524,0.123375,-0.526581,-0.130013,7659.13,-0.489937,-0.0925502,0,1
4068.11,-0.534702,-0.129383,0,0,-1.01681,0.0788317,-0.534702,-0.129383,7659.54,-0.524336,-0.109819,0,1
4080.15,-0.544551,-0.138068,0,0,-0.817928,-0.721301,-0.544551,-0.138068,7659.67,-0.568092,-0.144568,0,1
4088.14,-0.557356,-0.156061,0,0,-1.60358,-2.25336,-0.557356,-0.156061,7659.63,-0.545914,-0.189321,0,1
4100.1,-0.569073,-0.166323,0,0,-0.979323,-0.857678,-0.569073,-0.166323,7659.17,-0.580176,-0.228541,0,1
4108.11,-0.57851,-0.171906,0,0,-1.17808,-0.69696,-0.57851,-0.171906,7657.4,-0.705754,-0.150316,0,1
4120.09,-0.589702,-0.192703,0,0,-0.934236,-1.73594,-0.589702,-0.192703,7652.87,-0.639492,-0.192168,0,1
4128.11,-0.598831,-0.19232,0,0,-1.13912,0.0478105,-0.598831,-0.19232,7643.38,-0.673602,-0.223528,0,1
4140.09,-0.606484,-0.186738,0,0,-0.638722,0.465846,-0.606484,-0.186738,7624.84,-0.67632,-0.248731,0,1
4148.1,-0.610351,-0.176951,0,0,-0.482813,1.22192,-0.610351,-0.176951,7593.7,-0.577864,-0.0869739,0,1
4160.09,-0.606101,-0.133257,0,0,0.354514,3.64484,-0.606101,-0.133257,7553.78,-0.559543,-0.153189,0,1
4168.1,-0.602238,-0.104898,0,0,0.482289,3.54086,-0.602238,-0.104898,7515.59,-0.604135,-0.118039,0,1
4180.15,-0.598828,-0.0878132,0,0,0.28289,1.41714,-0.598828,-0.0878132,7485.59,-0.642619,-0.0577812,0,1
4188.11,-0.594771,-0.0743352,0,0,0.509863,1.69385,-0.594771,-0.0743352,7460.4,-0.642564,-0.0414071,0,1
4200.18,-0.589488,-0.057514,0,0,0.437546,1.39318,-0.589488,-0.057514,7432.36,-0.602285,0.020318,0,1
4208.17,-0.584558,-0.0466092,0,0,0.617607,1.366,-0.584558,-0.0466092,7394.93,-0.600282,-0.0988713,0,1
4220.17,-0.576021,-0.0337147,0,0,0.71123,1.07428,-0.576021,-0.0337147,7346.28,-0.513834,-0.077727,0,1
4228.16,-0.560295,-0.0204215,0,0,1.96847,1.66394,-0.560295,-0.0204215,7293.55,-0.598679,0.0126522,0,1
4240.23,-0.541032,-0.0242715,0,0,1.59536,-0.318866,-0.541032,-0.0242715,7247.31,-0.558992,-0.00745254,0,1
4252.16,-0.520051,-0.0155944,0,0,1.75946,0.727635,-0.520051,-0.0155944,7210.25,-0.518047,0.0542123,0,1
4260.17,-0.50398,-0.0149405,0,0,2.00654,0.0816462,-0.50398,-0.0149405,7176.62,-0.506609,-0.0196579,0,1
4272.26,-0.487653,-0.00634898,0,0,1.34988,0.710337,-0.487653,-0.00634898,7141.95,-0.447419,0.0256205,0,1
4280.21,-0.4699,-0.00392746,0,0,2.23282,0.304555,-0.4699,-0.00392746,7107.22,-0.433864,-0.0891587,0,1
4292.19,-0.45167,-0.00769436,0,0,1.52184,-0.314458,-0.45167,-0.00769436,7071.89,-0.418714,-0.0232331,0,1
4300.28,-0.435117,-0.00452031,0,0,2.04638,0.39239,-0.435117,-0.00452031,7033.26,-0.364508,0.0548208,0,1
4312.1,-0.4246,-0.00321286,0,0,0.889899,0.110632,-0.4246,-0.00321286,6994.52,-0.444518,-0.00522544,0,1
4320.11,-0.416801,0.0116812,0,0,0.973033,1.85827,-0.416801,0.0116812,6961.26,-0.459819,0.0380023,0,1
4332.1,-0.41049,0.0255111,0,0,0.526709,1.15413,-0.41049,0.0255111,6931.36,-0.418911,0.0167768,0,1
4340.11,-0.395543,0.0785055,0,0,1.8651,6.61272,-0.395543,0.0785055,6900.53,-0.356831,0.129904,0,1
4352.09,-0.372811,0.134461,0,0,1.89719,4.66999,-0.372811,0.134461,6871.28,-0.325093,0.142958,0,1
4360.11,-0.349859,0.141877,0,0,2.86184,0.924599,-0.349859,0.141877,6845.58,-0.392514,0.136036,0,1
4372.22,-0.327787,0.139955,0,0,1.82362,-0.158796,-0.327787,0.139955,6820.34,-0.302256,0.196805,0,1
4380.19,-0.309306,0.149538,0,0,2.31741,1.20169,-0.309306,0.149538,6795.25,-0.249446,0.182637,0,1
4392.16,-0.295309,0.1553,0,0,1.16952,0.481449,-0.295309,0.1553,6774.19,-0.306216,0.119276,0,1
4400.15,-0.282418,0.155714,0,0,1.61319,0.0518554,-0.282418,0.155714,6758.51,-0.238449,0.156011,0,1
4412.09,-0.269087,0.152262,0,0,1.11634,-0.289076,-0.269087,0.152262,6745.45,-0.277568,0.148133,0,1
4420.1,-0.255585,0.149381,0,0,1.68588,-0.35973,-0.255585,0.149381,6732.43,-0.215529,0.148219,0,1
4432.09,-0.243576,0.148329,0,0,1.00139,-0.0877351,-0.243576,0.148329,6717.38,-0.172927,0.154358,0,1
4440.08,-0.232519,0.146173,0,0,1.38487,-0.270037,-0.232519,0.146173,6698.28,-0.241622,0.134442,0,1
4452.09,-0.219943,0.137519,0,0,1.04659,-0.720237,-0.219943,0.137519,6676.58,-0.191183,0.214685,0,1
4460.08,-0.207857,0.111394,0,0,1.51282,-3.27013,-0.207857,0.111394,6656.57,-0.245016,0.0860158,0,1
4472.16,-0.196202,0.0848265,0,0,0.964731,-2.19909,-0.196202,0.0848265,6640.09,-0.209119,0.092659,0,1
4480.13,-0.184767,0.044155,0,0,1.43477,-5.10307,-0.184767,0.044155,6624.5,-0.205308,-0.109777,0,1
4492.14,-0.166924,0.0117349,0,0,1.4857,-2.69942,-0.166924,0.0117349,6606.42,-0.104705,-0.00698899,0,1
4504.12,-0.144535,0.00767347,0,0,1.86901,-0.339049,-0.144535,0.00767347,6586.95,-0.0543057,-0.00116208,0,1
4512.19,-0.129006,0.00656526,0,0,1.9257,-0.137427,-0.129006,0.00656526,6569.37,-0.138938,0.0117264,0,1
4524.09,-0.117898,0.025692,0,0,0.932809,1.60621,-0.117898,0.025692,6553.7,-0.119061,0.0754746,0,1
4532.14,-0.108534,0.0602667,0,0,1.1645,4.29926,-0.108534,0.0602667,6538.74,-0.0977516,0.0819907,0,1
4544.11,-0.100214,0.103384,0,0,0.694658,3.60033,-0.100214,0.103384,6524.51,-0.135149,0.136842,0,1
4552.13,-0.0951854,0.129755,0,0,0.627126,3.28848,-0.0951854,0.129755,6509.42,0.024479,0.114944,0,1
4564.13,-0.0930231,0.130769,0,0,0.180224,0.0845709,-0.0930231,0.130769,6490.95,-0.0185226,0.210503,0,1
4572.17,-0.0891486,0.134514,0,0,0.481603,0.465448,-0.0891486,0.134514,6467.99,-0.115896,0.150175,0,1
4584.16,-0.084804,0.137913,0,0,0.362357,0.283501,-0.084804,0.137913,6441.62,-0.168676,0.130217,0,1
4592.16,-0.0805391,0.141279,0,0,0.533241,0.420869,-0.0805391,0.141279,6415.71,-0.0411986,0.192338,0,1
4604.12,-0.0764243,0.151015,0,0,0.34396,0.813812,-0.0764243,0.151015,6392.75,-0.0488575,0.190997,0,1
4612.11,-0.0747372,0.161844,0,0,0.211159,1.35533,-0.0747372,0.161844,6372.66,-0.0388544,0.138912,0,1
4624.09,-0.0760571,0.167364,0,0,-0.110202,0.460943,-0.0760571,0.167364,6355.86,-0.110342,0.162598,0,1
4632.11,-0.0781846,0.167948,0,0,-0.265452,0.072813,-0.0781846,0.167948,6339.23,-0.19336,0.199873,0,1
4644.09,-0.0798733,0.170495,0,0,-0.140884,0.21252,-0.0798733,0.170495,6317.21,-0.0241352,0.167579,0,1
4652.11,-0.0839643,0.171225,0,0,-0.51055,0.09103,-0.0839643,0.171225,6290.82,-0.107515,0.191104,0,1
4664.13,-0.0906317,0.175003,0,0,-0.55464,0.314324,-0.0906317,0.175003,6264.85,-0.0877429,0.207985,0,1
4672.14,-0.0981469,0.183024,0,0,-0.93776,1.00082,-0.0981469,0.183024,6240.74,-0.0894678,0.124571,0,1
4684.17,-0.107315,0.183656,0,0,-0.761908,0.0525628,-0.107315,0.183656,6218.97,-0.0644044,0.13587,0,1
4692.13,-0.11658,0.188388,0,0,-1.16406,0.594564,-0.11658,0.188388,6200.37,-0.123705,0.212476,0,1
4704.1,-0.125993,0.189724,0,0,-0.786312,0.11155,-0.125993,0.189724,6184.32,-0.207841,0.170536,0,1
4712.19,-0.134456,0.190467,0,0,-1.04634,0.091915,-0.134456,0.190467,6169.58,-0.190609,0.209366,0,1
4724.1,-0.143175,0.18357,0,0,-0.732252,-0.579287,-0.143175,0.18357,6155.96,-0.130081,0.215241,0,1
4732.09,-0.152425,0.166116,0,0,-1.15794,-2.18479,-0.152425,0.166116,6144.52,-0.250367,0.130293,0,1
4744.1,-0.155969,0.178091,0,0,-0.295068,0.997039,-0.155969,0.178091,6134.59,-0.238129,0.176628,0,1
4756.08,-0.158878,0.178997,0,0,-0.242653,0.0756538,-0.158878,0.178997,6123.3,-0.230361,0.224838,0,1
4764.14,-0.159591,0.180335,0,0,-0.0885563,0.16613,-0.159591,0.180335,6110.3,-0.163892,0.155851,0,1
4776.36,-0.155448,0.208505,0,0,0.338746,2.30358,-0.155448,0.208505,6098.54,-0.107327,0.245522,0,1
4784.26,-0.154212,0.215929,0,0,0.156715,0.940813,-0.154212,0.215929,6090.27,-0.17771,0.255629,0,1
4796.11,-0.154061,0.216189,0,0,0.0127246,0.0218851,-0.154061,0.216189,6085.28,-0.0995203,0.18781,0,1
4804.11,-0.154065,0.215564,0,0,-0.000578488,-0.0781308,-0.154065,0.215564,6082.4,-0.155371,0.204629,0,1
4816.09,-0.156029,0.20139,0,0,-0.163886,-1.18306,-0.156029,0.20139,6080.75,-0.143182,0.186052,0,1
4824.1,-0.156604,0.195366,0,0,-0.07176,-0.751675,-0.156604,0.195366,6079.84,-0.218703,0.205015,0,1
4836.09,-0.16089,0.160557,0,0,-0.35776,-2.90532,-0.16089,0.160557,6079.45,-0.234011,0.128569,0,1
4844.22,-0.164815,0.124079,0,0,-0.482261,-4.48245,-0.164815,0.124079,6079.44,-0.175432,0.072697,0,1
4856.08,-0.163143,0.121933,0,0,0.141013,-0.180978,-0.163143,0.121933,6079.61,-0.14603,0.122791,0,1
4864.14,-0.161701,0.11289,0,0,0.179028,-1.12289,-0.161701,0.11289,6079.94,-0.104076,0.0781908,0,1
4876.44,-0.159089,0.106006,0,0,0.21232,-0.559596,-0.159089,0.106006,6080.66,-0.180004,0.143112,0,1
4884.27,-0.154961,0.105198,0,0,0.527244,-0.103237,-0.154961,0.105198,6082.25,-0.18988,0.122052,0,1
4896.11,-0.150502,0.104207,0,0,0.376577,-0.0836647,-0.150502,0.104207,6085.11,-0.158848,0.0932441,0,1
4904.22,-0.145993,0.104075,0,0,0.556105,-0.0163137,-0.145993,0.104075,6088.87,-0.0576239,0.0710719,0,1
4916.09,-0.142411,0.103951,0,0,0.301699,-0.0104363,-0.142411,0.103951,6092.69,-0.130017,0.0378245,0,1
4924.1,-0.139356,0.110988,0,0,0.38142,0.878661,-0.139356,0.110988,6096.26,-0.0792149,0.148215,0,1
4936.09,-0.136976,0.122255,0,0,0.198488,0.939335,-0.136976,0.122255,6100.26,-0.124904,0.11654,0,1
4944.17,-0.136106,0.12735,0,0,0.10765,0.630861,-0.136106,0.12735,6106.25,-0.199102,0.116978,0,1
4956.09,-0.134332,0.140103,0,0,0.148832,1.06982,-0.134332,0.140103,6115.97,-0.134292,0.135751,0,1
4964.2,-0.135212,0.135252,0,0,-0.10845,-0.597584,-0.135212,0.135252,6129.39,-0.13194,0.165626,0,1
4976.36,-0.135231,0.135989,0,0,-0.00155367,0.0606485,-0.135231,0.135989,6143.99,-0.133185,0.17562,0,1
4984.15,-0.135308,0.136042,0,0,-0.00984075,0.00674899,-0.135308,0.136042,6157.96,-0.15989,0.146168,0,1
4996.11,-0.135433,0.136057,0,0,-0.0104406,0.00130648,-0.135433,0.136057,6172.59,-0.058373,0.102977,0,1
5008.13,-0.135543,0.135478,0,0,-0.00914627,-0.0481716,-0.135543,0.135478,6189.29,-0.122332,0.113267,0,1
5016.22,-0.136573,0.122118,0,0,-0.127227,-1.65044,-0.136573,0.122118,6206.63,-0.140167,0.109596,0,1
5028.11,-0.133013,0.12109,0,0,0.299347,-0.0864622,-0.133013,0.12109,6221.86,-0.0937643,0.13921,0,1
5036.13,-0.125361,0.120978,0,0,0.95467,-0.0139968,-0.125361,0.120978,6233.9,-0.147023,0.116029,0,1
5048.08,-0.113978,0.133656,0,0,0.952392,1.0608,-0.113978,0.133656,6244.79,-0.156895,0.0903763,0,1
5056.1,-0.106902,0.132732,0,0,0.882681,-0.115315,-0.106902,0.132732,6258.44,-0.0974373,0.248223,0,1
5068.08,-0.106301,0.117498,0,0,0.050125,-1.27101,-0.106301,0.117498,6276.83,-0.0489148,0.19986,0,1
5076.2,-0.107846,0.112084,0,0,-0.19047,-0.66724,-0.107846,0.112084,6298.66,-0.037901,0.055162,0,1
5088.11,-0.114738,0.0833022,0,0,-0.578448,-2.41603,-0.114738,0.0833022,6322.91,-0.0906306,0.098153,0,1
5096.13,-0.122509,0.0611435,0,0,-0.968454,-2.76122,-0.122509,0.0611435,6350.79,-0.0475437,0.0380014,0,1
5108.07,-0.136018,0.0395171,0,0,-1.13139,-1.81125,-0.136018,0.0395171,6381.91,-0.165083,-0.0161449,0,1
5116.09,-0.159444,0.0113091,0,0,-2.9228,-3.51941,-0.159444,0.0113091,6410.77,-0.198067,0.00176387,0,1
5128.07,-0.18505,-0.00234607,0,0,-2.13749,-1.13992,-0.18505,-0.00234607,6431.38,-0.223013,0.0327633,0,1
5136.09,-0.205411,-0.00375688,0,0,-2.53854,-0.17589,-0.205411,-0.00375688,6444.66,-0.199152,-0.0102307,0,1
5148.07,-0.220676,-0.0153352,0,0,-1.27396,-0.966313,-0.220676,-0.0153352,6456.17,-0.211174,-0.0274087,0,1
5156.09,-0.23551,-0.0621604,0,0,-1.85058,-5.84146,-0.23551,-0.0621604,6469.52,-0.310448,-0.089005,0,1
5168.08,-0.249468,-0.125228,0,0,-1.16434,-5.26091,-0.249468,-0.125228,6487.49,-0.296528,-0.153364,0,1
5176.34,-0.254451,-0.128487,0,0,-0.602904,-0.394263,-0.254451,-0.128487,6513.5,-0.266112,-0.18178,0,1
5188.2,-0.265752,-0.152838,0,0,-0.953243,-2.05406,-0.265752,-0.152838,6546.35,-0.220588,-0.165223,0,1
5196.18,-0.277508,-0.156034,0,0,-1.47297,-0.400475,-0.277508,-0.156034,6579.32,-0.243526,-0.0905472,0,1
5208.12,-0.286357,-0.150656,0,0,-0.740752,0.450112,-0.286357,-0.150656,6608.17,-0.255909,-0.142421,0,1
5216.15,-0.285134,-0.120824,0,0,0.152503,3.71739,-0.285134,-0.120824,6634.41,-0.310938,-0.156792,0,1
5228.22,-0.281253,-0.0943436,0,0,0.321503,2.1941,-0.281253,-0.0943436,6659.26,-0.365226,-0.0834083,0,1
5236.23,-0.284569,-0.10257,0,0,-0.414003,-1.02702,-0.284569,-0.10257,6682.78,-0.335372,-0.0740636,0,1
5248.16,-0.287523,-0.102628,0,0,-0.247584,-0.00486926,-0.287523,-0.102628,6705.67,-0.283625,-0.0887783,0,1
5260.15,-0.289351,-0.103589,0,0,-0.152454,-0.0801961,-0.289351,-0.103589,6726.56,-0.304169,-0.184521,0,1
5268.16,-0.294376,-0.130074,0,0,-0.627347,-3.30638,-0.294376,-0.130074,6743.77,-0.253531,-0.140098,0,1
5280.21,-0.296016,-0.131058,0,0,-0.136074,-0.0817248,-0.296016,-0.131058,6759.12,-0.309887,-0.165774,0,1
5288.2,-0.297778,-0.129036,0,0,-0.220443,0.252986,-0.297778,-0.129036,6776.12,-0.279476,-0.189602,0,1
5300.09,-0.293809,-0.0867584,0,0,0.333785,3.55543,-0.293809,-0.0867584,6797.11,-0.22907,-0.0130305,0,1
5308.1,-0.290111,-0.0444446,0,0,0.461794,5.28461,-0.290111,-0.0444446,6822.41,-0.374573,0.0164276,0,1
5320.08,-0.29352,-0.0422148,0,0,-0.284479,0.186095,-0.29352,-0.0422148,6850.23,-0.322931,-0.0356425,0,1
5328.1,-0.298468,-0.042515,0,0,-0.617155,-0.0374492,-0.298468,-0.042515,6876.69,-0.331242,-0.0575399,0,1
5340.08,-0.305729,-0.0634381,0,0,-0.6061,-1.7465,-0.305729,-0.0634381,6898.39,-0.301105,-0.131482,0,1
5348.19,-0.310646,-0.0833365,0,0,-0.606215,-2.45357,-0.310646,-0.0833365,6915.01,-0.444279,-0.0265582,0,1
5360.08,-0.313754,-0.105151,0,0,-0.261407,-1.83485,-0.313754,-0.105151,6927.74,-0.352491,-0.066005,0,1
5368.1,-0.313876,-0.119012,0,0,-0.0152204,-1.72804,-0.313876,-0.119012,6937.96,-0.334814,-0.155418,0,1
5380.14,-0.309101,-0.106651,0,0,0.396416,1.02629,-0.309101,-0.106651,6947.21,-0.334264,-0.107963,0,1
5388.13,-0.306389,-0.106344,0,0,0.339462,0.0384051,-0.306389,-0.106344,6956.04,-0.294476,-0.164767,0,1
5400.09,-0.303467,-0.104382,0,0,0.244309,0.16402,-0.303467,-0.104382,6964.21,-0.221019,-0.0966559,0,1
5408.17,-0.296674,-0.0790112,0,0,0.840537,3.13956,-0.296674,-0.0790112,6972.19,-0.217532,-0.0498867,0,1
5420.08,-0.292303,-0.0653062,0,0,0.367043,1.15091,-0.292303,-0.0653062,6981.42,-0.247433,-0.0802213,0,1
5428.19,-0.290346,-0.0572634,0,0,0.24147,0.992075,-0.290346,-0.0572634,6992.82,-0.296187,0.0170445,0,1
5440.08,-0.290108,-0.0486249,0,0,0.0199911,0.726535,-0.290108,-0.0486249,7005.59,-0.32672,-0.0682709,0,1
5448.07,-0.291676,-0.035281,0,0,-0.196284,1.67071,-0.291676,-0.035281,7017.32,-0.279686,0.0139854,0,1
5460.08,-0.293654,-0.00655465,0,0,-0.164645,2.39127,-0.293654,-0.00655465,7025.31,-0.28167,-0.0110071,0,1
5468.08,-0.298447,0.00985287,0,0,-0.598982,2.05017,-0.298447,0.00985287,7028.96,-0.28894,-0.0212379,0,1
5480.18,-0.303609,0.0213592,0,0,-0.426717,0.951247,-0.303609,0.0213592,7029.98,-0.368115,0.037247,0,1
5488.11,-0.309409,0.0274855,0,0,-0.730744,0.771871,-0.309409,0.0274855,7030.17,-0.396486,0.0378739,0,1
5500.09,-0.314591,0.0302351,0,0,-0.432605,0.229537,-0.314591,0.0302351,7030.22,-0.33541,0.0246042,0,1
5512.11,-0.315615,0.0429641,0,0,-0.0852177,1.05916,-0.315615,0.0429641,7030.31,-0.387849,0.0918518,0,1
5520.18,-0.313981,0.0560915,0,0,0.202604,1.62769,-0.313981,0.0560915,7030.48,-0.287949,0.0891138,0,1
5532.07,-0.312119,0.0566318,0,0,0.156532,0.0454123,-0.312119,0.0566318,7030.94,-0.297492,0.0634314,0,1
5540.12,-0.308174,0.0609569,0,0,0.490135,0.537352,-0.308174,0.0609569,7032.22,-0.276569,0.0535885,0,1
5552.07,-0.305197,0.0603838,0,0,0.249206,-0.0479704,-0.305197,0.0603838,7035.28,-0.306754,0.0442714,0,1
5560.2,-0.30559,0.050635,0,0,-0.0483151,-1.19838,-0.30559,0.050635,7040.73,-0.331101,0.0676595,0,1
5572.11,-0.309112,0.0377991,0,0,-0.295829,-1.07792,-0.309112,0.0377991,7047.91,-0.388027,0.0354961,0,1
5580.26,-0.322278,-0.0211249,0,0,-1.616,-7.2326,-0.322278,-0.0211249,7055.85,-0.324768,-0.1793,0,1
5592.12,-0.344223,-0.110365,0,0,-1.84961,-7.52126,-0.344223,-0.110365,7063.91,-0.319112,-0.265225,0,1
5600.13,-0.365873,-0.153962,0,0,-2.70314,-5.44355,-0.365873,-0.153962,7071.27,-0.343709,-0.151346,0,1
5612.07,-0.385299,-0.158486,0,0,-1.62713,-0.378911,-0.385299,-0.158486,7077.75,-0.433329,-0.168203,0,1
5620.2,-0.400847,-0.156461,0,0,-1.91192,0.24896,-0.400847,-0.156461,7083.29,-0.450436,-0.203721,0,1
5632.07,-0.410956,-0.148991,0,0,-0.85192,0.629542,-0.410956,-0.148991,7087.12,-0.398396,-0.13133,0,1
5640.18,-0.420736,-0.153543,0,0,-1.20613,-0.561287,-0.420736,-0.153543,7089.13,-0.4234,-0.135379,0,1
5652.07,-0.427054,-0.143738,0,0,-0.531155,0.824341,-0.427054,-0.143738,7090.19,-0.471072,-0.12312,0,1
5660.08,-0.432222,-0.140078,0,0,-0.645645,0.457259,-0.432222,-0.140078,7091.35,-0.440031,-0.169977,0,1
5672.11,-0.435311,-0.133451,0,0,-0.256768,0.550692,-0.435311,-0.133451,7093.16,-0.440512,-0.131903,0,1
5680.15,-0.43793,-0.132099,0,0,-0.325654,0.168168,-0.43793,-0.132099,7095.47,-0.447686,-0.157539,0,1
5692.12,-0.439489,-0.131869,0,0,-0.130214,0.0192401,-0.439489,-0.131869,7097.76,-0.450828,-0.109953,0,1
5700.07,-0.440207,-0.131851,0,0,-0.0904321,0.00228035,-0.440207,-0.131851,7099.87,-0.407999,-0.132082,0,1
5712.08,-0.440846,-0.133427,0,0,-0.0532184,-0.131227,-0.440846,-0.133427,7102.33,-0.436994,-0.135625,0,1
5720.07,-0.441454,-0.133641,0,0,-0.076057,-0.0268146,-0.441454,-0.133641,7105.74,-0.502244,-0.127691,0,1
5732.07,-0.443602,-0.138617,0,0,-0.179017,-0.414698,-0.443602,-0.138617,7110.1,-0.50253,-0.170907,0,1
5740.09,-0.448584,-0.145017,0,0,-0.620565,-0.797319,-0.448584,-0.145017,7115.05,-0.424395,-0.15131,0,1
5752.08,-0.459133,-0.155377,0,0,-0.880439,-0.864605,-0.459133,-0.155377,7120.98,-0.445592,-0.175499,0,1
5764.1,-0.474517,-0.161832,0,0,-1.27967,-0.536912,-0.474517,-0.161832,7128.14,-0.46242,-0.154035,0,1
5772.15,-0.492708,-0.160295,0,0,-2.2595,0.190831,-0.492708,-0.160295,7135.21,-0.393818,-0.183032,0,1
5784.14,-0.515102,-0.162299,0,0,-1.86784,-0.167155,-0.515102,-0.162299,7141.05,-0.504759,-0.0621645,0,1
5792.13,-0.542059,-0.168429,0,0,-3.37127,-0.766627,-0.542059,-0.168429,7146.03,-0.576199,-0.30472,0,1
5804.1,-0.5693,-0.176052,0,0,-2.27674,-0.637113,-0.5693,-0.176052,7150.28,-0.615251,-0.286974,0,1
5812.12,-0.587827,-0.174168,0,0,-2.31101,0.235009,-0.587827,-0.174168,7153.47,-0.688814,-0.16394,0,1
5824.1,-0.596355,-0.172979,0,0,-0.711765,0.0992897,-0.596355,-0.172979,7155.54,-0.713775,-0.149621,0,1
5832.11,-0.598335,-0.170205,0,0,-0.247092,0.346021,-0.598335,-0.170205,7156.53,-0.600206,-0.164732,0,1
5844.09,-0.598222,-0.167098,0,0,0.00949194,0.259357,-0.598222,-0.167098,7156.63,-0.624108,-0.20035,0,1
5852.12,-0.59658,-0.156586,0,0,0.204622,1.31037,-0.59658,-0.156586,7155.74,-0.54225,-0.148503,0,1
5864.1,-0.595401,-0.151059,0,0,0.0983417,0.461091,-0.595401,-0.151059,7153.22,-0.598673,-0.11775,0,1
5872.14,-0.593783,-0.144722,0,0,0.201214,0.788054,-0.593783,-0.144722,7148.61,-0.580311,-0.195108,0,1
5884.1,-0.590921,-0.130387,0,0,0.239426,1.19885,-0.590921,-0.130387,7142.01,-0.56534,-0.158023,0,1
5892.19,-0.587793,-0.112289,0,0,0.386459,2.23625,-0.587793,-0.112289,7133.76,-0.572529,-0.021137,0,1
5904.07,-0.584487,-0.0902806,0,0,0.278304,1.85307,-0.584487,-0.0902806,7124.8,-0.673989,-0.0456025,0,1
5912.08,-0.584962,-0.0890592,0,0,-0.0591843,0.152449,-0.584962,-0.0890592,7115.51,-0.563277,-0.0570424,0,1
5924.07,-0.586527,-0.0841169,0,0,-0.130635,0.412441,-0.586527,-0.0841169,7103.25,-0.486659,-0.100174,0,1
5932.16,-0.590825,-0.0840377,0,0,-0.53108,0.00978413,-0.590825,-0.0840377,7084.05,-0.498063,-0.17049,0,1
5944.13,-0.597513,-0.098548,0,0,-0.558554,-1.21182,-0.597513,-0.098548,7058.78,-0.666035,-0.085599,0,1
5952.2,-0.600222,-0.0988789,0,0,-0.33578,-0.0410195,-0.600222,-0.0988789,7033.16,-0.646282,-0.189993,0,1
5964.17,-0.600758,-0.0981956,0,0,-0.0447892,0.0570872,-0.600758,-0.0981956,7011,-0.618711,-0.111273,0,1
5972.24,-0.597324,-0.0837673,0,0,0.425241,1.78701,-0.597324,-0.0837673,6992.07,-0.583607,-0.0754328,0,1
5984.18,-0.589274,-0.0630296,0,0,0.674121,1.73653,-0.589274,-0.0630296,6973.2,-0.632266,-0.0473024,0,1
5992.16,-0.573596,-0.0264035,0,0,1.96639,4.59377,-0.573596,-0.0264035,6950.21,-0.549957,0.0536631,0,1
6004.16,-0.552144,0.0203338,0,0,1.78688,3.89315,-0.552144,0.0203338,6923.01,-0.526256,0.0971981,0,1
6016.14,-0.530604,0.0401542,0,0,1.7988,1.65515,-0.530604,0.0401542,6896.04,-0.577542,0.0479821,0,1
6024.15,-0.506557,0.0380116,0,0,3.00254,-0.267526,-0.506557,0.0380116,6872.07,-0.488034,0.0327197,0,1
6036.13,-0.479363,0.0339377,0,0,2.26896,-0.339917,-0.479363,0.0339377,6848.88,-0.430414,0.0650978,0,1
6044.15,-0.456904,0.0151299,0,0,2.80252,-2.34686,-0.456904,0.0151299,6823.84,-0.525604,0.00994553,0,1
6056.19,-0.442802,-0.0219682,0,0,1.17046,-3.0792,-0.442802,-0.0219682,6798.53,-0.445651,-0.0863575,0,1
6064.23,-0.429125,-0.0328874,0,0,1.70085,-1.35793,-0.429125,-0.0328874,6775.83,-0.34451,-0.0486563,0,1
6076.4,-0.415159,-0.0349892,0,0,1.14811,-0.172779,-0.415159,-0.0349892,6755.23,-0.415476,-0.0587101,0,1
6084.19,-0.398866,-0.0360007,0,0,2.09064,-0.129792,-0.398866,-0.0360007,6734.51,-0.372285,-0.00713269,0,1
6096.08,-0.377439,-0.0144136,0,0,1.80201,1.81541,-0.377439,-0.0144136,6714.01,-0.353701,-0.00521465,0,1
6104.19,-0.360686,-0.00429268,0,0,2.06592,1.24811,-0.360686,-0.00429268,6696.42,-0.412636,0.00418573,0,1
6116.06,-0.350884,-0.00385642,0,0,0.825943,0.0367596,-0.350884,-0.00385642,6684.04,-0.357017,-0.0369184,0,1
6124.08,-0.341855,0.00231637,0,0,1.12586,0.76977,-0.341855,0.00231637,6676.96,-0.325976,0.0886503,0,1
6136.06,-0.327114,0.0229445,0,0,1.2302,1.72145,-0.327114,0.0229445,6673.29,-0.235885,0.00749619,0,1
6144.07,-0.308007,0.0382818,0,0,2.38604,1.91525,-0.308007,0.0382818,6671.06,-0.198812,0.0451358,0,1
6156.06,-0.286968,0.0363735,0,0,1.75483,-0.159168,-0.286968,0.0363735,6669.2,-0.249709,0.0610324,0,1
6164.11,-0.264324,0.0337552,0,0,2.81429,-0.325421,-0.264324,0.0337552,6667.77,-0.300372,0.0208492,0,1
6176.35,-0.244484,0.0357126,0,0,1.61976,0.159798,-0.244484,0.0357126,6667.13,-0.31187,0.00262774,0,1
6184.23,-0.235264,0.016733,0,0,1.17104,-2.41072,-0.235264,0.016733,6667.37,-0.22416,-0.0280723,0,1
6196.22,-0.235031,-0.00785409,0,0,0.0194619,-2.04995,-0.235031,-0.00785409,6668.84,-0.18558,0.0336398,0,1
6204.1,-0.238078,-0.0205483,0,0,-0.386766,-1.61135,-0.238078,-0.0205483,6671.6,-0.1548,-0.0223526,0,1
6216.1,-0.239826,-0.0200936,0,0,-0.145755,0.0379009,-0.239826,-0.0200936,6674.68,-0.228757,-0.0524101,0,1
6224.09,-0.238107,-0.00290656,0,0,0.215166,2.15026,-0.238107,-0.00290656,6676.92,-0.285893,-0.0281775,0,1
6236.1,-0.238219,0.00121555,0,0,-0.00939675,0.343309,-0.238219,0.00121555,6678.35,-0.170518,0.0553588,0,1
6244.18,-0.228977,0.0788916,0,0,1.14376,9.61218,-0.228977,0.0788916,6680.28,-0.313219,0.161464,0,1
6256.1,-0.224163,0.144131,0,0,0.403671,5.4713,-0.224163,0.144131,6684.34,-0.260456,0.149264,0,1
6268.14,-0.230187,0.150246,0,0,-0.500404,0.507973,-0.230187,0.150246,6690.69,-0.227656,0.153346,0,1
6276.31,-0.237795,0.152621,0,0,-0.931573,0.290725,-0.237795,0.152621,6697.52,-0.239215,0.164632,0,1
6288.14,-0.246254,0.154341,0,0,-0.714741,0.145342,-0.246254,0.154341,6702.84,-0.16668,0.132262,0,1
6296.14,-0.254919,0.155398,0,0,-1.08389,0.132261,-0.254919,0.155398,6705.91,-0.259346,0.207486,0,1
6308.13,-0.262612,0.155013,0,0,-0.641425,-0.0321066,-0.262612,0.155013,6707.15,-0.234835,0.152935,0,1
6316.11,-0.268184,0.153544,0,0,-0.698001,-0.183959,-0.268184,0.153544,6707.38,-0.349754,0.141143,0,1
6328.06,-0.272532,0.141476,0,0,-0.363786,-1.00985,-0.272532,0.141476,6706.83,-0.392092,0.166468,0,1
6336.16,-0.274529,0.130046,0,0,-0.246555,-1.41125,-0.274529,0.130046,6704.77,-0.305729,0.0926603,0,1
6348.06,-0.273199,0.129389,0,0,0.111778,-0.0552282,-0.273199,0.129389,6700.56,-0.328936,0.126067,0,1
6356.12,-0.269922,0.128977,0,0,0.406266,-0.0510201,-0.269922,0.128977,6694.9,-0.23872,0.131127,0,1
6368.06,-0.263072,0.128117,0,0,0.573824,-0.072046,-0.263072,0.128117,6688.7,-0.256889,0.145866,0,1
6376.41,-0.248932,0.126343,0,0,1.69402,-0.212634,-0.248932,0.126343,6681.67,-0.219885,0.120895,0,1
6388.1,-0.225027,0.122112,0,0,2.04544,-0.361998,-0.225027,0.122112,6672.68,-0.248291,0.158229,0,1
6396.17,-0.199317,0.0890969,0,0,3.18425,-4.08905,-0.199317,0.0890969,6660.5,-0.152485,0.0511317,0,1
6408.06,-0.180263,0.0444867,0,0,1.60257,-3.75191,-0.180263,0.0444867,6644.7,-0.0931946,-0.000232215,0,1
6416.07,-0.169798,0.0208431,0,0,1.30577,-2.95029,-0.169798,0.0208431,6625.58,-0.171383,0.00792436,0,1
6428.06,-0.164824,0.0193154,0,0,0.415194,-0.127499,-0.164824,0.0193154,6602.85,-0.177231,-0.054948,0,1
6436.07,-0.162956,0.0196837,0,0,0.233135,0.0459847,-0.162956,0.0196837,6578.13,-0.091068,-0.0759164,0,1
6448.06,-0.159481,0.0344086,0,0,0.289828,1.22809,-0.159481,0.0344086,6556.85,-0.154347,0.0592345,0,1
6456.04,-0.152449,0.067562,0,0,0.880715,4.15196,-0.152449,0.067562,6541.8,-0.178164,0.100255,0,1
6468.06,-0.147041,0.0800007,0,0,0.449955,1.03509,-0.147041,0.0800007,6529.03,-0.19506,0.116799,0,1
6476.41,-0.14177,0.0848745,0,0,0.631157,0.583554,-0.14177,0.0848745,6514.76,-0.0911318,0.0762439,0,1
6488.18,-0.135677,0.0874372,0,0,0.51749,0.217637,-0.135677,0.0874372,6500.37,-0.0271227,0.0777574,0,1
6496.11,-0.125842,0.0884877,0,0,1.24154,0.132627,-0.125842,0.0884877,6486.61,-0.141161,0.0497131,0,1
6508.12,-0.110458,0.0858299,0,0,1.28076,-0.221262,-0.110458,0.0858299,6469.76,-0.134463,0.113801,0,1
6520.13,-0.0921625,0.0829028,0,0,1.52283,-0.243647,-0.0921625,0.0829028,6446.38,-0.126359,0.148204,0,1
6528.14,-0.0773959,0.0641786,0,0,1.84376,-2.3379,-0.0773959,0.0641786,6419.01,-0.103056,0.0574039,0,1
6540.12,-0.0732092,-0.0117705,0,0,0.34944,-6.33913,-0.0732092,-0.0117705,6394.71,-0.0916872,-0.0755109,0,1
6548.14,-0.0687748,-0.0813284,0,0,0.553273,-8.67846,-0.0687748,-0.0813284,6376.12,-0.0631076,-0.0889269,0,1
6560.12,-0.0577666,-0.106415,0,0,0.918648,-2.09354,-0.0577666,-0.106415,6360.5,-0.0403475,-0.128174,0,1
6568.14,-0.0493088,-0.125097,0,0,1.05419,-2.3285,-0.0493088,-0.125097,6347.13,-0.0181836,-0.215546,0,1
6580.19,-0.0443044,-0.126685,0,0,0.415545,-0.131831,-0.0443044,-0.126685,6335.96,-0.0316372,-0.124345,0,1
6588.17,-0.0431025,-0.126795,0,0,0.150528,-0.0138755,-0.0431025,-0.126795,6324.69,-0.00521586,-0.187331,0,1
6600.2,-0.0438207,-0.124618,0,0,-0.059727,0.181043,-0.0438207,-0.124618,6313.02,0.00119146,-0.134354,0,1
6608.22,-0.0446126,-0.101334,0,0,-0.0986291,2.89996,-0.0446126,-0.101334,6302.21,-0.0381699,-0.0786033,0,1
6620.18,-0.0483012,-0.0677386,0,0,-0.30859,2.81067,-0.0483012,-0.0677386,6292.31,-0.198987,-0.0391025,0,1
6628.23,-0.0561585,-0.0352644,0,0,-0.975822,4.03306,-0.0561585,-0.0352644,6284.2,-0.262074,0.0645527,0,1
6640.05,-0.0687974,-0.0103218,0,0,-1.06883,2.10931,-0.0687974,-0.0103218,6278.79,-0.171605,0.0456584,0,1
6648.12,-0.0859596,-0.00675062,0,0,-2.12693,0.442583,-0.0859596,-0.00675062,6274.93,-0.0582801,0.0619713,0,1
6660.05,-0.0973137,0.00580553,0,0,-0.951649,1.0524,-0.0973137,0.00580553,6271.64,-0.0487928,-0.0746509,0,1
6668.07,-0.10026,0.0256266,0,0,-0.367446,2.47177,-0.10026,0.0256266,6269.19,-0.118901,-0.0412796,0,1
6680.15,-0.0989902,0.0384868,0,0,0.105138,1.06459,-0.0989902,0.0384868,6267.73,-0.120434,0.017606,0,1
6688.1,-0.0961496,0.0396347,0,0,0.357265,0.144365,-0.0961496,0.0396347,6267,-0.263986,0.083808,0,1
6700.08,-0.0881423,0.0607109,0,0,0.668889,1.76061,-0.0881423,0.0607109,6266.69,-0.0544043,0.0860834,0,1
6708.05,-0.0811866,0.0625355,0,0,0.872519,0.22887,-0.0811866,0.0625355,6266.6,0.000797691,0.0575464,0,1
6720.06,-0.0710626,0.0629254,0,0,0.84275,0.0324556,-0.0710626,0.0629254,6266.62,-0.0695564,0.0591173,0,1
6728.06,-0.0579653,0.0612819,0,0,1.63798,-0.205537,-0.0579653,0.0612819,6266.67,-0.105647,0.0305107,0,1
6740.06,-0.0459864,0.0557737,0,0,0.997831,-0.458825,-0.0459864,0.0557737,6266.71,-0.00173005,0.0611416,0,1
6748.06,-0.0436928,0.000560772,0,0,0.2868,-6.9042,-0.0436928,0.000560772,6266.87,-0.00795828,-0.0577858,0,1
6760.06,-0.0432965,-0.0700429,0,0,0.0330109,-5.8807,-0.0432965,-0.0700429,6267.44,-0.0548615,-0.136849,0,1
6772.2,-0.0304175,-0.0746538,0,0,1.06131,-0.379965,-0.0304175,-0.0746538,6269.04,-0.0666323,-0.129145,0,1
6780.22,-0.0152421,-0.0761344,0,0,1.89102,-0.184493,-0.0152421,-0.0761344,6272.9,-0.114718,-0.130659,0,1
6792.09,0.00204459,-0.0675874,0,0,1.45633,0.720053,0.00204459,-0.0675874,6280.59,0.217029,0.0152214,0,1
6800.21,0.0214588,-0.041945,0,0,2.39268,3.16027,0.0214588,-0.041945,6291.7,0.0411665,-0.0399791,0,1
6812.06,0.0335466,-0.0405489,0,0,1.01972,0.117767,0.0335466,-0.0405489,6303.11,0.0712381,-0.0502895,0,1
6820.18,0.0399395,-0.0370597,0,0,0.787507,0.429815,0.0399395,-0.0370597,6312.95,0.0110106,-0.139189,0,1
6832.06,0.0417411,-0.0368474,0,0,0.151662,0.0178751,0.0417411,-0.0368474,6321.97,0.0909827,-0.0337271,0,1
6840.18,0.042946,-0.0308457,0,0,0.148455,0.739489,0.042946,-0.0308457,6330.21,0.0417391,-0.0407065,0,1
6852.05,0.0443376,-0.020789,0,0,0.117164,0.846737,0.0443376,-0.020789,6337.05,0.048369,-0.0139835,0,1
6860.07,0.0449237,-0.012901,0,0,0.0731231,0.984023,0.0449237,-0.012901,6343.06,0.0376981,0.0221136,0,1
6872.18,0.0434737,-0.012389,0,0,-0.119767,0.0422937,0.0434737,-0.012389,6348.82,0.067966,0.00390878,0,1
6880.23,0.0407734,-0.012082,0,0,-0.335067,0.0380984,0.0407734,-0.012082,6354.35,0.0389822,-0.0108448,0,1
6892.11,0.0367992,-0.0122646,0,0,-0.334779,-0.0153815,0.0367992,-0.0122646,6359.8,0.0915013,-0.0301837,0,1
6900.14,0.0313484,-0.011813,0,0,-0.678718,0.0562232,0.0313484,-0.011813,6365.23,0.0866798,-0.023679,0,1
6912.06,0.0237349,-0.0156203,0,0,-0.638722,-0.319401,0.0237349,-0.0156203,6370.27,0.0141394,-0.0228313,0,1
6920.11,0.016357,-0.0206831,0,0,-0.916623,-0.628996,0.016357,-0.0206831,6374.38,0.0240725,0.0982664,0,1
6932.06,0.0106086,-0.0306565,0,0,-0.480952,-0.834453,0.0106086,-0.0306565,6377.57,0.0138175,-0.0667372,0,1
6940.06,0.00596187,-0.0438207,0,0,-0.580338,-1.6441,0.00596187,-0.0438207,6380.76,-0.0202049,-0.0510082,0,1
6952.06,0.0026176,-0.045041,0,0,-0.278829,-0.101736,0.0026176,-0.045041,6384.72,-0.0157032,-0.071247,0,1
6960.12,-0.000865569,-0.0450496,0,0,-0.432101,-0.00107443,-0.000865569,-0.0450496,6388.66,-0.0158325,-0.04434,0,1
6972.16,-0.0041429,-0.0539653,0,0,-0.272159,-0.740382,-0.0041429,-0.0539653,6391.29,0.126798,0.0323377,0,1
6980.22,-0.00542458,-0.0612077,0,0,-0.159097,-0.899006,-0.00542458,-0.0612077,6392.62,0.0701295,-0.0416237,0,1
6992.12,-0.00717563,-0.077434,0,0,-0.147171,-1.36379,-0.00717563,-0.077434,6393.22,-0.0357256,-0.168428,0,1
7000.06,-0.0142052,-0.136548,0,0,-0.884445,-7.43761,-0.0142052,-0.136548,6393.39,-0.036007,-0.209707,0,1
7012.11,-0.0187091,-0.183781,0,0,-0.373923,-3.92134,-0.0187091,-0.183781,6393.43,0.00266287,-0.200777,0,1
7024.09,-0.018849,-0.19568,0,0,-0.0116814,-0.993335,-0.018849,-0.19568,6393.68,-0.00132658,-0.174701,0,1
7032.07,-0.0188568,-0.196116,0,0,-0.000979069,-0.0546489,-0.0188568,-0.196116,6394.05,-0.020456,-0.22641,0,1
7044.05,-0.0197433,-0.196184,0,0,-0.0739846,-0.00566094,-0.0197433,-0.196184,6394.35,-0.0225666,-0.215325,0,1
7052.06,-0.0219607,-0.200353,0,0,-0.27672,-0.520254,-0.0219607,-0.200353,6394.76,0.0496912,-0.169602,0,1
7064.09,-0.0271567,-0.20905,0,0,-0.432242,-0.723523,-0.0271567,-0.20905,6396.1,-0.0583883,-0.253459,0,1
7072.17,-0.037198,-0.221356,0,0,-1.24166,-1.52166,-0.037198,-0.221356,6399.87,-0.0284783,-0.211634,0,1
7084.09,-0.0494644,-0.220398,0,0,-1.02906,0.0803515,-0.0494644,-0.220398,6407.3,-0.0503521,-0.203319,0,1
7092.12,-0.0626517,-0.216878,0,0,-1.64205,0.43832,-0.0626517,-0.216878,6417.43,-0.143911,-0.264686,0,1
7104.05,-0.0667178,-0.171112,0,0,-0.340914,3.83721,-0.0667178,-0.171112,6427.78,-0.134204,-0.0646083,0,1
7112.09,-0.0629946,-0.105137,0,0,0.463025,8.20481,-0.0629946,-0.105137,6437.88,-0.0983646,-0.0631982,0,1
7124.04,-0.0595323,-0.063365,0,0,0.289727,3.49554,-0.0595323,-0.063365,6449.31,-0.0693198,0.016784,0,1
7132.06,-0.0604687,-0.0607624,0,0,-0.116825,0.324715,-0.0604687,-0.0607624,6462.49,-0.0307696,-0.0559182,0,1
7144.04,-0.0615342,-0.0605958,0,0,-0.0889079,0.013901,-0.0615342,-0.0605958,6476.07,-0.0503487,-0.0875728,0,1
7152.06,-0.063317,-0.0615315,0,0,-0.222342,-0.116701,-0.063317,-0.0615315,6488.12,-0.0403931,0.0289092,0,1
7164.07,-0.0691865,-0.0882767,0,0,-0.488516,-2.22599,-0.0691865,-0.0882767,6497.83,-0.0730579,-0.131291,0,1
7172.2,-0.0738687,-0.114017,0,0,-0.576414,-3.16879,-0.0738687,-0.114017,6506.7,-0.0238891,-0.150236,0,1
7184.12,-0.0732555,-0.115279,0,0,0.0514229,-0.10584,-0.0732555,-0.115279,6517.14,-0.0691154,-0.122932,0,1
7192.2,-0.0722783,-0.11721,0,0,0.121034,-0.239155,-0.0722783,-0.11721,6529.63,-0.102108,-0.169617,0,1
7204.09,-0.0729492,-0.117205,0,0,-0.0564041,0.000386086,-0.0729492,-0.117205,6541.79,-0.0877327,-0.0786295,0,1
7212.07,-0.0767198,-0.117614,0,0,-0.472742,-0.0511916,-0.0767198,-0.117614,6552.74,-0.104343,-0.127042,0,1
7224.08,-0.0858314,-0.136515,0,0,-0.75835,-1.57314,-0.0858314,-0.136515,6564.93,-0.152843,-0.082926,0,1
7232.07,-0.0950513,-0.137948,0,0,-1.15378,-0.179343,-0.0950513,-0.137948,6578.88,-0.0147139,-0.173354,0,1
7244.08,-0.111871,-0.175051,0,0,-1.40075,-3.08984,-0.111871,-0.175051,6591.62,-0.0694703,-0.227152,0,1
7252.07,-0.124341,-0.182804,0,0,-1.56026,-0.970051,-0.124341,-0.182804,6601.43,-0.103464,-0.192725,0,1
7264.09,-0.132789,-0.182077,0,0,-0.702914,0.0604151,-0.132789,-0.182077,6609.65,-0.200093,-0.0858451,0,1
7276.28,-0.137511,-0.181008,0,0,-0.387294,0.0877247,-0.137511,-0.181008,6617.62,-0.133937,-0.192178,0,1
7284.12,-0.137865,-0.169876,0,0,-0.0451856,1.41987,-0.137865,-0.169876,6624.41,-0.151107,-0.158877,0,1
7296.1,-0.137162,-0.161557,0,0,0.0586782,0.694388,-0.137162,-0.161557,6628.66,-0.133725,-0.165322,0,1
7304.18,-0.128552,-0.102415,0,0,1.06663,7.32685,-0.128552,-0.102415,6630.5,-0.141673,-0.0161293,0,1
7316.04,-0.118516,-0.0340316,0,0,0.846033,5.76443,-0.118516,-0.0340316,6631.05,-0.124635,-0.0664637,0,1
7324.06,-0.117958,-0.0307409,0,0,0.0695136,0.410211,-0.117958,-0.0307409,6631.13,-0.113365,0.0888625,0,1
7336.04,-0.11608,-0.0217084,0,0,0.156705,0.753775,-0.11608,-0.0217084,6630.95,-0.0743726,-0.0199672,0,1
7344.06,-0.114205,-0.0231434,0,0,0.233896,-0.178972,-0.114205,-0.0231434,6630.18,-0.10355,-0.0661554,0,1
7356.04,-0.109078,-0.0210272,0,0,0.427871,0.17661,-0.109078,-0.0210272,6627.94,-0.0994426,-0.0335524,0,1
7364.15,-0.101355,-0.0204098,0,0,0.953115,0.0762052,-0.101355,-0.0204098,6622.32,-0.132682,-0.0126657,0,1
7376.28,-0.0909663,-0.0119153,0,0,0.855946,0.699884,-0.0909663,-0.0119153,6610.81,-0.0489002,0.0171825,0,1
7384.17,-0.0807889,-0.00182517,0,0,1.2904,1.27933,-0.0807889,-0.00182517,6593.22,-0.0498289,0.0802646,0,1
7396.06,-0.0738402,-0.00153618,0,0,0.584465,0.024307,-0.0738402,-0.00153618,6571.63,-0.0714061,0.0095026,0,1
7404.16,-0.0687642,-0.00194596,0,0,0.626739,-0.0505953,-0.0687642,-0.00194596,6547.09,-0.0461574,-0.00808365,0,1
7416.05,-0.0642904,0.0019407,0,0,0.376361,0.326967,-0.0642904,0.0019407,6521.11,-0.140028,0.0066167,0,1
7424.11,-0.0609941,0.00224035,0,0,0.408867,0.0371691,-0.0609941,0.00224035,6495.87,-0.0690621,-0.0439138,0,1
7436.05,-0.056016,0.0144768,0,0,0.416999,1.025,-0.056016,0.0144768,6470,-0.0600571,0.0336623,0,1
7444.09,-0.0492483,0.0398922,0,0,0.841755,3.16112,-0.0492483,0.0398922,6441.06,-0.00603992,0.119732,0,1
7456.04,-0.0436941,0.0553904,0,0,0.464473,1.29605,-0.0436941,0.0553904,6411.67,0.0382261,0.0535348,0,1
7464.07,-0.0370651,0.0624466,0,0,0.826351,0.879616,-0.0370651,0.0624466,6386.83,0.0582636,0.0605499,0,1
7476.29,-0.0267009,0.0614704,0,0,0.847933,-0.0798677,-0.0267009,0.0614704,6367.9,-0.0469816,0.129759,0,1
7484.15,-0.0121479,0.0594485,0,0,1.85034,-0.257078,-0.0121479,0.0594485,6352.06,0.0474743,0.0123669,0,1
7496.07,0.000147697,0.052718,0,0,1.03212,-0.564973,0.000147697,0.052718,6335.82,-0.0742185,0.0574045,0,1
7504.17,0.00500052,0.0399986,0,0,0.598966,-1.5699,0.00500052,0.0399986,6318.53,-0.0719283,0.00825621,0,1
7516.09,0.00650561,0.0392876,0,0,0.126224,-0.059631,0.00650561,0.0392876,6301.22,0.00364166,-0.00643448,0,1
7528.14,0.00703464,0.0398541,0,0,0.0439061,0.0470124,0.00703464,0.0398541,6282.56,0.0407867,0.0269763,0,1
7536.12,0.010488,0.0547066,0,0,0.433132,1.86285,0.010488,0.0547066,6260.97,0.03438,0.0805819,0,1
7548.04,0.0165322,0.0747852,0,0,0.506892,1.68388,0.0165322,0.0747852,6238.74,0.0584928,0.0667535,0,1
7556.05,0.0223145,0.0749518,0,0,0.721526,0.0207953,0.0223145,0.0749518,6219.06,0.0094164,0.0932055,0,1
7568.04,0.029515,0.0740543,0,0,0.600697,-0.0748756,0.029515,0.0740543,6201.74,-0.019222,0.0784111,0,1
7576.32,0.0346661,0.0737136,0,0,0.621807,-0.0411215,0.0346661,0.0737136,6185.53,-0.0591519,0.0328933,0,1
7588.12,0.0379198,0.0801906,0,0,0.275925,0.549263,0.0379198,0.0801906,6171.15,0.0506117,0.0500232,0,1
7596.15,0.0404514,0.0808763,0,0,0.315262,0.0854021,0.0404514,0.0808763,6159.82,0.188335,0.0978494,0,1
7608.12,0.0432967,0.0849084,0,0,0.23765,0.336764,0.0432967,0.0849084,6151,0.0851654,0.0959067,0,1
7616.06,0.0444528,0.09512,0,0,0.14554,1.28561,0.0444528,0.09512,6143.01,0.0680134,0.0691759,0,1
7628.04,0.0398846,0.0980173,0,0,-0.381439,0.241926,0.0398846,0.0980173,6135.19,-0.00399756,0.0850389,0,1
7636.06,0.0288143,0.0992576,0,0,-1.38035,0.154646,0.0288143,0.0992576,6127.36,0.0484273,0.113929,0,1
7648.09,0.0129234,0.0961583,0,0,-1.3206,-0.257566,0.0129234,0.0961583,6118.83,0.0668817,0.0614445,0,1
7656.06,-0.00154978,0.0970628,0,0,-1.8171,0.113555,-0.00154978,0.0970628,6109.85,-0.0186498,0.117041,0,1
7668.05,-0.0124045,0.0982379,0,0,-0.905393,0.0980155,-0.0124045,0.0982379,6100.52,-0.0967947,0.222561,0,1
7676.36,-0.020241,0.0958007,0,0,-0.942559,-0.293139,-0.020241,0.0958007,6089.21,-0.023321,0.0435025,0,1
7688.08,-0.0249713,0.0957144,0,0,-0.403507,-0.00736351,-0.0249713,0.0957144,6075.14,-0.0719133,0.0823679,0,1
7696.14,-0.0278469,0.0960865,0,0,-0.356992,0.0461958,-0.0278469,0.0960865,6060.68,-0.0588494,0.0604027,0,1
7708.04,-0.0292564,0.0974624,0,0,-0.118382,0.115552,-0.0292564,0.0974624,6049.28,0.0587758,0.13593,0,1
7716.06,-0.0289749,0.105905,0,0,0.0351111,1.0527,-0.0289749,0.105905,6041.54,-0.034641,0.11674,0,1
7728.04,-0.0305012,0.106702,0,0,-0.127437,0.0665017,-0.0305012,0.106702,6034.69,0.0664217,0.116281,0,1
7736.11,-0.0328575,0.112572,0,0,-0.292028,0.727543,-0.0328575,0.112572,6024.85,-0.0590719,0.132909,0,1
7748.04,-0.0362347,0.118476,0,0,-0.282983,0.494742,-0.0362347,0.118476,6008.77,-0.0207604,0.0517098,0,1
7756.04,-0.0404881,0.121991,0,0,-0.532217,0.439806,-0.0404881,0.121991,5986.32,-0.0207797,0.107139,0,1
7768.09,-0.0462916,0.122133,0,0,-0.481613,0.0117933,-0.0462916,0.122133,5961.68,-0.085806,0.126409,0,1
7780.14,-0.0520243,0.122216,0,0,-0.475546,0.00687842,-0.0520243,0.122216,5939.9,-0.0441798,0.134985,0,1
7788.11,-0.0553766,0.122635,0,0,-0.420718,0.0525274,-0.0553766,0.122635,5923.15,-0.0597779,0.125782,0,1
7800.05,-0.0558949,0.123557,0,0,-0.0434155,0.0772794,-0.0558949,0.123557,5910.53,-0.0562002,0.117792,0,1
7808.05,-0.051609,0.128597,0,0,0.535534,0.629736,-0.051609,0.128597,5899.65,-0.102505,0.125873,0,1
7820.03,-0.0371846,0.121477,0,0,1.20374,-0.594206,-0.0371846,0.121477,5888.33,-0.0877851,0.154532,0,1
7828.05,0.000887951,0.122157,0,0,4.75076,0.0848761,0.000887951,0.122157,5874.55,0.0113077,0.177922,0,1
7840.03,0.060267,0.126968,0,0,4.95528,0.401446,0.060267,0.126968,5856.11,0.249363,0.055175,0,1
7848.04,0.118734,0.143145,0,0,7.30016,2.01992,0.118734,0.143145,5833.88,0.275934,0.139492,0,1
7860.03,0.152424,0.15822,0,0,2.81081,1.25769,0.152424,0.15822,5812.34,0.219045,0.16163,0,1
7868.05,0.159767,0.159429,0,0,0.915624,0.150806,0.159767,0.159429,5793.37,0.286179,0.0699729,0,1
7880.13,0.144161,0.170949,0,0,-1.29093,0.95295,0.144161,0.170949,5775.1,0.263667,0.174152,0,1
7888.08,0.0805955,0.182133,0,0,-8.00267,1.40795,0.0805955,0.182133,5756.63,0.217866,0.181463,0,1
7900.11,-0.0434229,0.201504,0,0,-10.3048,1.60958,-0.0434229,0.201504,5737.88,-0.454216,0.142503,0,1
7908.12,-0.183022,0.223473,0,0,-17.4303,2.74301,-0.183022,0.223473,5719.73,-0.151426,0.206103,0,1
7920.04,-0.279254,0.235529,0,0,-8.07382,1.01155,-0.279254,0.235529,5705.29,-0.356434,0.247543,0,1
7928.05,-0.326604,0.237255,0,0,-5.91066,0.215407,-0.326604,0.237255,5695.79,-0.319047,0.246125,0,1
7940.1,-0.346513,0.243258,0,0,-1.65223,0.498193,-0.346513,0.243258,5687.91,-0.497744,0.274185,0,1
7948.11,-0.353741,0.249663,0,0,-0.902652,0.799871,-0.353741,0.249663,5677.54,-0.520202,0.229821,0,1
7960.1,-0.356118,0.253981,0,0,-0.198172,0.360129,-0.356118,0.253981,5664.43,-0.27722,0.323176,0,1
7968.16,-0.35726,0.265871,0,0,-0.141774,1.47586,-0.35726,0.265871,5652.89,-0.349558,0.291922,0,1
7980.2,-0.357905,0.283915,0,0,-0.0535393,1.49804,-0.357905,0.283915,5646.24,-0.424917,0.207971,0,1
7988.14,-0.35704,0.293433,0,0,0.108902,1.19967,-0.35704,0.293433,5643.27,-0.426773,0.303268,0,1
8000.18,-0.349782,0.296461,0,0,0.60243,0.251343,-0.349782,0.296461,5641.19,-0.391163,0.310591,0,1
8008.2,-0.326178,0.305853,0,0,2.94616,1.17218,-0.326178,0.305853,5638.58,-0.298213,0.309413,0,1
8020.04,-0.264823,0.337118,0,0,5.18028,2.63974,-0.264823,0.337118,5635.58,-0.381248,0.382455,0,1
8032.06,-0.151611,0.375844,0,0,9.42095,3.22265,-0.151611,0.375844,5632.42,0.125358,0.502993,0,1
8040.03,-0.0124037,0.403763,0,0,17.4555,3.5007,-0.0124037,0.403763,5628.6,0.216861,0.397831,0,1
8052.02,0.101486,0.414856,0,0,9.50113,0.925481,0.101486,0.414856,5624.23,0.169002,0.407029,0,1
8060.14,0.166756,0.409973,0,0,8.03225,-0.60096,0.166756,0.409973,5620.51,0.174173,0.447079,0,1
8072.15,0.199698,0.412891,0,0,2.74288,0.243,0.199698,0.412891,5618.12,0.233372,0.403995,0,1
8080.12,0.216231,0.419055,0,0,2.07439,0.773389,0.216231,0.419055,5616.41,0.213264,0.331332,0,1
8092.09,0.222538,0.418624,0,0,0.527151,-0.0360249,0.222538,0.418624,5614.11,0.248093,0.425807,0,1
8100.16,0.22441,0.418393,0,0,0.232065,-0.0286562,0.22441,0.418393,5610.75,0.277656,0.405094,0,1
8112.03,0.225385,0.417729,0,0,0.0820657,-0.0559112,0.225385,0.417729,5607.21,0.259335,0.423763,0,1
8120.04,0.225254,0.404145,0,0,-0.016326,-1.69551,0.225254,0.404145,5604.37,0.234209,0.388796,0,1
8132.03,0.223695,0.374948,0,0,-0.130084,-2.43589,0.223695,0.374948,5601.52,0.189342,0.341838,0,1
8140.04,0.223413,0.355296,0,0,-0.0351299,-2.45253,0.223413,0.355296,5596.88,0.210128,0.381927,0,1
8152.02,0.223631,0.344674,0,0,0.0181891,-0.886608,0.223631,0.344674,5589.25,0.108569,0.3023,0,1
8160.07,0.22578,0.344408,0,0,0.267143,-0.0330285,0.22578,0.344408,5579.25,0.172489,0.370503,0,1
8172.17,0.232495,0.353527,0,0,0.554573,0.753181,0.232495,0.353527,5568.75,0.242917,0.28796,0,1
8180.12,0.242295,0.355777,0,0,1.23265,0.283013,0.242295,0.355777,5559.6,0.255449,0.362217,0,1
8192.09,0.251627,0.348587,0,0,0.780017,-0.600987,0.251627,0.348587,5552.69,0.291939,0.407599,0,1
8200.09,0.260613,0.355787,0,0,1.12348,0.900031,0.260613,0.355787,5547.47,0.269218,0.384474,0,1
8212.07,0.266386,0.355624,0,0,0.481757,-0.0135735,0.266386,0.355624,5542.16,0.262888,0.331763,0,1
8220.05,0.272692,0.358376,0,0,0.790024,0.344817,0.272692,0.358376,5534.85,0.296928,0.364974,0,1
8232.06,0.278738,0.348525,0,0,0.50329,-0.820028,0.278738,0.348525,5525.41,0.239945,0.272248,0,1
8240.06,0.286361,0.338483,0,0,0.953779,-1.25638,0.286361,0.338483,5515.83,0.259672,0.370228,0,1
8252.07,0.295129,0.334008,0,0,0.729848,-0.372482,0.295129,0.334008,5507.84,0.303821,0.277154,0,1
8260.06,0.301394,0.322866,0,0,0.784655,-1.39547,0.301394,0.322866,5502.08,0.286513,0.235317,0,1
8272.17,0.306367,0.321801,0,0,0.410534,-0.0878566,0.306367,0.321801,5498.43,0.399871,0.309295,0,1
8284.16,0.308762,0.321506,0,0,0.199672,-0.0246361,0.308762,0.321506,5496.13,0.330749,0.319779,0,1
8292.09,0.309471,0.321418,0,0,0.0893738,-0.0110253,0.309471,0.321418,5493.98,0.312392,0.349939,0,1
8304.03,0.309335,0.32113,0,0,-0.0114019,-0.0241436,0.309335,0.32113,5490.95,0.32932,0.342601,0,1
8312.04,0.307763,0.31416,0,0,-0.196161,-0.870069,0.307763,0.31416,5487.01,0.323956,0.263839,0,1
8324.02,0.305819,0.308967,0,0,-0.162245,-0.433332,0.305819,0.308967,5483.14,0.374899,0.37342,0,1
8332.03,0.303618,0.309013,0,0,-0.27477,0.00577062,0.303618,0.309013,5480.11,0.2905,0.267313,0,1
8344.02,0.301148,0.310034,0,0,-0.206078,0.0851448,0.301148,0.310034,5478.11,0.287787,0.31392,0,1
8352.04,0.302008,0.327597,0,0,0.107271,2.19017,0.302008,0.327597,5477.2,0.226891,0.380512,0,1
8364.05,0.306244,0.359195,0,0,0.352579,2.62989,0.306244,0.359195,5477.33,0.311905,0.37921,0,1
8372.09,0.308206,0.36101,0,0,0.243934,0.225784,0.308206,0.36101,5479.18,0.2736,0.384262,0,1
8384.1,0.315448,0.360525,0,0,0.603063,-0.0404062,0.315448,0.360525,5484.36,0.289516,0.307144,0,1
8392.1,0.333682,0.366879,0,0,2.28086,0.794904,0.333682,0.366879,5493.68,0.417891,0.370102,0,1
8404.06,0.357991,0.364338,0,0,2.03138,-0.212345,0.357991,0.364338,5505.91,0.428873,0.279795,0,1
8412.09,0.378845,0.361864,0,0,2.59994,-0.308494,0.378845,0.361864,5519.78,0.405455,0.326661,0,1
8424.05,0.389722,0.362592,0,0,0.90877,0.0608229,0.389722,0.362592,5534.75,0.373775,0.386688,0,1
8432.06,0.392608,0.363005,0,0,0.360298,0.0515986,0.392608,0.363005,5550.24,0.441345,0.367876,0,1
8444.05,0.391209,0.363207,0,0,-0.116787,0.0168581,0.391209,0.363207,5567.6,0.391682,0.390722,0,1
8452.06,0.384818,0.362834,0,0,-0.797666,-0.046634,0.384818,0.362834,5588.88,0.395105,0.330232,0,1
8464.06,0.369238,0.336995,0,0,-1.29824,-2.15299,0.369238,0.336995,5613.16,0.326337,0.310477,0,1
8472.14,0.351901,0.306452,0,0,-2.14511,-3.77914,0.351901,0.306452,5637.44,0.307599,0.293753,0,1
8484.11,0.341005,0.290502,0,0,-0.910175,-1.33243,0.341005,0.290502,5658.05,0.279727,0.221388,0,1
8492.08,0.335067,0.27317,0,0,-0.745329,-2.17544,0.335067,0.27317,5673.61,0.285047,0.302116,0,1
8504.04,0.330048,0.240244,0,0,-0.419835,-2.75419,0.330048,0.240244,5686.32,0.349819,0.292156,0,1
8512.05,0.328979,0.219088,0,0,-0.133338,-2.63825,0.328979,0.219088,5698.93,0.345686,0.219477,0,1
8524.06,0.332069,0.21218,0,0,0.257341,-0.575336,0.332069,0.21218,5714.65,0.284656,0.210934,0,1
8536.04,0.333462,0.185053,0,0,0.116289,-2.26399,0.333462,0.185053,5737.16,0.331416,0.161182,0,1
8544.06,0.336617,0.162904,0,0,0.393736,-2.76409,0.336617,0.162904,5766.45,0.300225,0.124346,0,1
8556.01,0.342584,0.151145,0,0,0.499007,-0.98333,0.342584,0.151145,5797.06,0.358935,0.198479,0,1
8564.07,0.346769,0.131932,0,0,0.519802,-2.38641,0.346769,0.131932,5823.71,0.368211,0.164187,0,1
8576.22,0.348942,0.120283,0,0,0.17879,-0.958713,0.348942,0.120283,5846.95,0.391468,0.0858344,0,1
8584.07,0.351609,0.130553,0,0,0.339532,1.30721,0.351609,0.130553,5870.52,0.399151,0.124597,0,1
8596.03,0.351844,0.131696,0,0,0.0196834,0.0956667,0.351844,0.131696,5896.04,0.398484,0.103675,0,1
8604.09,0.353992,0.148799,0,0,0.266538,2.12239,0.353992,0.148799,5921.6,0.349927,0.17629,0,1
8616.06,0.359509,0.190233,0,0,0.46089,3.46156,0.359509,0.190233,5945.79,0.360389,0.252781,0,1
8624.04,0.364138,0.224869,0,0,0.579522,4.33652,0.364138,0.224869,5970.56,0.357011,0.206265,0,1
8636.02,0.364928,0.232264,0,0,0.0659642,0.617296,0.364928,0.232264,5998.12,0.332302,0.260512,0,1
8644.04,0.364602,0.231734,0,0,-0.0406436,-0.0660959,0.364602,0.231734,6028.18,0.259833,0.259616,0,1
8656.02,0.361649,0.212721,0,0,-0.246464,-1.58668,0.361649,0.212721,6057.98,0.349177,0.192135,0,1
8664.08,0.36004,0.202935,0,0,-0.19967,-1.21463,0.36004,0.202935,6085.29,0.384136,0.142859,0,1
8676.27,0.357162,0.185852,0,0,-0.235995,-1.40087,0.357162,0.185852,6111.37,0.412998,0.1777,0,1
8684.21,0.352681,0.159857,0,0,-0.564237,-3.27279,0.352681,0.159857,6137.97,0.363374,0.109978,0,1
8696.2,0.347035,0.129084,0,0,-0.47102,-2.5676,0.347035,0.129084,6164.39,0.310035,0.128711,0,1
8704.11,0.344728,0.128034,0,0,-0.291572,-0.132705,0.344728,0.128034,6190.26,0.377866,0.111471,0,1
8716.03,0.341479,0.128577,0,0,-0.27268,0.0456341,0.341479,0.128577,6216.09,0.321364,0.0689002,0,1
8724.09,0.338128,0.133202,0,0,-0.415532,0.573518,0.338128,0.133202,6240.99,0.267997,0.152615,0,1
8736.03,0.336329,0.155588,0,0,-0.150758,1.8755,0.336329,0.155588,6263.39,0.302179,0.193673,0,1
8744.06,0.330104,0.157324,0,0,-0.775139,0.216243,0.330104,0.157324,6282.03,0.281949,0.206346,0,1
8756.03,0.324286,0.157662,0,0,-0.486108,0.0282289,0.324286,0.157662,6297.04,0.270944,0.156516,0,1
8764.05,0.319788,0.148409,0,0,-0.560514,-1.15305,0.319788,0.148409,6311.88,0.340579,0.112138,0,1
8776.3,0.315135,0.1221,0,0,-0.379891,-2.14798,0.315135,0.1221,6332.34,0.377245,0.132879,0,1
8788.06,0.313259,0.105438,0,0,-0.159446,-1.41675,0.313259,0.105438,6362.39,0.290448,0.0806009,0,1
8796.12,0.310502,0.0750178,0,0,-0.342473,-3.77749,0.310502,0.0750178,6400.06,0.224708,0.0631533,0,1
8808.02,0.307674,0.0506141,0,0,-0.237518,-2.04987,0.307674,0.0506141,6437.81,0.376412,0.0384679,0,1
8816.15,0.301237,0.0427984,0,0,-0.792174,-0.96193,0.301237,0.0427984,6469.46,0.340399,-0.00105119,0,1
8828.02,0.286283,0.0391733,0,0,-1.25978,-0.305375,0.286283,0.0391733,6494.56,0.256392,0.019525,0,1
8836.12,0.262147,0.0304179,0,0,-2.97823,-1.08037,0.262147,0.0304179,6515.51,0.2655,0.0656434,0,1
8848.02,0.227359,0.0194054,0,0,-2.92407,-0.925654,0.227359,0.0194054,6536.07,0.364975,0.0976381,0,1
8856.03,0.180342,0.0405674,0,0,-5.8647,2.63964,0.180342,0.0405674,6560.77,0.000644985,-0.0454149,0,1
8868.02,0.121115,0.0619108,0,0,-4.94134,1.78069,0.121115,0.0619108,6591.95,0.0534313,-0.0234703,0,1
8876.28,0.0791931,0.125806,0,0,-5.07346,7.73271,0.0791931,0.125806,6626.84,0.0247898,0.205109,0,1
8888.06,0.0630635,0.189,0,0,-1.37005,5.36772,0.0630635,0.189,6659,0.0300419,0.192318,0,1
8896.18,0.0573562,0.198667,0,0,-0.702427,1.18978,0.0573562,0.198667,6684.11,0.00409882,0.195876,0,1
8908.02,0.0595518,0.217212,0,0,0.185434,1.56632,0.0595518,0.217212,6702.38,0.0419641,0.283013,0,1
8916.04,0.0624225,0.221735,0,0,0.358074,0.564072,0.0624225,0.221735,6717.81,0.10932,0.277273,0,1
8928.02,0.067506,0.221282,0,0,0.424268,-0.037809,0.067506,0.221282,6736.16,0.0904612,0.250415,0,1
8936.2,0.0743555,0.218824,0,0,0.836935,-0.300319,0.0743555,0.218824,6760.24,0.115977,0.158013,0,1
8948.08,0.0760466,0.180759,0,0,0.142349,-3.20411,0.0760466,0.180759,6788.03,0.0533814,0.0782145,0,1
8956.07,0.0776746,0.148934,0,0,0.203781,-3.98364,0.0776746,0.148934,6815.5,0.0885253,0.14207,0,1
8968.08,0.0797319,0.132921,0,0,0.171355,-1.33376,0.0797319,0.132921,6839.46,0.0798173,0.105757,0,1
8976.33,0.0797458,0.122046,0,0,0.0016839,-1.3185,0.0797458,0.122046,6858.4,0.0683615,0.124896,0,1
8988.14,0.0778483,0.117911,0,0,-0.160684,-0.350158,0.0778483,0.117911,6873.13,0.112707,0.117084,0,1
8996.09,0.0724029,0.109357,0,0,-0.684615,-1.07539,0.0724029,0.109357,6887.34,0.10724,0.0797111,0,1
9008.07,0.0624042,0.102679,0,0,-0.834749,-0.557501,0.0624042,0.102679,6905.56,0.0716405,0.063804,0,1
9016.05,0.045375,0.104468,0,0,-2.13265,0.224083,0.045375,0.104468,6929.01,-0.0405859,0.113219,0,1
9028.06,0.02132,0.107681,0,0,-2.00359,0.26755,0.02132,0.107681,6953.43,0.0873015,0.0687427,0,1
9040.02,-0.00198369,0.115796,0,0,-1.94863,0.678623,-0.00198369,0.115796,6974.72,0.0142651,0.135569,0,1
9048.11,-0.0183169,0.12514,0,0,-2.01844,1.1547,-0.0183169,0.12514,6993.4,-0.0129712,0.144211,0,1
9060.02,-0.0271274,0.126701,0,0,-0.740072,0.131132,-0.0271274,0.126701,7010.13,-0.0297037,0.127275,0,1
9068.02,-0.0289121,0.126931,0,0,-0.222892,0.0286386,-0.0289121,0.126931,7024.18,-0.0321151,0.154799,0,1
9080.1,-0.0270351,0.126554,0,0,0.155396,-0.0311762,-0.0270351,0.126554,7036.69,-0.0985533,0.122755,0,1
9088.05,-0.0253322,0.122786,0,0,0.214302,-0.474202,-0.0253322,0.122786,7051.76,-0.061829,0.130301,0,1
9100.01,-0.0242164,0.114374,0,0,0.0932855,-0.703241,-0.0242164,0.114374,7074.37,-0.102937,0.0813276,0,1
9108.03,-0.0233677,0.0909658,0,0,0.105769,-2.91726,-0.0233677,0.0909658,7103.73,0.00797125,0.106505,0,1
9120.01,-0.0210216,0.0691269,0,0,0.195865,-1.82325,-0.0210216,0.0691269,7131.34,0.0942623,0.0327781,0,1
9128.11,-0.0173252,0.0684734,0,0,0.456178,-0.0806517,-0.0173252,0.0684734,7150.84,0.0187321,-0.00307066,0,1
9140.01,-0.0134728,0.084197,0,0,0.32395,1.32221,-0.0134728,0.084197,7163.78,0.0388141,0.0760933,0,1
9148.02,-0.0115227,0.0869937,0,0,0.243237,0.348847,-0.0115227,0.0869937,7175.1,0.0263722,0.123236,0,1
9160,-0.000155395,0.139097,0,0,0.94886,4.34916,-0.000155395,0.139097,7189.53,-0.106556,0.234603,0,1
9168.02,0.00714056,0.153042,0,0,0.90972,1.73881,0.00714056,0.153042,7208.74,-0.0248647,0.181117,0,1
9180.1,0.012192,0.162059,0,0,0.418339,0.746761,0.012192,0.162059,7229.47,-0.0156876,0.227534,0,1
9188.15,0.0147327,0.166751,0,0,0.31565,0.582884,0.0147327,0.166751,7248.09,-0.12003,0.145117,0,1
9200.02,0.0168111,0.158351,0,0,0.174995,-0.707225,0.0168111,0.158351,7263.96,-0.0293055,0.153136,0,1
9208.03,0.0250188,0.151632,0,0,1.02519,-0.83928,0.0250188,0.151632,7278.72,0.0804565,0.256251,0,1
9220.08,0.0388822,0.141395,0,0,1.15011,-0.849244,0.0388822,0.141395,7293.98,0.0274562,0.16771,0,1
9228.07,0.054004,0.13826,0,0,1.89331,-0.392456,0.054004,0.13826,7307.89,0.0559677,0.135295,0,1
9240.14,0.0627031,0.114862,0,0,0.720655,-1.93837,0.0627031,0.114862,7317.34,0.0564047,0.0617655,0,1
9248.07,0.0664125,0.0644632,0,0,0.467768,-6.35549,0.0664125,0.0644632,7322.73,0.0832119,0.00135317,0,1
9260.08,0.0742331,0.0395917,0,0,0.65118,-2.0709,0.0742331,0.0395917,7326.34,0.153977,0.0184606,0,1
9268.08,0.0838175,0.0374408,0,0,1.19895,-0.269066,0.0838175,0.0374408,7329.82,0.139044,0.00227552,0,1
9280.15,0.0907035,0.0365833,0,0,0.57022,-0.0710048,0.0907035,0.0365833,7334.04,0.0923696,0.0871376,0,1
9292.11,0.0959095,0.0367334,0,0,0.435323,0.01255,0.0959095,0.0367334,7338.37,0.104833,0.0655771,0,1
9300.1,0.103571,0.0541621,0,0,0.958757,2.18104,0.103571,0.0541621,7341.43,0.12341,0.155449,0,1
9312.01,0.110566,0.05899,0,0,0.587294,0.405362,0.110566,0.05899,7342.72,0.170265,-0.0583575,0,1
9320.06,0.120297,0.0577267,0,0,1.20926,-0.156992,0.120297,0.0577267,7342.41,0.194546,0.0613179,0,1
9332.01,0.13824,0.0490978,0,0,1.50166,-0.722143,0.13824,0.0490978,7340.17,0.0880799,0.0578211,0,1
9340.05,0.167347,0.0385778,0,0,3.61809,-1.30764,0.167347,0.0385778,7335.92,0.247674,-0.00760968,0,1
9352,0.19831,0.034421,0,0,2.5908,-0.347821,0.19831,0.034421,7331.4,0.0443213,0.0534311,0,1
9360.13,0.21789,0.0315384,0,0,2.41043,-0.354868,0.21789,0.0315384,7328.36,0.236132,0.020397,0,1
9372.13,0.225709,0.0305484,0,0,0.651403,-0.0824788,0.225709,0.0305484,7325.65,0.220148,0.00400783,0,1
9380.22,0.228325,0.0310718,0,0,0.323445,0.0646993,0.228325,0.0310718,7319.48,0.249065,0.0857257,0,1
9392.06,0.232403,0.050444,0,0,0.344398,1.63616,0.232403,0.050444,7306.74,0.258251,0.0439022,0,1
9400.14,0.235074,0.0641497,0,0,0.330435,1.69583,0.235074,0.0641497,7289.11,0.260431,0.147317,0,1
9412.01,0.235691,0.0663026,0,0,0.0520244,0.181403,0.235691,0.0663026,7271.26,0.15802,0.078648,0,1
9420.02,0.236375,0.067841,0,0,0.0853201,0.191965,0.236375,0.067841,7254.15,0.222085,0.0638066,0,1
9432.01,0.237131,0.0671383,0,0,0.0630865,-0.0586443,0.237131,0.0671383,7236.42,0.301832,0.0165197,0,1
9440.11,0.23871,0.0669922,0,0,0.194843,-0.0180243,0.23871,0.0669922,7219.97,0.248946,0.0732723,0,1
9452.01,0.242761,0.0684885,0,0,0.340583,0.125814,0.242761,0.0684885,7206.94,0.224927,0.0227714,0,1
9460.05,0.252482,0.0719029,0,0,1.20865,0.424517,0.252482,0.0719029,7196.16,0.232365,0.0713904,0,1
9472.12,0.268837,0.0755301,0,0,1.35547,0.30062,0.268837,0.0755301,7185.94,0.243037,0.0979565,0,1
9480.08,0.285196,0.0731727,0,0,2.05463,-0.296084,0.285196,0.0731727,7176.58,0.327717,0.107821,0,1
9492.06,0.297339,0.0791705,0,0,1.01306,0.500403,0.297339,0.0791705,7169.41,0.30848,0.0970734,0,1
9500.05,0.303462,0.079092,0,0,0.766537,-0.00982982,0.303462,0.079092,7164.93,0.311223,0.0622794,0,1
9512.05,0.308129,0.0864324,0,0,0.388921,0.611647,0.308129,0.0864324,7162.31,0.329784,0.0777032,0,1
9520.14,0.310835,0.0862467,0,0,0.334546,-0.0229537,0.310835,0.0862467,7160.58,0.271418,0.0619573,0,1
9532.02,0.313027,0.0817095,0,0,0.184504,-0.381949,0.313027,0.0817095,7159.56,0.309749,0.105776,0,1
9544,0.317114,0.0871158,0,0,0.341061,0.451156,0.317114,0.0871158,7159.34,0.394187,0.188552,0,1
9552.02,0.321672,0.0932,0,0,0.568862,0.759387,0.321672,0.0932,7159.82,0.257112,0.0896505,0,1
9564.04,0.328706,0.120978,0,0,0.585144,2.31077,0.328706,0.120978,7161.67,0.198985,0.245159,0,1
9572.21,0.335602,0.154079,0,0,0.843308,4.04806,0.335602,0.154079,7167.05,0.357716,0.145792,0,1
9584.05,0.338654,0.164762,0,0,0.257991,0.903022,0.338654,0.164762,7176.84,0.348913,0.160006,0,1
9592.16,0.338557,0.170125,0,0,-0.0118866,0.661023,0.338557,0.170125,7187.54,0.322658,0.178016,0,1
9604.01,0.334997,0.17354,0,0,-0.300238,0.288057,0.334997,0.17354,7195.58,0.357364,0.176028,0,1
9612.02,0.330826,0.18111,0,0,-0.520813,0.945069,0.330826,0.18111,7201.29,0.250479,0.193175,0,1
9624.01,0.328021,0.198817,0,0,-0.234123,1.47794,0.328021,0.198817,7205.75,0.380543,0.234871,0,1
9632.11,0.328055,0.233951,0,0,0.0042415,4.33324,0.328055,0.233951,7209.48,0.32982,0.285433,0,1
9644,0.327704,0.25583,0,0,-0.0294945,1.83993,0.327704,0.25583,7213.45,0.325384,0.264319,0,1
9652.02,0.326483,0.258604,0,0,-0.152425,0.346191,0.326483,0.258604,7218.07,0.248829,0.184191,0,1
9664.04,0.326542,0.260256,0,0,0.00491389,0.137416,0.326542,0.260256,7223.65,0.386009,0.242074,0,1
9672.08,0.326874,0.258556,0,0,0.0413662,-0.211553,0.326874,0.258556,7231.34,0.281598,0.287774,0,1
9684.05,0.327143,0.256864,0,0,0.0224208,-0.141359,0.327143,0.256864,7241.49,0.419528,0.259937,0,1
9692.14,0.327558,0.258471,0,0,0.0513904,0.19883,0.327558,0.258471,7253.02,0.309056,0.163945,0,1
9704.01,0.32788,0.260598,0,0,0.0270688,0.179064,0.32788,0.260598,7265.39,0.358843,0.218839,0,1
9712.02,0.328939,0.270868,0,0,0.132259,1.2821,0.328939,0.270868,7280.14,0.357618,0.278066,0,1
9724.01,0.327882,0.281614,0,0,-0.0882407,0.896651,0.327882,0.281614,7297.7,0.318791,0.319284,0,1
9732,0.319667,0.283075,0,0,-1.028,0.182813,0.319667,0.283075,7314.47,0.342944,0.298583,0,1
9744.01,0.303634,0.28349,0,0,-1.33467,0.0345177,0.303634,0.28349,7326.94,0.285064,0.269625,0,1
9752.07,0.278809,0.249014,0,0,-3.08108,-4.27894,0.278809,0.249014,7335.02,0.216752,0.218022,0,1
9764.04,0.254455,0.205529,0,0,-2.03358,-3.63101,0.254455,0.205529,7340.63,0.25155,0.156292,0,1
9772.23,0.237577,0.190287,0,0,-2.06085,-1.86101,0.237577,0.190287,7346.71,0.212195,0.182165,0,1
9784.11,0.225412,0.185785,0,0,-1.02441,-0.379116,0.225412,0.185785,7355.09,0.217402,0.227129,0,1
9796.07,0.2169,0.183444,0,0,-0.711726,-0.195788,0.2169,0.183444,7364.59,0.241413,0.175266,0,1
9804.08,0.210822,0.184197,0,0,-0.758717,0.0939857,0.210822,0.184197,7372.98,0.215185,0.188685,0,1
9816.05,0.204537,0.188616,0,0,-0.524886,0.369074,0.204537,0.188616,7378.89,0.16791,0.174203,0,1
9824.07,0.198683,0.200263,0,0,-0.730508,1.45349,0.198683,0.200263,7381.93,0.159197,0.25862,0,1
9836.05,0.192774,0.201058,0,0,-0.493042,0.0663475,0.192774,0.201058,7382.89,0.131691,0.219051,0,1
9844.07,0.185985,0.192325,0,0,-0.846565,-1.08895,0.185985,0.192325,7382.64,0.135855,0.296292,0,1
9856.05,0.179175,0.186909,0,0,-0.56862,-0.452186,0.179175,0.186909,7380.95,0.195228,0.133412,0,1
9864.07,0.172328,0.171096,0,0,-0.853029,-1.97022,0.172328,0.171096,7377.48,0.172947,0.152908,0,1
9876.18,0.169962,0.170157,0,0,-0.195493,-0.0775731,0.169962,0.170157,7372.62,0.207999,0.158077,0,1
9884.06,0.167273,0.15888,0,0,-0.34102,-1.43025,0.167273,0.15888,7366.75,0.213593,0.173133,0,1
9896.02,0.16567,0.158529,0,0,-0.134078,-0.0293663,0.16567,0.158529,7359.23,0.167428,0.205759,0,1
9904.13,0.160768,0.156834,0,0,-0.604241,-0.20882,0.160768,0.156834,7347.25,0.185005,0.149444,0,1
9916,0.146469,0.126634,0,0,-1.20467,-2.54444,0.146469,0.126634,7328.37,0.137696,0.097576,0,1
9924.05,0.130755,0.123176,0,0,-1.95277,-0.42979,0.130755,0.123176,7303.9,0.119565,0.0571839,0,1
9936,0.108185,0.0963099,0,0,-1.88875,-2.24819,0.108185,0.0963099,7276.53,0.0905541,0.0909718,0,1
9944.1,0.108056,0.0954316,0,0,-0.0158555,-0.108395,0.108056,0.0954316,7276.53,0.0837908,0.156108,0,1
9956,0.109472,0.105108,0,0,0.118965,0.81331,0.109472,0.105108,7276.53,0.0597783,0.033793,0,1
9964.05,0.109472,0.105108,0,0,0,0,0.109472,0.105108,7276.53,0.0758841,0.125272,0,1
