Resolution,1920,1080,Distance,58.8,Width,48.5,Subject,01029,Test,TIF2-02222018-123219,Calibration,CC9-02222018-123129,Oscann, 4.0.11,libTracker, 1.0.9,crtime, 12082018-124237
Time(ms),GazeX(deg),GazeY(deg),StimulusX(deg),StimulusY(deg),GazeVelX(deg/s),GazeVelY(deg/s),ErrorX(deg),ErrorY(deg),PupilArea(px^2),GazeRawX(deg),GazeRawY(deg),Blinks
0,0.534964,0.260522,0,0,0,0,0.534964,0.260522,6345.35,0.545319,0.245972,0
11.944,0.534964,0.260522,0,0,0,0,0.534964,0.260522,6345.35,0.479196,0.277053,0
20.928,0.538475,0.289278,0,0,0.390791,3.20079,0.538475,0.289278,6345.35,0.488893,0.366533,0
34.364,0.542384,0.32137,0,0,0.290884,2.38849,0.542384,0.32137,6345.35,0.602381,0.275745,0
40.46,0.52846,0.339237,0,0,-2.28408,2.93099,0.52846,0.339237,6334.58,0.571824,0.328131,0
52.02,0.524164,0.3398,0,0,-0.371572,0.0486724,0.524164,0.3398,6313.63,0.512676,0.389662,0
60.068,0.521186,0.330368,0,0,-0.370118,-1.17193,0.521186,0.330368,6291.7,0.509706,0.349969,0
72.083,0.521043,0.328931,0,0,-0.0118828,-0.119628,0.521043,0.328931,6271.5,0.530249,0.282019,0
80.038,0.518456,0.304649,0,0,-0.325163,-3.0524,0.518456,0.304649,6254.74,0.516577,0.290044,0
92.085,0.514766,0.277546,0,0,-0.306346,-2.24973,0.514766,0.277546,6240.94,0.565172,0.23144,0
102.842,0.513563,0.276474,0,0,-0.111773,-0.0997342,0.513563,0.276474,6228.73,0.474336,0.233149,0
114.386,0.51184,0.276198,0,0,-0.149245,-0.0238724,0.51184,0.276198,6216.7,0.523434,0.306697,0
121.232,0.507937,0.267432,0,0,-0.57024,-1.2805,0.507937,0.267432,6202.73,0.503174,0.275695,0
132.064,0.503849,0.267795,0,0,-0.377325,0.0335634,0.503849,0.267795,6185.56,0.502713,0.308833,0
140.192,0.50019,0.278796,0,0,-0.450247,1.35342,0.50019,0.278796,6167.85,0.524563,0.265439,0
152.108,0.495084,0.278872,0,0,-0.428446,0.00634267,0.495084,0.278872,6154.47,0.538434,0.242756,0
160.063,0.488113,0.261602,0,0,-0.876421,-2.17084,0.488113,0.261602,6146.96,0.485034,0.288071,0
172.024,0.481649,0.249028,0,0,-0.540424,-1.05131,0.481649,0.249028,6142.95,0.471916,0.251497,0
180.223,0.475079,0.242119,0,0,-0.801296,-0.842633,0.475079,0.242119,6140.1,0.477282,0.236812,0
194.137,0.465029,0.236351,0,0,-0.72224,-0.414512,0.465029,0.236351,6137.77,0.477564,0.225512,0
202.842,0.448677,0.237008,0,0,-1.87857,0.0754008,0.448677,0.237008,6136.23,0.442685,0.200352,0
212.162,0.427546,0.233318,0,0,-2.26726,-0.395946,0.427546,0.233318,6135.53,0.392017,0.247721,0
224.999,0.411502,0.233842,0,0,-1.24981,0.0408202,0.411502,0.233842,6135.29,0.291588,0.272821,0
234.53,0.403058,0.225732,0,0,-0.885954,-0.850843,0.403058,0.225732,6135.04,0.383581,0.204532,0
244.256,0.401391,0.224747,0,0,-0.171358,-0.101347,0.401391,0.224747,6134.34,0.360089,0.281098,0
252.11,0.407115,0.207928,0,0,0.728773,-2.14134,0.407115,0.207928,6132.35,0.359094,0.223616,0
264.049,0.456154,0.205253,0,0,4.10744,-0.224081,0.456154,0.205253,6125.61,0.427659,0.140356,0
272.02,0.63327,0.229157,0,0,22.2201,2.99882,0.63327,0.229157,6102.65,0.441127,0.14835,0
284.186,1.0398,0.306047,0,0,33.4155,6.32008,1.0398,0.306047,6043.91,1.17882,0.32117,0
293.299,1.83351,1.66259,0,0,87.0956,148.858,1.83351,1.66259,5940.62,2.22211,2.89016,0
304.226,2.79302,3.77097,0,0,87.8113,192.952,2.79302,3.77097,5814.87,3.52353,4.67688,0
312.186,3.54453,4.98778,0,0,94.4109,152.866,3.54453,4.98778,5701.37,4.25802,5.30475,0
324.062,3.9945,5.49342,0,0,37.8891,42.5761,3.9945,5.49342,5611.11,4.16059,5.90497,0
332.073,4.20423,5.68718,0,0,26.1799,24.1875,4.20423,5.68718,5528.92,4.22168,5.75406,0
344.124,4.2876,5.70085,0,0,6.91774,1.13398,4.2876,5.70085,5438.12,4.37682,5.66314,0
352.225,4.32789,5.72512,0,0,4.97463,2.99591,4.32789,5.72512,5335.09,4.39884,5.7026,0
364.027,4.34652,5.705,0,0,1.57782,-1.70492,4.34652,5.705,5224.31,4.40139,5.68281,0
372.097,4.35404,5.69483,0,0,0.932929,-1.26006,4.35404,5.69483,5111.01,4.34346,5.82125,0
385.889,4.35473,5.69908,0,0,0.0493942,0.308538,4.35473,5.69908,5000.56,4.33288,5.70392,0
393.323,4.34901,5.70102,0,0,-0.768923,0.25979,4.34901,5.70102,4897.97,4.43493,5.65661,0
404.819,4.33928,5.73237,0,0,-0.846043,2.7273,4.33928,5.73237,4802.77,4.38118,5.69436,0
412.13,4.32244,5.73988,0,0,-2.30335,1.02707,4.32244,5.73988,4705.08,4.34597,5.95244,0
424.056,4.30805,5.8615,0,0,-1.20682,10.1984,4.30805,5.8615,4598.22,4.24019,5.77037,0
432.055,4.29667,6.003,0,0,-1.42342,17.6894,4.29667,6.003,4492.91,4.28519,6.05855,0
444.099,4.28893,6.05624,0,0,-0.642373,4.4207,4.28893,6.05624,4397.83,4.28519,6.05855,2
452.094,4.28577,6.05851,0,0,-0.395612,0.283156,4.28577,6.05851,4298.71,4.28519,6.05855,1
464.008,4.28523,6.05854,0,0,-0.0447311,0.00292471,4.28523,6.05854,4186.21,4.28519,6.05855,1
476.13,4.28519,6.05855,0,0,-0.00354552,0.00023066,4.28519,6.05855,4081.37,4.28519,6.05855,1
485.299,4.28519,6.05855,0,0,0,0,4.28519,6.05855,4009.76,4.28519,6.05855,1
498.043,4.28519,6.05855,0,0,0,0,4.28519,6.05855,3974.35,4.28519,6.05855,1
504.617,4.28519,6.05855,0,0,0,0,4.28519,6.05855,3961.97,4.28519,6.05855,1
516.049,4.28519,6.05855,0,0,0,0,4.28519,6.05855,3959.12,4.28519,6.05855,1
524.105,4.28519,6.05855,0,0,0,0,4.28519,6.05855,3958.73,4.28519,6.05855,1
536.072,4.28519,6.05855,0,0,0,0,4.28519,6.05855,3955.6,4.28519,6.05855,1
544.107,4.28519,6.05855,0,0,0,0,4.28519,6.05855,3934.57,4.28519,6.05855,1
556.01,4.28519,6.05855,0,0,0,0,4.28519,6.05855,3864.65,4.28519,6.05855,1
564.064,4.28519,6.05855,0,0,0,0,4.28519,6.05855,3735.34,4.28519,6.05855,1
576.792,4.28519,6.05855,0,0,0,0,4.28519,6.05855,3594.98,4.28519,6.05855,1
586.219,4.28519,6.05855,0,0,0,0,4.28519,6.05855,3494.39,4.28519,6.05855,1
596.006,4.28519,6.05855,0,0,0,0,4.28519,6.05855,3423.07,4.28519,6.05855,1
604.14,4.25908,6.06024,0,0,-3.20977,0.208809,4.25908,6.06024,3350.91,4.28519,6.05855,1
616.073,4.00617,6.07669,0,0,-21.1939,1.3782,4.00617,6.07669,3281.28,4.28519,6.05855,1
624.072,2.90989,6.18817,0,0,-137.053,13.9368,2.90989,6.18817,3231.59,4.28519,6.05855,1
636.037,0.156457,7.32484,0,0,-230.124,94.9993,0.156457,7.32484,3202.69,-11.5777,10.793,0
644.266,-4.13624,9.08189,0,0,-521.654,213.52,-4.13624,9.08189,3183.98,-11.2934,10.6082,0
656.069,-8.04587,9.8694,0,0,-331.241,66.7209,-8.04587,9.8694,3165.95,-11.0567,10.2607,0
663.93,-10.0835,10.0168,0,0,-259.203,18.7484,-10.0835,10.0168,3146.06,-11.0371,10.0443,0
677.454,-10.7099,10.0512,0,0,-46.3238,2.54677,-10.7099,10.0512,3127.48,-10.9006,9.9474,0
687.557,-10.8382,9.94848,0,0,-12.69,-10.1699,-10.8382,9.94848,3110.8,-10.7976,9.8645,0
697.977,-10.8839,9.88153,0,0,-4.39256,-6.42484,-10.8839,9.88153,3092.72,-10.7199,9.8274,0
704.457,-10.9229,9.88112,0,0,-6.00864,-0.0638142,-10.9229,9.88112,3073.22,-10.7316,9.83947,0
716.105,-10.9525,9.88331,0,0,-2.54882,0.188511,-10.9525,9.88331,3055.9,-10.7157,9.80567,0
728.073,-10.9713,9.89336,0,0,-1.56466,0.839827,-10.9713,9.89336,3042.99,-11.4305,10.044,0
736.065,-10.9863,9.92796,0,0,-1.88549,4.32831,-10.9863,9.92796,3034.72,-11.5181,10.039,0
748.081,-10.9971,9.93171,0,0,-0.898319,0.312268,-10.9971,9.93171,3030.08,-11.1363,10.0101,0
756.146,-11.0047,9.93376,0,0,-0.940311,0.254849,-11.0047,9.93376,3026.8,-11.0033,9.92903,0
768.089,-11.0107,9.96093,0,0,-0.499471,2.27446,-11.0107,9.96093,3022.62,-10.901,9.91552,0
777.727,-11.0118,9.96217,0,0,-0.113412,0.129068,-11.0118,9.96217,3016.86,-10.8839,9.92847,0
789.109,-11.0128,9.96235,0,0,-0.0941373,0.0158068,-11.0128,9.96235,3011.04,-11.5235,10.0779,0
797.963,-11.0134,9.96647,0,0,-0.0674665,0.465278,-11.0134,9.96647,3007.14,-11.4913,10.0934,0
809.231,-11.0135,10.002,0,0,-0.00603565,3.15428,-11.0135,10.002,3005.48,-11.0502,10.0165,0
816.183,-11.0083,10.0214,0,0,0.746922,2.79039,-11.0083,10.0214,3005.08,-10.9531,9.93493,0
828.123,-11.0012,10.0347,0,0,0.595342,1.10953,-11.0012,10.0347,3005.18,-11.6568,10.098,0
836.121,-10.9951,10.1159,0,0,0.758555,10.1611,-10.9951,10.1159,3005.81,-12.2189,10.3659,0
848.179,-11.0025,10.4493,0,0,-0.608271,27.6446,-11.0025,10.4493,3007.2,-10.841,10.7449,0
856.161,-10.9445,10.4746,0,0,7.25996,3.1681,-10.9445,10.4746,3009.16,-10.8881,10.8119,0
868.036,-10.8498,10.4693,0,0,7.97831,-0.441468,-10.8498,10.4693,3011.61,-11.0709,10.7409,0
877.049,-10.7267,10.4446,0,0,13.6568,-2.74216,-10.7267,10.4446,3015.56,-10.597,10.1809,0
888.955,-10.5504,10.0313,0,0,14.808,-34.7096,-10.5504,10.0313,3021.47,-10.5027,9.8597,0
898.151,-10.4195,9.83083,0,0,14.2292,-21.8049,-10.4195,9.83083,3027.2,-10.1968,9.70276,0
909.233,-10.3431,9.76362,0,0,6.89537,-6.06482,-10.3431,9.76362,3030.43,-10.1721,9.72281,0
916.053,-10.3102,9.72693,0,0,4.82408,-5.37919,-10.3102,9.72693,3031.42,-10.1424,9.69598,0
928.063,-10.325,9.72644,0,0,-1.23085,-0.0407524,-10.325,9.72644,3031.49,-10.2312,9.68733,0
936.134,-10.4743,9.73648,0,0,-18.4924,1.24361,-10.4743,9.73648,3031.15,-10.1798,9.71132,0
948.082,-10.9714,9.78699,0,0,-41.6064,4.22746,-10.9714,9.78699,3030.38,-10.5061,9.77553,0
956.131,-11.89,9.95682,0,0,-114.128,21.0996,-11.89,9.95682,3029.46,-13.3436,10.3152,0
967.97,-12.8803,10.1956,0,0,-83.6506,20.1693,-12.8803,10.1956,3028.87,-13.7416,10.3498,0
983.207,-13.5392,10.3328,0,0,-43.2405,9.00663,-13.5392,10.3328,3028.72,-14.1047,10.3783,0
989.925,-13.8423,10.3737,0,0,-45.1259,6.08469,-13.8423,10.3737,3029.05,-13.9577,10.4406,0
1000.08,-13.9582,10.4004,0,0,-11.4064,2.63195,-13.9582,10.4004,3030.36,-14.0251,10.4269,0
1008.15,-14.0025,10.4131,0,0,-5.48632,1.57009,-14.0025,10.4131,3033.41,-13.958,10.3891,0
1020.23,-14.0281,10.4183,0,0,-2.12159,0.428221,-14.0281,10.4183,3039.11,-13.9952,10.4176,0
1028.22,-14.0476,10.4197,0,0,-2.43643,0.173148,-14.0476,10.4197,3048.79,-14.116,10.4541,0
1040.03,-14.0603,10.4203,0,0,-1.07998,0.0559425,-14.0603,10.4203,3062.54,-14.0884,10.421,0
1048.13,-14.0672,10.417,0,0,-0.845317,-0.413667,-14.0672,10.417,3077.95,-14.0823,10.4102,0
1060.16,-14.07,10.4109,0,0,-0.238715,-0.502955,-14.07,10.4109,3092.43,-14.0692,10.4049,0
1068.14,-14.0705,10.405,0,0,-0.0566666,-0.747513,-14.0705,10.405,3104.7,-14.0718,10.401,0
1082.41,-14.0695,10.3963,0,0,0.066042,-0.606876,-14.0695,10.3963,3115.64,-13.9771,10.3279,0
1089.24,-14.0674,10.382,0,0,0.313236,-2.0925,-14.0674,10.382,3127.34,-14.0732,10.3904,0
1101.48,-14.0647,10.3725,0,0,0.221836,-0.780422,-14.0647,10.3725,3139.69,-14.1113,10.3748,0
1109.39,-14.0581,10.3614,0,0,0.831164,-1.40548,-14.0581,10.3614,3151.67,-14.0429,10.3735,0
1119.99,-14.0464,10.3595,0,0,1.10679,-0.17054,-14.0464,10.3595,3164.18,-13.9965,10.3369,0
1128.09,-14.0267,10.3444,0,0,2.43371,-1.87332,-14.0267,10.3444,3177.51,-14.0877,10.3619,0
1140.04,-14.0067,10.3382,0,0,1.667,-0.514254,-14.0067,10.3382,3190.1,-13.9815,10.3027,0
1148.16,-13.9923,10.3364,0,0,1.78034,-0.219921,-13.9923,10.3364,3202.43,-13.9805,10.3365,0
1160.13,-13.9841,10.3258,0,0,0.68661,-0.886294,-13.9841,10.3258,3216.33,-13.9083,10.2542,0
1168.12,-13.9834,10.2887,0,0,0.0832061,-4.6433,-13.9834,10.2887,3230.27,-13.9494,10.3154,0
1183,-14.0209,10.2639,0,0,-2.51959,-1.67062,-14.0209,10.2639,3242.29,-13.9165,10.2297,0
1189.67,-14.1555,10.2722,0,0,-20.172,1.23936,-14.1555,10.2722,3253.1,-13.868,10.2308,0
1200.04,-14.3982,10.3044,0,0,-23.4026,3.11427,-14.3982,10.3044,3262.45,-14.8258,10.316,0
1208.12,-14.6387,10.3109,0,0,-29.7546,0.792722,-14.6387,10.3109,3269.3,-14.994,10.3614,0
1220.77,-14.7793,10.3351,0,0,-11.1096,1.91982,-14.7793,10.3351,3275.14,-14.87,10.3655,0
1232.07,-14.8242,10.3387,0,0,-3.97136,0.317455,-14.8242,10.3387,3282.24,-14.865,10.3301,0
1240.13,-14.8322,10.3387,0,0,-0.994225,0.00222499,-14.8322,10.3387,3290.67,-14.9161,10.3559,0
1252.13,-14.8311,10.3272,0,0,0.087247,-0.964454,-14.8311,10.3272,3299.75,-14.7989,10.3236,0
1260.11,-14.8297,10.323,0,0,0.177987,-0.520136,-14.8297,10.323,3309.75,-14.8348,10.3219,0
1272.22,-14.8263,10.3074,0,0,0.281081,-1.29295,-14.8263,10.3074,3321.41,-14.8137,10.288,0
1282.14,-14.8244,10.3005,0,0,0.186252,-0.695827,-14.8244,10.3005,3334.89,-14.8202,10.2922,0
1292.8,-14.8241,10.3002,0,0,0.0342031,-0.0274774,-14.8241,10.3002,3349.81,-14.8262,10.2724,0
1301.34,-14.8241,10.3008,0,0,-0.00309916,0.073016,-14.8241,10.3008,3365.82,-14.8272,10.3234,0
1312.1,-14.8261,10.3154,0,0,-0.182209,1.35639,-14.8261,10.3154,3381.84,-14.8272,10.3234,1
1320.06,-14.8271,10.3231,0,0,-0.13158,0.973847,-14.8271,10.3231,3395.5,-14.8272,10.3234,1
1332.01,-14.8272,10.3234,0,0,-0.00354563,0.0262115,-14.8272,10.3234,3405.46,-14.8272,10.3234,1
1340.05,-14.8272,10.3234,0,0,-4.47278e-07,3.30641e-06,-14.8272,10.3234,3413,-14.8272,10.3234,1
1351.95,-14.8272,10.3234,0,0,0,0,-14.8272,10.3234,3419.32,-14.8272,10.3234,1
1360,-14.8272,10.3234,0,0,0,0,-14.8272,10.3234,3423.73,-14.8272,10.3234,1
1372.09,-14.8272,10.3234,0,0,0,0,-14.8272,10.3234,3425.75,-14.8272,10.3234,1
1382.7,-14.8272,10.3234,0,0,0,0,-14.8272,10.3234,3426.29,-14.8272,10.3234,1
1392.93,-14.8272,10.3234,0,0,0,0,-14.8272,10.3234,3426.38,-14.8272,10.3234,1
1401.15,-14.8272,10.3234,0,0,0,0,-14.8272,10.3234,3426.38,-14.8272,10.3234,1
1412.04,-14.8272,10.3234,0,0,0,0,-14.8272,10.3234,3427.16,-14.8272,10.3234,1
1420.15,-14.8227,10.3232,0,0,0.554066,-0.0358121,-14.8227,10.3232,3433.38,-14.8272,10.3234,1
1432.12,-14.7902,10.3211,0,0,2.71107,-0.175201,-14.7902,10.3211,3457.33,-14.8272,10.3234,1
1440.22,-14.6759,10.3137,0,0,14.1048,-0.910915,-14.6759,10.3137,3511.22,-14.8272,10.3234,1
1452.09,-14.4472,10.3001,0,0,19.2701,-1.14689,-14.4472,10.3001,3586.28,-14.2541,10.5898,0
1460.2,-14.1782,10.3113,0,0,33.1918,1.38424,-14.1782,10.3113,3653.52,-13.8347,10.239,0
1472.19,-13.9885,10.3626,0,0,15.8224,4.27797,-13.9885,10.3626,3694.92,-13.7673,10.1688,0
1485.6,-13.904,10.3908,0,0,6.30012,2.10629,-13.904,10.3908,3717.16,-13.894,10.3959,0
1492.62,-13.8748,10.371,0,0,4.16689,-2.82244,-13.8748,10.371,3734.99,-13.9461,10.4068,0
1504.18,-13.8654,10.3696,0,0,0.813146,-0.125528,-13.8654,10.3696,3755.26,-13.8988,10.3823,0
1513.78,-13.8588,10.3669,0,0,0.681961,-0.280178,-13.8588,10.3669,3775.54,-13.8333,10.3217,0
1524.97,-13.8473,10.3123,0,0,1.02677,-4.88231,-13.8473,10.3123,3792.4,-13.8451,10.273,0
1532.07,-13.8362,10.2569,0,0,1.56317,-7.7893,-13.8362,10.2569,3806.36,-14.4889,9.90493,0
1544.06,-13.8038,10.1106,0,0,2.70841,-12.202,-13.8038,10.1106,3819.92,-13.8281,10.2486,0
1552.2,-13.7134,9.92383,0,0,11.0994,-22.9487,-13.7134,9.92383,3838.12,-13.9398,10.0876,0
1564.02,-13.4469,9.79782,0,0,22.5589,-10.667,-13.4469,9.79782,3869.74,-13.732,9.86785,0
1572.13,-12.685,8.55725,0,0,93.8561,-152.817,-12.685,8.55725,3920.17,-11.5275,7.13651,0
1585.26,-11.3932,7.08968,0,0,98.4114,-111.798,-11.3932,7.08968,3988.16,-11.5275,7.13651,2
1592.7,-9.73608,4.51864,0,0,222.757,-345.617,-9.73608,4.51864,4072.19,-7.9715,1.65766,0
1604.39,-8.38033,1.18878,0,0,115.975,-284.847,-8.38033,1.18878,4159.88,-7.24448,-0.831193,0
1612.14,-7.57117,-0.174755,0,0,104.409,-175.94,-7.57117,-0.174755,4225.5,-7.21295,-0.897292,0
1624.17,-7.26639,-0.892522,0,0,25.3303,-59.6548,-7.26639,-0.892522,4259.02,-7.11715,-0.984179,0
1632.11,-7.15346,-1.01474,0,0,14.2216,-15.3909,-7.15346,-1.01474,4274.83,-7.09508,-1.12053,0
1644.11,-7.10988,-1.09766,0,0,3.63295,-6.91194,-7.10988,-1.09766,4288.28,-7.0952,-1.16783,0
1652.05,-7.09115,-1.17923,0,0,2.35702,-10.2656,-7.09115,-1.17923,4303.04,-6.97058,-1.27741,0
1664.13,-7.07908,-1.21104,0,0,0.999381,-2.63418,-7.07908,-1.21104,4319.17,-6.99307,-1.33019,0
1672.3,-7.07139,-1.22923,0,0,0.94134,-2.22748,-7.07139,-1.22923,4340.22,-7.07814,-1.24901,0
1685.59,-7.06629,-1.24434,0,0,0.383932,-1.13703,-7.06629,-1.24434,4366.71,-7.08057,-1.20372,0
1692.69,-7.06157,-1.25362,0,0,0.663997,-1.3062,-7.06157,-1.25362,4391.93,-7.07365,-1.23872,0
1704.53,-7.05573,-1.25026,0,0,0.493688,0.283703,-7.05573,-1.25026,4412.1,-7.02516,-1.27927,0
1712,-7.04922,-1.24568,0,0,0.871234,0.612707,-7.04922,-1.24568,4432.12,-7.03522,-1.37822,0
1724.05,-7.04066,-1.24516,0,0,0.710356,0.0426668,-7.04066,-1.24516,4456.38,-7.05806,-1.24977,0
1736.1,-7.02655,-1.22391,0,0,1.17045,1.76272,-7.02655,-1.22391,4483.24,-7.07146,-1.18671,0
1744.1,-7.00995,-1.19555,0,0,2.07658,3.54747,-7.00995,-1.19555,4510.57,-6.96875,-1.20711,0
1756.04,-6.99705,-1.19152,0,0,1.08012,0.336837,-6.99705,-1.19152,4538.95,-6.98957,-1.19268,0
1764.04,-6.9864,-1.17509,0,0,1.33062,2.05493,-6.9864,-1.17509,4567.91,-6.97669,-1.15317,0
1778.55,-6.98133,-1.17228,0,0,0.349245,0.193693,-6.98133,-1.17228,4595.26,-6.96129,-1.15818,0
1787.08,-6.97898,-1.17234,0,0,0.27579,-0.00756301,-6.97898,-1.17234,4622.59,-6.9703,-1.15681,0
1797.37,-6.97708,-1.17248,0,0,0.185377,-0.0135229,-6.97708,-1.17248,4654.65,-6.98412,-1.18778,0
1804.33,-6.97478,-1.17347,0,0,0.330506,-0.141761,-6.97478,-1.17347,4690.9,-7.01142,-1.20364,0
1816.1,-6.97294,-1.19224,0,0,0.15612,-1.59511,-6.97294,-1.19224,4726.31,-6.98034,-1.28308,0
1824.11,-6.96531,-1.19379,0,0,0.952111,-0.194223,-6.96531,-1.19379,4760.92,-7.04572,-1.13772,0
1836.09,-6.94941,-1.19932,0,0,1.32651,-0.461212,-6.94941,-1.19932,4797.46,-6.96071,-1.21742,0
1844.1,-6.92374,-1.20781,0,0,3.20414,-1.05994,-6.92374,-1.20781,4833.02,-6.84327,-1.18586,0
1856.07,-6.89733,-1.21961,0,0,2.20764,-0.986117,-6.89733,-1.21961,4863,-6.89166,-1.21662,0
1864.05,-6.88149,-1.24301,0,0,1.98544,-2.93282,-6.88149,-1.24301,4887.98,-6.79474,-1.30992,0
1877.19,-6.87808,-1.29204,0,0,0.259387,-3.73161,-6.87808,-1.29204,4911.16,-6.88272,-1.36185,0
1886.01,-6.8758,-1.31696,0,0,0.258155,-2.8244,-6.8758,-1.31696,4933.24,-6.88444,-1.32801,0
1897.36,-6.87162,-1.31862,0,0,0.368749,-0.146341,-6.87162,-1.31862,4954.12,-6.81054,-1.29955,0
1904.43,-6.86966,-1.32678,0,0,0.277165,-1.15451,-6.86966,-1.32678,4974.43,-6.7904,-1.32903,0
1916.08,-6.86866,-1.32402,0,0,0.0859481,0.236856,-6.86866,-1.32402,4992.94,-6.80732,-1.30262,0
1924.16,-6.87014,-1.31886,0,0,-0.183659,0.640496,-6.87014,-1.31886,5008.99,-6.90117,-1.32608,0
1936.04,-6.88566,-1.31777,0,0,-1.3067,0.0916547,-6.88566,-1.31777,5024.33,-6.88412,-1.3653,0
1944.16,-6.95432,-1.32082,0,0,-8.44755,-0.376094,-6.95432,-1.32082,5038.35,-6.83474,-1.31799,0
1956.1,-7.14767,-1.39499,0,0,-16.1952,-6.21212,-7.14767,-1.39499,5047.69,-6.99167,-1.41819,0
1964.08,-7.55599,-2.34801,0,0,-51.1555,-119.396,-7.55599,-2.34801,5051.67,-8.33225,-3.23205,0
1977.24,-8.03398,-3.91936,0,0,-36.332,-119.44,-8.03398,-3.91936,5052.58,-8.41573,-4.63837,0
1989.14,-8.29588,-4.71875,0,0,-22.014,-67.1925,-8.29588,-4.71875,5051.96,-8.47953,-4.98345,0
1997.36,-8.37023,-4.88236,0,0,-9.0469,-19.908,-8.37023,-4.88236,5049.45,-8.36693,-4.83911,0
2009.14,-8.39477,-4.94113,0,0,-2.08303,-4.98843,-8.39477,-4.94113,5044.57,-8.37846,-4.93233,0
2016.1,-8.40441,-4.96411,0,0,-1.38382,-3.29859,-8.40441,-4.96411,5037.54,-8.3764,-4.95541,0
2028.11,-8.40261,-4.966,0,0,0.149762,-0.157603,-8.40261,-4.966,5028.51,-8.50159,-5.02691,0
2036.04,-8.40244,-4.98553,0,0,0.0210072,-2.46059,-8.40244,-4.98553,5018.16,-8.37922,-4.97871,0
2048,-8.41031,-5.0064,0,0,-0.65765,-1.74582,-8.41031,-5.0064,5007.66,-8.40876,-4.99344,0
2056.18,-8.4238,-5.00558,0,0,-1.64891,0.0996903,-8.4238,-5.00558,4997.51,-8.45844,-5.01764,0
2068.11,-8.4381,-4.98854,0,0,-1.19847,1.42778,-8.4381,-4.98854,4985.96,-8.38724,-5.07361,0
2077.1,-8.45141,-4.98628,0,0,-1.48037,0.251997,-8.45141,-4.98628,4969.9,-8.42788,-4.96443,0
2089.18,-8.45993,-4.97253,0,0,-0.705532,1.13831,-8.45993,-4.97253,4949.46,-8.46057,-4.98277,0
2097.4,-8.46923,-4.96141,0,0,-1.13056,1.35244,-8.46923,-4.96141,4928.89,-8.54737,-4.90548,0
2109.18,-8.48033,-4.9596,0,0,-0.942957,0.154246,-8.48033,-4.9596,4911.72,-8.49351,-4.9583,0
2116.04,-8.48854,-4.95869,0,0,-1.19605,0.132737,-8.48854,-4.95869,4893.24,-8.49351,-4.9583,1
2127.92,-8.49232,-4.95839,0,0,-0.317949,0.0250742,-8.49232,-4.95839,4847.52,-8.49351,-4.9583,1
2136.04,-8.49334,-4.95831,0,0,-0.12594,0.00954288,-8.49334,-4.95831,4717.55,-8.49351,-4.9583,1
2148.07,-8.4935,-4.9583,0,0,-0.012822,0.000971553,-8.4935,-4.9583,4460.56,-8.49351,-4.9583,1
2156.01,-8.49351,-4.9583,0,0,-0.00145427,0.000110193,-8.49351,-4.9583,4139.47,-8.49351,-4.9583,1
2168.04,-8.49351,-4.9583,0,0,0,0,-8.49351,-4.9583,3891.35,-8.49351,-4.9583,1
2177.04,-8.49351,-4.9583,0,0,0,0,-8.49351,-4.9583,3775.33,-8.49351,-4.9583,1
2188.88,-8.49351,-4.9583,0,0,0,0,-8.49351,-4.9583,3743.69,-8.49351,-4.9583,1
2197.12,-8.49351,-4.9583,0,0,0,0,-8.49351,-4.9583,3738.9,-8.49351,-4.9583,1
2209.06,-8.49351,-4.9583,0,0,0,0,-8.49351,-4.9583,3740.65,-8.49351,-4.9583,1
2216,-8.49351,-4.9583,0,0,0,0,-8.49351,-4.9583,3757.52,-8.49351,-4.9583,1
2228.05,-8.51985,-4.9563,0,0,-2.18683,0.165711,-8.51985,-4.9563,3822.1,-8.49351,-4.9583,1
2240.04,-8.72207,-4.94097,0,0,-16.8611,1.27837,-8.72207,-4.94097,3965.18,-8.49351,-4.9583,1
2248.09,-9.44756,-4.70022,0,0,-90.1341,29.9104,-9.44756,-4.70022,4157.11,-8.49351,-4.9583,1
2260.1,-10.6133,-0.41268,0,0,-97.0944,357.116,-10.6133,-0.41268,4315.36,-15.165,3.97612,0
2268.15,-12.4964,3.49185,0,0,-233.725,484.613,-12.4964,3.49185,4397.19,-15.1886,3.93026,0
2282.78,-14.1429,3.75982,0,0,-112.555,18.3193,-14.1429,3.75982,4427.11,-15.1588,3.82717,0
2289.35,-14.9143,3.81569,0,0,-117.456,8.50681,-14.9143,3.81569,4438.04,-15.1757,3.84489,0
2301.72,-15.1243,3.8275,0,0,-16.9785,0.954261,-15.1243,3.8275,4442.34,-15.1808,3.83274,0
2309.24,-15.1546,3.82783,0,0,-4.02244,0.043971,-15.1546,3.82783,4443.5,-15.1177,3.8257,0
2320.12,-15.1517,3.81642,0,0,0.263887,-1.04841,-15.1517,3.81642,4443.32,-15.1595,3.79619,0
2328.14,-15.1412,3.7987,0,0,1.31284,-2.20988,-15.1412,3.7987,4442.17,-15.1265,3.80205,0
2340.07,-15.1259,3.77417,0,0,1.27643,-2.05549,-15.1259,3.77417,4440.15,-15.1309,3.75462,0
2348.1,-15.1037,3.75246,0,0,2.76646,-2.70399,-15.1037,3.75246,4438.03,-15.1192,3.75285,0
2360.02,-15.0731,3.73142,0,0,2.57097,-1.76469,-15.0731,3.73142,4436.26,-15.0283,3.70974,0
2368.13,-15.0432,3.70963,0,0,3.68741,-2.68812,-15.0432,3.70963,4434.71,-14.9775,3.69897,0
2382.12,-15.0243,3.70105,0,0,1.35141,-0.613595,-15.0243,3.70105,4433.51,-15.0082,3.69094,0
2389.3,-15.0151,3.68189,0,0,1.28395,-2.66832,-15.0151,3.68189,4432.9,-14.9945,3.63523,0
2400.06,-15.0085,3.67004,0,0,0.60711,-1.10091,-15.0085,3.67004,4432.71,-15.0039,3.62854,0
2408.17,-15.0022,3.66912,0,0,0.776764,-0.114054,-15.0022,3.66912,4432.63,-15.0196,3.66689,0
2420.58,-14.9966,3.66918,0,0,0.451253,0.00492705,-14.9966,3.66918,4432.53,-15.0334,3.68187,0
2428.2,-14.9913,3.68011,0,0,0.704426,1.43476,-14.9913,3.68011,4432.41,-14.9894,3.70843,0
2440.07,-14.9846,3.69471,0,0,0.563745,1.2302,-14.9846,3.69471,4432.43,-14.9831,3.69678,0
2448.09,-14.9718,3.70147,0,0,1.59769,0.842473,-14.9718,3.70147,4432.77,-14.9608,3.72781,0
2460.05,-14.9419,3.70671,0,0,2.50072,0.438118,-14.9419,3.70671,4433.91,-14.9687,3.64212,0
2468.02,-14.8856,3.75578,0,0,7.06237,6.15738,-14.8856,3.75578,4436.94,-14.6294,3.99689,0
2481.79,-14.8149,3.82728,0,0,5.13214,5.19286,-14.8149,3.82728,4442.74,-14.736,3.87329,0
2492.65,-14.7556,3.84734,0,0,5.45942,1.84702,-14.7556,3.84734,4450.72,-14.7328,3.90169,0
2501.05,-14.7173,3.84548,0,0,4.56532,-0.220903,-14.7173,3.84548,4459.36,-14.6848,3.85143,0
2512.04,-14.6933,3.84305,0,0,2.18491,-0.221532,-14.6933,3.84305,4468.76,-14.694,3.81686,0
2520.19,-14.6751,3.82498,0,0,2.22536,-2.21505,-14.6751,3.82498,4481.26,-14.6799,3.81782,0
2532.08,-14.6577,3.79978,0,0,1.46688,-2.12052,-14.6577,3.79978,4497.55,-14.6087,3.75212,0
2540.07,-14.6423,3.78864,0,0,1.92908,-1.39522,-14.6423,3.78864,4513.17,-14.556,3.79172,0
2552.19,-14.6326,3.78753,0,0,0.801345,-0.0908984,-14.6326,3.78753,4523.76,-14.6462,3.76632,0
2560.08,-14.6281,3.78747,0,0,0.55872,-0.00829014,-14.6281,3.78747,4530.69,-14.614,3.79623,0
2572.08,-14.6266,3.79315,0,0,0.130387,0.47324,-14.6266,3.79315,4537.77,-14.6208,3.78939,0
2581.69,-14.6266,3.79341,0,0,-0.00047619,0.0265319,-14.6266,3.79341,4546.69,-14.6327,3.81592,0
2592.99,-14.6273,3.79354,0,0,-0.063406,0.0118377,-14.6273,3.79354,4557.71,-14.6247,3.80481,0
2601.55,-14.6284,3.7953,0,0,-0.132698,0.20559,-14.6284,3.7953,4570.82,-14.6236,3.76345,0
2612.16,-14.6302,3.79102,0,0,-0.166814,-0.403102,-14.6302,3.79102,4584.04,-14.6056,3.76016,0
2620.09,-14.6326,3.7845,0,0,-0.300358,-0.822396,-14.6326,3.7845,4593.68,-14.631,3.82938,0
2632.06,-14.6361,3.77773,0,0,-0.292131,-0.564958,-14.6361,3.77773,4598.37,-14.6864,3.75042,0
2640.15,-14.6422,3.77818,0,0,-0.752558,0.0554103,-14.6422,3.77818,4599.96,-14.6806,3.78778,0
2652.18,-14.6519,3.78577,0,0,-0.811395,0.631707,-14.6519,3.78577,4600.38,-14.6804,3.75932,0
2660.13,-14.6639,3.78773,0,0,-1.49999,0.246249,-14.6639,3.78773,4600.29,-14.6394,3.78555,0
2672.07,-14.6745,3.80731,0,0,-0.893827,1.64015,-14.6745,3.80731,4599.4,-14.7047,3.83091,0
2682.91,-14.6827,3.82779,0,0,-0.756988,1.88839,-14.6827,3.82779,4596.49,-14.6658,3.82351,0
2692.9,-14.6886,3.83947,0,0,-0.590428,1.16917,-14.6886,3.83947,4589.61,-14.6908,3.84912,0
2701.37,-14.6923,3.85292,0,0,-0.437036,1.5892,-14.6923,3.85292,4578,-14.7617,3.88399,0
2712.05,-14.6946,3.86437,0,0,-0.206748,1.07187,-14.6946,3.86437,4563.51,-14.6631,3.86221,0
2720.1,-14.6958,3.87551,0,0,-0.161139,1.38319,-14.6958,3.87551,4547.73,-14.6333,3.82054,0
2732.14,-14.6963,3.88639,0,0,-0.04124,0.903272,-14.6963,3.88639,4530.72,-15.0853,3.94692,0
2744.07,-14.6959,3.91812,0,0,0.0370586,2.66061,-14.6959,3.91812,4513.41,-14.7035,3.97206,0
2752.17,-14.6952,3.94396,0,0,0.0904852,3.18956,-14.6952,3.94396,4496.52,-14.6856,3.98305,0
2764.06,-14.6943,3.94529,0,0,0.0715244,0.112637,-14.6943,3.94529,4479.31,-14.7477,3.92239,0
2772.29,-14.6933,3.95255,0,0,0.127868,0.88209,-14.6933,3.95255,4461.99,-14.6945,3.97672,0
2785.65,-14.693,3.95278,0,0,0.0214783,0.0172598,-14.693,3.95278,4445.67,-14.6834,3.93446,0
2792.98,-14.6935,3.95081,0,0,-0.0651608,-0.268455,-14.6935,3.95081,4431.25,-14.6794,3.95984,0
2804.18,-14.6948,3.94177,0,0,-0.116218,-0.80743,-14.6948,3.94177,4419.6,-14.7152,3.94299,0
2812.02,-14.6968,3.94111,0,0,-0.259657,-0.0852232,-14.6968,3.94111,4410.95,-14.6583,3.91515,0
2824.09,-14.6999,3.9413,0,0,-0.254666,0.0162965,-14.6999,3.9413,4404.43,-14.6811,3.94006,0
2832.07,-14.704,3.94143,0,0,-0.513977,0.0153943,-14.704,3.94143,4398.82,-14.7278,3.94254,0
2844.18,-14.7074,3.94167,0,0,-0.283782,0.0199405,-14.7074,3.94167,4393.65,-14.6999,3.93839,0
2852.08,-14.7079,3.9417,0,0,-0.0659828,0.00458942,-14.7079,3.9417,4388.84,-14.7475,3.94473,0
2864.06,-14.6902,3.94047,0,0,1.47688,-0.103192,-14.6902,3.94047,4383.75,-14.7369,3.9476,0
2872.19,-14.5725,3.93449,0,0,14.4696,-0.735332,-14.5725,3.93449,4378.84,-14.7473,3.97918,0
2885.78,-14.1423,3.9222,0,0,31.6499,-0.903853,-14.1423,3.9222,4375.87,-14.7597,3.86267,0
2893.09,-13.183,3.92813,0,0,131.324,0.811714,-13.183,3.92813,4375.11,-12.5242,4.04153,0
2904.15,-11.7389,4.05971,0,0,130.535,11.8942,-11.7389,4.05971,4375.66,-9.71864,4.26856,0
2912.16,-10.1208,4.68661,0,0,202.164,78.3234,-10.1208,4.68661,4377.58,-7.9358,5.12218,0
2924.15,-8.74958,5.3403,0,0,114.315,54.4966,-8.74958,5.3403,4381.57,-7.28841,5.4948,0
2932.06,-7.91298,5.50682,0,0,105.779,21.0545,-7.91298,5.50682,4386.44,-7.49613,5.41505,0
2944.09,-7.56563,5.53521,0,0,28.8736,2.35963,-7.56563,5.53521,4389.63,-7.50994,5.69165,0
2952.09,-7.46466,5.57378,0,0,12.624,4.82304,-7.46466,5.57378,4390.68,-7.34149,5.58536,0
2964.14,-7.43464,5.59927,0,0,2.4903,2.114,-7.43464,5.59927,4390.62,-7.38779,5.5991,0
2972.2,-7.42314,5.61831,0,0,1.42802,2.36432,-7.42314,5.61831,4389.89,-7.41058,5.63405,0
2985.4,-7.42276,5.63976,0,0,0.0285476,1.62391,-7.42276,5.63976,4388.59,-7.61545,5.72684,0
2997.25,-7.42653,5.64092,0,0,-0.318542,0.0980071,-7.42653,5.64092,4386.84,-7.48048,5.76831,0
3004.5,-7.42979,5.64053,0,0,-0.449374,-0.0539333,-7.42979,5.64053,4384.06,-7.32377,5.57213,0
3016.04,-7.4346,5.62602,0,0,-0.416337,-1.25705,-7.4346,5.62602,4379.86,-7.31868,5.5443,0
3024.06,-7.44095,5.60424,0,0,-0.792485,-2.71555,-7.44095,5.60424,4375.29,-7.35226,5.58762,0
3036.12,-7.44594,5.60362,0,0,-0.413496,-0.0510748,-7.44594,5.60362,4370.64,-7.28609,5.59551,0
3044.04,-7.453,5.60477,0,0,-0.891557,0.144854,-7.453,5.60477,4361.52,-7.33508,5.59361,0
3056.05,-7.47331,5.62629,0,0,-1.69098,1.79103,-7.47331,5.62629,4339.5,-7.30222,5.65293,0
3064.04,-7.51616,5.74737,0,0,-5.36605,15.1642,-7.51616,5.74737,4303.5,-7.78246,6.06582,0
3077.11,-7.58744,5.94536,0,0,-5.45219,15.1439,-7.58744,5.94536,4268.29,-7.14284,6.00356,0
3085.86,-7.71936,6.07984,0,0,-15.0836,15.3759,-7.71936,6.07984,4248.22,-7.8724,6.23403,0
3097.49,-7.99621,6.22954,0,0,-23.7924,12.8649,-7.99621,6.22954,4241.69,-7.62823,6.10487,0
3104.15,-8.48303,7.39394,0,0,-73.0738,174.783,-8.48303,7.39394,4240.46,-15.0377,10.6477,0
3116.02,-9.15287,9.34803,0,0,-56.4316,164.624,-9.15287,9.34803,4240.29,-16.8089,11.0025,0
3124.08,-9.72617,10.3031,0,0,-71.1911,118.597,-9.72617,10.3031,4240.45,-14.8093,10.6669,0
3136.05,-10.02,10.3572,0,0,-24.5383,4.5143,-10.02,10.3572,4241.31,-14.8093,10.6669,2
3144.05,-10.142,10.3617,0,0,-15.253,0.569507,-10.142,10.3617,4242.93,-10.7936,10.5065,0
3156.06,-10.1673,10.2805,0,0,-2.10605,-6.76447,-10.1673,10.2805,4244.74,-10.4206,10.0556,0
3164.04,-10.1354,9.92997,0,0,3.99921,-43.8985,-10.1354,9.92997,4246.18,-10.1626,9.64889,0
3177.17,-10.1018,9.5787,0,0,2.55399,-26.7453,-10.1018,9.5787,4247.07,-10.124,9.49041,0
3185.24,-10.0936,9.48832,0,0,1.01582,-11.199,-10.0936,9.48832,4247.4,-10.0944,9.44154,0
3197.28,-10.0922,9.48012,0,0,0.120589,-0.681423,-10.0922,9.48012,4247.22,-10.139,9.47829,0
3204.88,-10.0898,9.47733,0,0,0.317403,-0.36781,-10.0898,9.47733,4246.39,-10.0446,9.47517,0
3216.2,-10.0863,9.4748,0,0,0.308824,-0.222919,-10.0863,9.4748,4244.68,-10.0365,9.46885,0
3224.05,-10.0832,9.46941,0,0,0.392573,-0.686503,-10.0832,9.46941,4241.5,-10.0644,9.44762,0
3236.12,-10.0815,9.46272,0,0,0.142614,-0.554357,-10.0815,9.46272,4236.04,-10.0179,9.45539,0
3248.05,-10.0809,9.45966,0,0,0.0446081,-0.256379,-10.0809,9.45966,4228.8,-10.1045,9.46962,0
3256.03,-10.081,9.45923,0,0,-0.00407236,-0.0537961,-10.081,9.45923,4221.59,-10.0567,9.45818,0
3268.14,-10.0809,9.45363,0,0,0.00506178,-0.46217,-10.0809,9.45363,4215.74,-10.072,9.43614,0
3277.24,-10.0814,9.44639,0,0,-0.0502619,-0.796213,-10.0814,9.44639,4211.25,-10.1134,9.45835,0
3289.57,-10.0831,9.44444,0,0,-0.140326,-0.158163,-10.0831,9.44444,4207.22,-10.0824,9.43988,0
3296.39,-10.086,9.44454,0,0,-0.418952,0.0151704,-10.086,9.44454,4202.75,-10.099,9.44981,0
3308.11,-10.0898,9.44479,0,0,-0.328177,0.0207439,-10.0898,9.44479,4197.72,-10.0827,9.42301,0
3317.09,-10.0935,9.44505,0,0,-0.41507,0.0290563,-10.0935,9.44505,4192.59,-10.1057,9.46924,0
3328.01,-10.096,9.4461,0,0,-0.229279,0.0967072,-10.096,9.4461,4187.41,-10.1152,9.44286,0
3336.05,-10.0985,9.45407,0,0,-0.310477,0.99115,-10.0985,9.45407,4182.33,-10.1246,9.44824,0
3348.06,-10.1021,9.46471,0,0,-0.297498,0.885912,-10.1021,9.46471,4178.4,-10.0797,9.47477,0
3356.05,-10.1064,9.46316,0,0,-0.542572,-0.193721,-10.1064,9.46316,4176.39,-10.1269,9.43186,0
3368.21,-10.1138,9.46748,0,0,-0.605194,0.355503,-10.1138,9.46748,4175.78,-10.0803,9.47606,0
3377.22,-10.1277,9.474,0,0,-1.54252,0.722857,-10.1277,9.474,4175.69,-10.0616,9.5246,0
3389.31,-10.1688,9.47113,0,0,-3.4016,-0.237652,-10.1688,9.47113,4175.92,-10.1359,9.45215,0
3397.74,-10.3008,9.47894,0,0,-15.6594,0.927565,-10.3008,9.47894,4177.01,-10.1659,9.46577,0
3409.1,-10.6047,9.48117,0,0,-26.7476,0.195631,-10.6047,9.48117,4180.77,-10.8815,10.6631,0
3416.13,-11.1053,9.22128,0,0,-71.2706,-37.0046,-11.1053,9.22128,4191.22,-11.0939,8.98658,0
3428.08,-11.7334,8.1286,0,0,-52.5218,-91.3688,-11.7334,8.1286,4214.36,-15.3147,7.43464,0
3436.12,-12.3874,6.80318,0,0,-81.4104,-164.977,-12.3874,6.80318,4250.01,-14.5095,6.48943,0
3448.12,-12.8571,5.55378,0,0,-39.1494,-104.142,-12.8571,5.55378,4284.77,-14.4281,3.12916,0
3456.21,-13.0942,3.63501,0,0,-29.2944,-237.09,-13.0942,3.63501,4306.07,-13.4627,1.63644,0
3468.17,-13.205,2.13615,0,0,-9.26558,-125.312,-13.205,2.13615,4315.68,-13.2262,1.76673,0
3476.74,-13.2345,1.69365,0,0,-3.44366,-51.6274,-13.2345,1.69365,4321.56,-13.2455,1.59969,0
3489.3,-13.2419,1.5339,0,0,-0.586748,-12.7154,-13.2419,1.5339,4328.25,-13.2497,1.46237,0
3501.53,-13.242,1.45937,0,0,-0.00766262,-6.09692,-13.242,1.45937,4337.03,-13.2103,1.44905,0
3509.22,-13.2353,1.45048,0,0,0.867946,-1.15467,-13.2353,1.45048,4348.25,-13.2263,1.44858,0
3520.08,-13.2245,1.4431,0,0,0.995981,-0.680223,-13.2245,1.4431,4361.25,-13.2533,1.43074,0
3528.14,-13.2092,1.41712,0,0,1.89718,-3.22518,-13.2092,1.41712,4374.08,-13.2133,1.36572,0
3540.08,-13.1865,1.39394,0,0,1.90499,-1.94139,-13.1865,1.39394,4386.44,-13.1775,1.34368,0
3548.19,-13.1576,1.37345,0,0,3.55901,-2.5262,-13.1576,1.37345,4399.7,-13.1415,1.34715,0
3560.07,-13.1285,1.3659,0,0,2.4544,-0.635902,-13.1285,1.3659,4412.79,-13.0938,1.38604,0
3568.07,-13.1058,1.34784,0,0,2.83047,-2.25647,-13.1058,1.34784,4423.27,-13.1012,1.31233,0
3582.04,-13.086,1.32978,0,0,1.41648,-1.29315,-13.086,1.32978,4431.51,-13.1072,1.37841,0
3588.89,-13.0626,1.31258,0,0,3.42379,-2.51108,-13.0626,1.31258,4439.65,-13.0319,1.31767,0
3601.59,-13.0368,1.30538,0,0,2.02512,-0.566861,-13.0368,1.30538,4448.76,-13.0109,1.28989,0
3609.19,-13.0164,1.27944,0,0,2.69211,-3.41044,-13.0164,1.27944,4458.69,-12.9246,1.23284,0
3620.07,-13.0023,1.25956,0,0,1.2971,-1.82752,-13.0023,1.25956,4469.24,-12.9725,1.22174,0
3628.14,-12.995,1.24897,0,0,0.898216,-1.31342,-12.995,1.24897,4479.42,-13.0542,1.25771,0
3640.03,-12.993,1.24208,0,0,0.173141,-0.579153,-12.993,1.24208,4486.83,-12.9692,1.26206,0
3648.15,-12.9951,1.24223,0,0,-0.257578,0.0190296,-12.9951,1.24223,4490.32,-12.9716,1.24263,0
3660.04,-13.0173,1.25043,0,0,-1.87503,0.689666,-13.0173,1.25043,4491.24,-12.9245,1.22951,0
3668,-13.1126,1.26252,0,0,-11.9586,1.51861,-13.1126,1.26252,4491.15,-12.934,1.17678,0
3682.56,-13.3472,1.29198,0,0,-16.1121,2.02318,-13.3472,1.29198,4490.45,-13.3111,1.31608,0
3689.2,-13.6893,1.61739,0,0,-51.5419,49.0224,-13.6893,1.61739,4489.46,-14.1224,2.43663,0
3701.58,-14.0031,2.36508,0,0,-25.3604,60.4191,-14.0031,2.36508,4488.75,-14.3172,2.96157,0
3709.22,-14.2099,2.85576,0,0,-27.0416,64.1747,-14.2099,2.85576,4488.59,-14.4685,2.96809,0
3720.07,-14.3157,2.89943,0,0,-9.75022,4.02569,-14.3157,2.89943,4489.13,-14.3696,2.86812,0
3728.06,-14.3581,2.90326,0,0,-5.31229,0.480335,-14.3581,2.90326,4491.25,-14.3689,2.90295,0
3740.06,-14.3725,2.90432,0,0,-1.19632,0.0876839,-14.3725,2.90432,4495.99,-14.421,2.90898,0
3752.18,-14.3764,2.90468,0,0,-0.323746,0.0303011,-14.3764,2.90468,4503.46,-14.3904,2.93322,0
3760.08,-14.3769,2.90653,0,0,-0.0650818,0.23414,-14.3769,2.90653,4512.76,-14.3914,2.89908,0
3772.19,-14.3754,2.9065,0,0,0.123414,-0.00246609,-14.3754,2.9065,4522.03,-14.3737,2.93185,0
3782.13,-14.37,2.90583,0,0,0.541486,-0.0677319,-14.37,2.90583,4529.4,-14.387,2.90933,0
3792.91,-14.36,2.89847,0,0,0.933255,-0.683116,-14.36,2.89847,4534.54,-14.338,2.88506,0
3801.38,-14.3486,2.89078,0,0,1.34514,-0.906923,-14.3486,2.89078,4538.49,-14.3486,2.88679,0
3812.15,-14.3404,2.88723,0,0,0.756579,-0.329806,-14.3404,2.88723,4542.1,-14.3307,2.88942,0
3820.15,-14.3359,2.88524,0,0,0.56607,-0.248112,-14.3359,2.88524,4545.77,-14.2663,2.88644,0
3832.02,-14.3315,2.88003,0,0,0.367351,-0.439354,-14.3315,2.88003,4549.76,-14.2399,2.86098,0
3840,-14.3253,2.87158,0,0,0.776959,-1.05861,-14.3253,2.87158,4553.94,-14.2977,2.87943,0
3852.1,-14.3194,2.8684,0,0,0.486846,-0.263138,-14.3194,2.8684,4557.62,-14.2824,2.83707,0
3860.06,-14.3174,2.86775,0,0,0.253806,-0.0819585,-14.3174,2.86775,4559.98,-14.3602,2.8709,0
3872.04,-14.321,2.86799,0,0,-0.302515,0.0207065,-14.321,2.86799,4560.91,-14.3403,2.87023,0
3882.49,-14.3366,2.86914,0,0,-1.48994,0.109211,-14.3366,2.86914,4560.79,-14.2431,2.86217,0
3892.98,-14.3966,2.87344,0,0,-5.72088,0.410348,-14.3966,2.87344,4559.55,-14.2041,2.85473,0
3901.31,-14.5839,2.87848,0,0,-22.4924,0.605112,-14.5839,2.87848,4556.6,-14.2136,2.90892,0
3912.09,-14.9694,2.73395,0,0,-35.7518,-13.4036,-14.9694,2.73395,4550.36,-15.2547,2.2878,0
3920.18,-15.471,2.18843,0,0,-62.0402,-67.4724,-15.471,2.18843,4537.47,-16.4366,1.26477,0
3932.13,-15.8844,1.51087,0,0,-34.5772,-56.6762,-15.8844,1.51087,4516.15,-16.3242,0.98792,0
3940.06,-16.0989,1.20321,0,0,-27.0489,-38.8065,-16.0989,1.20321,4490.74,-16.062,1.19327,0
3951.99,-16.1727,1.15709,0,0,-6.19105,-3.86667,-16.1727,1.15709,4468.6,-16.2235,1.14598,0
3960.1,-16.1936,1.12034,0,0,-2.58116,-4.53294,-16.1936,1.12034,4451.77,-16.2455,1.10005,0
3972.09,-16.1988,1.09355,0,0,-0.434275,-2.23413,-16.1988,1.09355,4435.47,-16.1989,1.05654,0
3982.11,-16.1994,1.09247,0,0,-0.0605101,-0.107823,-16.1994,1.09247,4415.46,-16.2428,1.08692,0
3993.02,-16.1995,1.09292,0,0,-0.00187567,0.0414406,-16.1995,1.09292,4393.95,-16.1735,1.0912,0
4004.54,-16.1989,1.10439,0,0,0.0464066,0.996007,-16.1989,1.10439,4375.33,-16.1576,1.14129,0
4012.02,-16.1976,1.13333,0,0,0.178395,3.86546,-16.1976,1.13333,4358.96,-16.1576,1.18047,0
4024.08,-16.1975,1.13466,0,0,0.00433372,0.110577,-16.1975,1.13466,4341.7,-16.1989,1.15667,0
4032.07,-16.1976,1.13651,0,0,-0.00320787,0.231429,-16.1976,1.13651,4324.84,-16.223,1.15281,0
4044.07,-16.1983,1.13607,0,0,-0.0614921,-0.0366295,-16.1983,1.13607,4312.81,-16.1972,1.08881,0
4052.06,-16.2015,1.12309,0,0,-0.4036,-1.62428,-16.2015,1.12309,4307.08,-16.241,1.12603,0
4063.96,-16.2075,1.12069,0,0,-0.502358,-0.201605,-16.2075,1.12069,4305.15,-16.237,1.12489,0
4072.07,-16.2165,1.11858,0,0,-1.10916,-0.259388,-16.2165,1.11858,4304.4,-16.1995,1.11817,0
4086.83,-16.2265,1.11923,0,0,-0.676075,0.0435472,-16.2265,1.11923,4303.84,-16.1888,1.11334,0
4092.87,-16.2349,1.11984,0,0,-1.38935,0.101792,-16.2349,1.11984,4303.25,-16.1668,1.1301,0
4104.16,-16.2402,1.11967,0,0,-0.475365,-0.0149122,-16.2402,1.11967,4302.66,-16.25,1.08663,0
4112.04,-16.243,1.1199,0,0,-0.354351,0.0287583,-16.243,1.1199,4302.29,-16.256,1.13103,0
4124.03,-16.2442,1.12087,0,0,-0.0958141,0.0812083,-16.2442,1.12087,4302.27,-16.2335,1.1097,0
4132.06,-16.2445,1.12111,0,0,-0.0343089,0.0291805,-16.2445,1.12111,4303.05,-16.2478,1.13443,0
4144.07,-16.2432,1.12481,0,0,0.104889,0.307707,-16.2432,1.12481,4306.83,-16.2644,1.12933,0
4152.06,-16.1668,1.11508,0,0,9.57311,-1.21824,-16.1668,1.11508,4319.59,-16.3087,1.12014,0
4164.04,-15.6557,1.06343,0,0,42.6485,-4.31047,-15.6557,1.06343,4352.3,-20.5715,2.2218,0
4172.14,-13.9317,0.646455,0,0,212.807,-51.4715,-13.9317,0.646455,4416.49,-16.0616,0.0835979,0
4186.66,-10.6333,-0.918138,0,0,227.257,-107.799,-10.6333,-0.918138,4513.41,-6.90389,-3.99402,0
4193.12,-6.87922,-3.47431,0,0,580.683,-395.387,-6.87922,-3.47431,4624.9,-4.01099,-5.69004,0
4204.72,-4.18466,-5.93296,0,0,232.309,-211.971,-4.18466,-5.93296,4719.13,-2.07254,-7.21675,0
4212.18,-2.80326,-7.14284,0,0,185.15,-162.16,-2.80326,-7.14284,4776.44,-2.14742,-7.30694,0
4224.18,-2.2307,-7.27654,0,0,47.7053,-11.14,-2.2307,-7.27654,4803.54,-2.10077,-7.17634,0
4232.12,-2.05877,-7.3335,0,0,21.6592,-7.17517,-2.05877,-7.3335,4816.62,-1.87879,-7.40835,0
4244.07,-1.992,-7.37291,0,0,5.58747,-3.29868,-1.992,-7.37291,4825.54,-1.89833,-7.46813,0
4256.05,-1.95018,-7.40028,0,0,3.49122,-2.28454,-1.95018,-7.40028,4834.14,-1.9369,-7.37917,0
4264.04,-1.92335,-7.41051,0,0,3.3597,-1.28106,-1.92335,-7.41051,4843.21,-1.94237,-7.44058,0
4279.59,-1.9065,-7.41997,0,0,1.083,-0.608183,-1.9065,-7.41997,4852.54,-1.91305,-7.41417,0
4288.16,-1.89345,-7.43577,0,0,1.52384,-1.84436,-1.89345,-7.43577,4862.41,-1.87588,-7.41117,0
4297.71,-1.88475,-7.46925,0,0,0.911856,-3.50722,-1.88475,-7.46925,4872.99,-1.87603,-7.49344,0
4304.41,-1.88016,-7.51127,0,0,0.684192,-6.26633,-1.88016,-7.51127,4882.9,-1.85905,-7.53461,0
4315.95,-1.87526,-7.52909,0,0,0.424634,-1.54381,-1.87526,-7.52909,4890.62,-1.85322,-7.53204,0
4324.05,-1.87162,-7.53005,0,0,0.448855,-0.11908,-1.87162,-7.53005,4897.55,-1.83159,-7.5465,0
4336.04,-1.87043,-7.52946,0,0,0.0998228,0.0493868,-1.87043,-7.52946,4907.28,-1.83251,-7.52819,0
4344.04,-1.86725,-7.51281,0,0,0.396653,2.07958,-1.86725,-7.51281,4920.37,-1.86165,-7.47229,0
4356.03,-1.86142,-7.48053,0,0,0.486303,2.69186,-1.86142,-7.48053,4933.04,-1.85433,-7.45062,0
4364.04,-1.85712,-7.45667,0,0,0.536829,2.98172,-1.85712,-7.45667,4942.69,-1.86385,-7.43028,0
4376.77,-1.85375,-7.45592,0,0,0.265115,0.0587543,-1.85375,-7.45592,4950.49,-1.87769,-7.43485,0
4386.98,-1.81889,-7.45858,0,0,3.41421,-0.26067,-1.81889,-7.45858,4958.21,-1.88473,-7.47576,0
4398.06,-1.64279,-7.48381,0,0,15.9024,-2.27806,-1.64279,-7.48381,4967.24,-1.9218,-7.45835,0
4404.4,-1.15812,-7.82796,0,0,76.3734,-54.2319,-1.15812,-7.82796,4980.54,-1.07697,-8.06435,0
4415.97,-0.356482,-9.15703,0,0,69.3098,-114.911,-0.356482,-9.15703,5001.8,1.26105,-10.3499,0
4424.15,0.707499,-10.3506,0,0,129.976,-145.808,0.707499,-10.3506,5029.93,2.34818,-10.7603,0
4436.09,1.67318,-10.6546,0,0,80.9051,-25.468,1.67318,-10.6546,5056.99,2.20113,-11.0921,0
4444.09,2.14838,-10.8349,0,0,59.3929,-22.5406,2.14838,-10.8349,5074.9,2.24885,-10.8729,0
4456.15,2.29121,-10.9825,0,0,11.8485,-12.2403,2.29121,-10.9825,5082.67,2.31348,-11.0921,0
4464.11,2.32569,-11.1009,0,0,4.32849,-14.8616,2.32569,-11.1009,5084.88,2.35423,-11.1194,0
4479.14,2.35594,-11.1214,0,0,2.01345,-1.36435,2.35594,-11.1214,5085.53,2.35923,-11.1594,0
4488.08,2.38271,-11.1243,0,0,2.99325,-0.32871,2.38271,-11.1243,5086.02,2.42558,-11.1547,0
4497.82,2.40409,-11.133,0,0,2.19685,-0.892728,2.40409,-11.133,5086.64,2.4592,-11.1014,0
4509.24,2.42138,-11.1395,0,0,1.51301,-0.570934,2.42138,-11.1395,5087.58,2.44991,-11.1068,0
4516.02,2.43426,-11.1483,0,0,1.90097,-1.2942,2.43426,-11.1483,5089.29,2.41906,-11.1609,0
4528.11,2.44385,-11.1595,0,0,0.792644,-0.922975,2.44385,-11.1595,5092.12,2.48237,-11.1535,0
4536.02,2.45238,-11.1645,0,0,1.07838,-0.638156,2.45238,-11.1645,5096.64,2.46389,-11.2059,0
4548.05,2.46025,-11.1652,0,0,0.654925,-0.0544289,2.46025,-11.1652,5103.01,2.46514,-11.1694,0
4556.03,2.46713,-11.1631,0,0,0.861989,0.256572,2.46713,-11.1631,5109.41,2.44905,-11.2201,0
4568.04,2.47119,-11.1689,0,0,0.337975,-0.482393,2.47119,-11.1689,5113.88,2.30016,-11.1333,0
4577.39,2.47479,-11.1816,0,0,0.385061,-1.35207,2.47479,-11.1816,5116.53,2.4386,-11.1556,0
4588.82,2.47892,-11.207,0,0,0.360563,-2.22445,2.47892,-11.207,5118.26,2.54983,-11.231,0
4598.04,2.48709,-11.2272,0,0,0.886901,-2.19173,2.48709,-11.2272,5119.44,2.50097,-11.3099,0
4609.23,2.4933,-11.2511,0,0,0.555275,-2.1361,2.4933,-11.2511,5120.03,2.48706,-11.2962,0
4616.11,2.50469,-11.253,0,0,1.6547,-0.27153,2.50469,-11.253,5120.08,2.50221,-11.2561,0
4628.03,2.54305,-11.2538,0,0,3.21759,-0.0716673,2.54305,-11.2538,5119.44,2.50971,-11.2309,0
4636.02,2.69134,-11.2093,0,0,18.5595,5.57578,2.69134,-11.2093,5117.5,2.53003,-11.1612,0
4648.04,3.05314,-11.0337,0,0,30.1021,14.6063,3.05314,-11.0337,5114.03,3.68876,-10.917,0
4656.03,3.57522,-10.8484,0,0,65.317,23.1872,3.57522,-10.8484,5109.89,4.5778,-10.6833,0
4668.03,4.06456,-10.7517,0,0,40.8025,8.06064,4.06456,-10.7517,5105.88,4.58183,-10.7308,0
4676.71,4.37591,-10.7166,0,0,35.8655,4.04423,4.37591,-10.7166,5101.82,4.43569,-10.6957,0
4688.77,4.51046,-10.7246,0,0,11.1597,-0.663259,4.51046,-10.7246,5096.68,4.55021,-10.686,0
4698.19,4.55862,-10.7296,0,0,5.10871,-0.527337,4.55862,-10.7296,5089.52,4.59508,-10.7767,0
4709.26,4.57245,-10.7603,0,0,1.24929,-2.7806,4.57245,-10.7603,5080.59,4.55815,-10.7916,0
4716.04,4.5794,-10.7833,0,0,1.02552,-3.38675,4.5794,-10.7833,5070.93,4.62396,-10.7906,0
4728.03,4.58752,-10.7848,0,0,0.677244,-0.129671,4.58752,-10.7848,5061.4,4.62004,-10.7984,0
4736.11,4.59318,-10.7838,0,0,0.700882,0.132225,4.59318,-10.7838,5052.94,4.60269,-10.7898,0
4748.04,4.60325,-10.7503,0,0,0.843579,2.804,4.60325,-10.7503,5045.03,4.65669,-10.7127,0
4760.05,4.60483,-10.749,0,0,0.13167,0.110294,4.60483,-10.749,5035.74,4.58825,-10.6239,0
4768.09,4.60819,-10.7419,0,0,0.418265,0.884144,4.60819,-10.7419,5025.4,4.59297,-10.7051,0
4782.68,4.61165,-10.7432,0,0,0.237091,-0.0927776,4.61165,-10.7432,5015.94,4.59931,-10.8332,0
4789.84,4.61182,-10.7754,0,0,0.02277,-4.48492,4.61182,-10.7754,5006.44,4.57026,-10.7712,0
4800.06,4.62141,-10.7775,0,0,0.938553,-0.210491,4.62141,-10.7775,4994.49,4.57223,-10.8018,0
4808.12,4.63146,-10.778,0,0,1.24764,-0.0537396,4.63146,-10.778,4981.64,4.64284,-10.7816,0
4819.97,4.64231,-10.77,0,0,0.916114,0.673425,4.64231,-10.77,4972.29,4.68391,-10.7509,0
4828.1,4.65414,-10.7465,0,0,1.45267,2.88988,4.65414,-10.7465,4967.84,4.71676,-10.7309,0
4840.1,4.65969,-10.7369,0,0,0.463136,0.798655,4.65969,-10.7369,4966.15,4.60945,-10.7197,0
4848.05,4.66156,-10.7366,0,0,0.235461,0.0314556,4.66156,-10.7366,4965.07,4.66031,-10.7212,0
4860.11,4.66296,-10.7367,0,0,0.116273,-0.0065071,4.66296,-10.7367,4963.59,4.66668,-10.7784,0
4868.1,4.66384,-10.7371,0,0,0.11018,-0.0470574,4.66384,-10.7371,4960.95,4.66422,-10.7697,0
4883.22,4.65961,-10.7596,0,0,-0.28042,-1.48799,4.65961,-10.7596,4956.39,4.64298,-10.7979,0
4890.15,4.65868,-10.773,0,0,-0.133813,-1.92928,4.65868,-10.773,4950.16,4.64266,-10.7104,0
4901.69,4.66352,-10.7726,0,0,0.419312,0.0285342,4.66352,-10.7726,4943.87,4.68027,-10.7901,0
4909.35,4.67747,-10.7439,0,0,1.82067,3.74521,4.67747,-10.7439,4938.98,4.68738,-10.7986,0
4920.12,4.69298,-10.7127,0,0,1.44088,2.90454,4.69298,-10.7127,4935.56,4.70798,-10.7115,0
4928.03,4.70554,-10.6894,0,0,1.58609,2.93737,4.70554,-10.6894,4932.93,4.68432,-10.6582,0
4939.99,4.7148,-10.6719,0,0,0.774557,1.46502,4.7148,-10.6719,4930.53,4.72461,-10.6581,0
4948,4.71991,-10.6646,0,0,0.637823,0.907625,4.71991,-10.6646,4928.24,4.76659,-10.6926,0
4960.04,4.72317,-10.6597,0,0,0.270816,0.412492,4.72317,-10.6597,4926.18,4.70533,-10.6744,0
4968.14,4.72605,-10.6564,0,0,0.355884,0.406668,4.72605,-10.6564,4924.64,4.73774,-10.6556,0
4982.29,4.73076,-10.6509,0,0,0.333379,0.386623,4.73076,-10.6509,4923.09,4.751,-10.6416,0
4989.1,4.73729,-10.6457,0,0,0.957444,0.768582,4.73729,-10.6457,4917.67,4.75674,-10.6487,0
5001.39,4.74688,-10.643,0,0,0.780717,0.220623,4.74688,-10.643,4898.6,4.69935,-10.7104,0
5011.96,4.77105,-10.6174,0,0,2.28621,2.41747,4.77105,-10.6174,4854.68,4.73064,-10.6253,0
5019.99,4.95164,-9.95363,0,0,22.4867,82.65,4.95164,-9.95363,4791.2,5.60347,-8.39152,0
5032,5.65503,-6.80408,0,0,58.5913,262.353,5.65503,-6.80408,4735.41,6.40005,-4.30537,0
5040.04,6.36392,-3.19765,0,0,88.1158,448.282,6.36392,-3.19765,4706.47,6.59344,-1.95679,0
5052.08,6.61071,-1.83565,0,0,20.5024,113.152,6.61071,-1.83565,4697.85,6.69995,-1.32822,0
5060.12,6.68116,-1.43641,0,0,8.75528,49.6188,6.68116,-1.43641,4696.45,6.72959,-1.07046,0
5072.16,6.72577,-1.16838,0,0,3.70555,22.2601,6.72577,-1.16838,4697.03,6.74217,-1.12342,0
5082.81,6.74258,-1.07179,0,0,1.5795,9.07667,6.74258,-1.07179,4699.03,6.80992,-1.0186,0
5092.87,6.75288,-1.02478,0,0,1.02304,4.67092,6.75288,-1.02478,4702.89,6.77073,-1.00537,0
5101.74,6.76002,-1.00521,0,0,0.806036,2.20718,6.76002,-1.00521,4709.16,6.776,-0.982921,0
5112.08,6.76375,-1.00444,0,0,0.359639,0.074823,6.76375,-1.00444,4717.5,6.72045,-1.00138,0
5120.03,6.76583,-1.0042,0,0,0.262012,0.0304511,6.76583,-1.0042,4726.06,6.74697,-0.980123,0
5132.01,6.76745,-0.999217,0,0,0.135076,0.415667,6.76745,-0.999217,4732.49,6.7348,-1.02942,0
5140,6.76783,-0.998721,0,0,0.048079,0.0621111,6.76783,-0.998721,4735.78,6.76243,-1.00408,0
5152.04,6.76913,-0.991738,0,0,0.108259,0.580019,6.76913,-0.991738,4736.85,6.83513,-0.994479,0
5160.03,6.77055,-0.985398,0,0,0.177205,0.793001,6.77055,-0.985398,4737.03,6.777,-0.974521,0
5172.21,6.77422,-0.967889,0,0,0.301303,1.43787,6.77422,-0.967889,4736.92,6.78687,-0.937737,0
5182.19,6.78162,-0.92892,0,0,0.741711,3.90471,6.78162,-0.92892,4736.5,6.83241,-0.890466,0
5192.81,6.78515,-0.914159,0,0,0.331992,1.39027,6.78515,-0.914159,4735.76,6.77648,-0.890377,0
5201.62,6.78745,-0.907288,0,0,0.261049,0.779371,6.78745,-0.907288,4734.8,6.81875,-0.902242,0
5212.09,6.78882,-0.907671,0,0,0.131305,-0.0366497,6.78882,-0.907671,4733.6,6.79242,-0.928468,0
5220.04,6.78841,-0.920573,0,0,-0.0519398,-1.62447,6.78841,-0.920573,4732.18,6.75394,-0.928612,0
5232.03,6.79022,-0.921586,0,0,0.150978,-0.0845055,6.79022,-0.921586,4730.37,6.77246,-0.866634,0
5240.02,6.79188,-0.928755,0,0,0.207793,-0.896645,6.79188,-0.928755,4727.3,6.7731,-0.975275,0
5251.96,6.7957,-0.927402,0,0,0.320252,0.11336,6.7957,-0.927402,4721.78,6.83347,-0.903827,0
5263.92,6.79909,-0.932594,0,0,0.282976,-0.4339,6.79909,-0.932594,4713.63,6.82791,-0.936224,0
5272.17,6.80254,-0.944792,0,0,0.418231,-1.47877,6.80254,-0.944792,4704.2,6.80576,-0.924774,0
5285.64,6.80901,-0.94636,0,0,0.480022,-0.116405,6.80901,-0.94636,4695.7,6.78779,-0.977033,0
5292.9,6.81538,-0.960086,0,0,0.878739,-1.89237,6.81538,-0.960086,4689.94,6.7905,-0.990892,0
5304.51,6.83412,-0.962029,0,0,1.61337,-0.16727,6.83412,-0.962029,4686.87,6.77044,-0.96713,0
5311.98,6.89115,-0.961162,0,0,7.63328,0.116053,6.89115,-0.961162,4684.78,6.83667,-0.965714,0
5324.13,7.03252,-0.846865,0,0,11.644,9.41413,7.03252,-0.846865,4682.02,7.36816,-0.497806,0
5332.13,7.24076,-0.605718,0,0,26.0048,30.1132,7.24076,-0.605718,4678.24,7.62605,-0.335,0
5344.04,7.41412,-0.456821,0,0,14.5583,12.504,7.41412,-0.456821,4674.11,7.54965,-0.369023,0
5352.14,7.5081,-0.402299,0,0,11.6105,6.73608,7.5081,-0.402299,4670.83,7.5302,-0.483629,0
5364.03,7.54601,-0.368725,0,0,3.18782,2.82326,7.54601,-0.368725,4669.16,7.59109,-0.366586,0
5372.2,7.55697,-0.364284,0,0,1.34095,0.543334,7.55697,-0.364284,4668.82,7.58993,-0.363955,0
5385.37,7.56224,-0.36267,0,0,0.400696,0.122533,7.56224,-0.36267,4669.57,7.59559,-0.322112,0
5392.63,7.56711,-0.362941,0,0,0.669805,-0.037342,7.56711,-0.362941,4672.27,7.56487,-0.334309,0
5404.56,7.57204,-0.363323,0,0,0.41314,-0.0320335,7.57204,-0.363323,4678.19,7.55999,-0.343627,0
5412.07,7.57534,-0.364148,0,0,0.440267,-0.109775,7.57534,-0.364148,4687.15,7.57299,-0.352883,0
5424.03,7.57605,-0.364224,0,0,0.0589024,-0.00640954,7.57605,-0.364224,4695.91,7.57381,-0.283249,0
5432.08,7.57535,-0.364174,0,0,-0.0861488,0.00623011,7.57535,-0.364174,4700.97,7.57352,-0.371768,0
5443.89,7.57606,-0.364229,0,0,0.0597043,-0.00460824,7.57606,-0.364229,4702.47,7.59415,-0.335577,0
5451.91,7.57916,-0.364531,0,0,0.386632,-0.0376902,7.57916,-0.364531,4694.99,7.5989,-0.329135,0
5463.99,7.58291,-0.364845,0,0,0.310809,-0.0259564,7.58291,-0.364845,4648.33,7.59295,-0.371815,0
5472.21,7.58541,-0.365903,0,0,0.303283,-0.128679,7.58541,-0.365903,4505.86,7.39051,-0.161108,0
5485.49,7.58659,-0.36603,0,0,0.0888356,-0.0095898,7.58659,-0.36603,4270.07,7.30557,-10.3115,0
5492.93,7.58375,-0.366011,0,0,-0.381634,0.00260399,7.58375,-0.366011,4053.2,7.30557,-10.3115,2
5504.28,7.57021,-0.367661,0,0,-1.19274,-0.145391,7.57021,-0.367661,3940.83,7.30557,-10.3115,2
5515.97,7.54414,-0.36991,0,0,-2.22973,-0.192376,7.54414,-0.36991,3915.03,6.73006,-0.438923,0
5524.03,7.51278,-0.373022,0,0,-3.8928,-0.386224,7.51278,-0.373022,3952.4,6.8962,-2.17564,0
5536.04,7.47931,-0.375285,0,0,-2.78519,-0.188351,7.47931,-0.375285,4086.1,7.41132,-1.62054,0
5544.2,7.43834,-0.382256,0,0,-5.0241,-0.854865,7.43834,-0.382256,4316.39,7.38357,-0.403064,0
5556.03,7.39563,-0.394369,0,0,-3.60833,-1.0234,7.39563,-0.394369,4542.62,7.38067,-0.263035,0
5564.05,7.36359,-0.409196,0,0,-3.9971,-1.84911,7.36359,-0.409196,4678.86,7.334,-0.348343,0
5577.14,7.34429,-0.421752,0,0,-1.47438,-0.959403,7.34429,-0.421752,4736.31,7.37756,-0.32756,0
5585.7,7.33349,-0.421708,0,0,-1.26146,0.00512209,7.33349,-0.421708,4759.24,7.32823,-0.359303,0
5597.56,7.3249,-0.424607,0,0,-0.723584,-0.244316,7.3249,-0.424607,4771.07,7.32793,-0.429829,0
5604.55,7.318,-0.424262,0,0,-0.987834,0.0492932,7.318,-0.424262,4777.98,7.38902,-0.370658,0
5616.15,7.31175,-0.423716,0,0,-0.538803,0.047094,7.31175,-0.423716,4781.51,7.29954,-0.438669,0
5624.1,7.30728,-0.421242,0,0,-0.562498,0.311357,7.30728,-0.421242,4783.1,7.2817,-0.361376,0
5636.16,7.30487,-0.420974,0,0,-0.199616,0.0222587,7.30487,-0.420974,4784.19,7.3149,-0.428717,0
5644.12,7.30441,-0.420706,0,0,-0.0586259,0.0336174,7.30441,-0.420706,4785.74,7.2843,-0.417148,0
5655.96,7.30633,-0.415655,0,0,0.162933,0.426719,7.30633,-0.415655,4787.93,7.29609,-0.4294,0
5664.07,7.30981,-0.418406,0,0,0.428124,-0.33912,7.30981,-0.418406,4790.21,7.31092,-0.379966,0
5677.37,7.31673,-0.416295,0,0,0.520081,0.158627,7.31673,-0.416295,4792.2,7.38476,-0.410632,0
5685.81,7.32362,-0.416547,0,0,0.817094,-0.0299539,7.32362,-0.416547,4794.31,7.3517,-0.421339,0
5697.36,7.3291,-0.414215,0,0,0.474668,0.201935,7.3291,-0.414215,4797.11,7.35253,-0.410853,0
5704.12,7.33121,-0.417322,0,0,0.311182,-0.459543,7.33121,-0.417322,4801.39,7.35266,-0.427363,0
5715.98,7.33087,-0.423381,0,0,-0.0284472,-0.510968,7.33087,-0.423381,4809.42,7.2861,-0.39109,0
5724.1,7.32727,-0.442171,0,0,-0.443674,-2.3123,7.32727,-0.442171,4822.68,7.30808,-0.457675,0
5736.02,7.32272,-0.458056,0,0,-0.381296,-1.33258,7.32272,-0.458056,4837.75,7.32502,-0.4589,0
5744.13,7.31913,-0.458474,0,0,-0.442962,-0.0515766,7.31913,-0.458474,4849.9,7.3302,-0.404818,0
5756.13,7.31441,-0.458132,0,0,-0.392956,0.0285566,7.31441,-0.458132,4859.91,7.34379,-0.463494,0
5768.03,7.3075,-0.457592,0,0,-0.581452,0.0453381,7.3075,-0.457592,4873,7.36661,-0.40813,0
5777.05,7.29087,-0.456285,0,0,-1.84168,0.144797,7.29087,-0.456285,4891.72,7.2885,-0.469546,0
5788.81,7.23146,-0.449504,0,0,-5.05165,0.576566,7.23146,-0.449504,4912.08,7.2806,-0.442237,0
5797.29,7.0494,-0.433117,0,0,-21.4768,1.93314,7.0494,-0.433117,4929.34,7.1665,-0.472482,0
5809.11,6.6781,-0.405844,0,0,-31.4105,2.30717,6.6781,-0.405844,4945.42,5.79688,-0.348446,0
5816,6.20159,-0.361855,0,0,-69.1301,6.38165,6.20159,-0.361855,4964.84,5.52493,-0.285251,0
5828.03,5.82565,-0.290983,0,0,-31.271,5.89522,5.82565,-0.290983,4987.59,5.5568,-0.178666,0
5836.01,5.64666,-0.227118,0,0,-22.4155,7.99804,5.64666,-0.227118,5010.04,5.60752,-0.206181,0
5848.13,5.59308,-0.218319,0,0,-4.42225,0.726285,5.59308,-0.218319,5028.34,5.57199,-0.235843,0
5856.1,5.5838,-0.218166,0,0,-1.16399,0.0192315,5.5838,-0.218166,5041.28,5.62218,-0.168114,0
5868.02,5.58225,-0.232632,0,0,-0.130314,-1.2135,5.58225,-0.232632,5050.53,5.57845,-0.2475,0
5876.93,5.58479,-0.236132,0,0,0.285722,-0.39293,5.58479,-0.236132,5057.23,5.54905,-0.221991,0
5888.6,5.58833,-0.233703,0,0,0.302848,0.208163,5.58833,-0.233703,5061.45,5.57742,-0.246917,0
5897.27,5.59018,-0.23337,0,0,0.213413,0.0383822,5.59018,-0.23337,5063.77,5.61008,-0.246714,0
5909.04,5.59187,-0.225116,0,0,0.144181,0.701334,5.59187,-0.225116,5064.95,5.60509,-0.215158,0
5916,5.5936,-0.211358,0,0,0.248399,1.97615,5.5936,-0.211358,5065.43,5.57024,-0.199613,0
5928.02,5.59221,-0.203743,0,0,-0.116242,0.633537,5.59221,-0.203743,5065.1,5.63862,-0.201294,0
5936,5.57696,-0.197531,0,0,-1.91013,0.778416,5.57696,-0.197531,5061.58,5.60939,-0.168044,0
5948.02,5.51419,-0.17938,0,0,-5.22314,1.5103,5.51419,-0.17938,5048.16,5.66065,-0.25509,0
5956,5.37379,-0.0206212,0,0,-17.5966,19.8971,5.37379,-0.0206212,5018.49,5.29365,0.338724,0
5967.99,5.20318,0.528415,0,0,-14.2325,45.8026,5.20318,0.528415,4977.83,4.94963,1.51923,0
5977.12,5.07669,1.28034,0,0,-13.8483,82.3212,5.07669,1.28034,4941.83,4.99107,2.094,0
5988.99,5.00508,1.70462,0,0,-6.03404,35.7502,5.00508,1.70462,4920.04,4.95212,1.7898,0
5997.84,4.97082,1.78809,0,0,-3.87061,9.43049,4.97082,1.78809,4909.61,4.92525,1.64797,0
6009.21,4.94865,1.79669,0,0,-1.95056,0.756578,4.94865,1.79669,4903.95,4.96592,1.79775,0
6020.02,4.88903,1.80755,0,0,-5.51223,1.00459,4.88903,1.80755,4899.14,5.00199,1.79778,0
6028.12,4.73599,1.90497,0,0,-18.905,12.0345,4.73599,1.90497,4894.11,4.79342,1.97315,0
6040.14,4.49657,2.19282,0,0,-19.9189,23.9477,4.49657,2.19282,4888.41,4.00882,2.42856,0
6048.07,4.2574,2.42805,0,0,-30.1561,29.6592,4.2574,2.42805,4881.21,4.08934,2.47211,0
6059.99,4.11283,2.47287,0,0,-12.1277,3.75939,4.11283,2.47287,4872.53,4.05834,2.48576,0
6067.98,4.06749,2.49174,0,0,-5.67481,2.36263,4.06749,2.49174,4863.9,4.03258,2.52472,0
6083.43,4.06785,2.51042,0,0,0.0226552,1.20825,4.06785,2.51042,4857.07,4.06138,2.53268,0
6089.71,4.10724,2.5085,0,0,6.27731,-0.305937,4.10724,2.5085,4852.6,4.05257,2.51977,0
6099.99,4.23182,2.49283,0,0,12.1207,-1.52388,4.23182,2.49283,4850.01,4.05654,2.70096,0
6108.08,4.43615,2.31232,0,0,25.2417,-22.2998,4.43615,2.31232,4848.45,4.82915,2.09831,0
6120.3,4.65189,2.17953,0,0,17.6548,-10.8667,4.65189,2.17953,4846.84,4.8454,2.03896,0
6128.18,4.78985,2.16508,0,0,17.5122,-1.83318,4.78985,2.16508,4844.04,4.16741,2.45691,0
6140.06,4.84515,2.16938,0,0,4.65502,0.361614,4.84515,2.16938,4838.81,4.83042,1.96393,0
6148.1,4.89515,2.36238,0,0,6.21922,24.0054,4.89515,2.36238,4830.71,4.78349,2.58983,0
6160.02,4.96272,2.64658,0,0,5.66801,23.8403,4.96272,2.64658,4821.95,5.08618,3.13301,0
6168.14,5.03255,2.85261,0,0,8.60305,25.3826,5.03255,2.85261,4815.89,5.11443,3.02783,0
6183.39,5.08363,2.9132,0,0,3.34813,3.97161,5.08363,2.9132,4813.3,5.12533,2.92374,0
6190.38,5.11294,2.91829,0,0,4.19299,0.728078,5.11294,2.91829,4812.68,5.16787,2.90414,0
6200.03,5.12652,2.92069,0,0,1.4074,0.248282,5.12652,2.92069,4812.82,5.12925,2.91781,0
6207.99,5.13224,2.92084,0,0,0.718426,0.0193407,5.13224,2.92084,4813.53,5.12787,2.91561,0
6220.23,5.13674,2.93188,0,0,0.368432,0.901743,5.13674,2.93188,4814.69,5.14036,2.96886,0
6228.11,5.14395,2.97953,0,0,0.914012,6.04715,5.14395,2.97953,4815.7,5.15403,3.01978,0
6240.05,5.14879,3.01627,0,0,0.405364,3.07742,5.14879,3.01627,4816.2,5.14101,3.0321,0
6248.03,5.14929,3.01926,0,0,0.0631309,0.375022,5.14929,3.01926,4816.32,5.18607,3.01438,0
6260.07,5.14929,3.01993,0,0,0.000416761,0.0559327,5.14929,3.01993,4816.08,5.19226,3.0429,0
6272.15,5.14927,3.02362,0,0,-0.00182847,0.305567,5.14927,3.02362,4814.74,5.15444,3.0356,0
6282.66,5.14813,3.02776,0,0,-0.108825,0.393261,5.14813,3.02776,4810.71,5.12497,3.02116,0
6293.11,5.14091,3.0321,0,0,-0.690724,0.415729,5.14091,3.0321,4802.29,5.13189,3.01413,0
6302.32,5.10524,3.05875,0,0,-3.87548,2.89532,5.10524,3.05875,4786.76,5.18076,3.07701,0
6312.1,4.97922,3.17808,0,0,-12.8821,12.1984,4.97922,3.17808,4757.75,5.17374,3.18402,0
6320.15,4.74754,4.10619,0,0,-28.7629,115.222,4.74754,4.10619,4712.6,4.20912,4.9217,0
6332.01,4.39793,5.91715,0,0,-29.4824,152.72,4.39793,5.91715,4663.54,3.97093,6.95819,0
6340.12,3.96442,6.99887,0,0,-53.4412,133.349,3.96442,6.99887,4628.08,3.53216,7.28713,0
6352.03,3.64523,7.20599,0,0,-26.7975,17.3887,3.64523,7.20599,4610.25,3.36272,7.31245,0
6360.09,3.49196,7.29892,0,0,-19.0352,11.5414,3.49196,7.29892,4602.38,3.4243,7.31005,0
6372.08,3.42868,7.32734,0,0,-5.27837,2.3704,3.42868,7.32734,4597.62,3.41162,7.34623,0
6382.56,3.39758,7.3477,0,0,-2.96522,1.94126,3.39758,7.3477,4593.84,3.37988,7.353,0
6392.89,3.37706,7.35328,0,0,-1.98645,0.540347,3.37706,7.35328,4590.43,3.34287,7.36549,0
6402.23,3.36007,7.35833,0,0,-1.81901,0.540758,3.36007,7.35833,4586.54,3.3672,7.35894,0
6412.09,3.34151,7.36855,0,0,-1.88223,1.03597,3.34151,7.36855,4582,3.2959,7.37923,0
6420.05,3.32229,7.38057,0,0,-2.415,1.5111,3.32229,7.38057,4577.14,3.30846,7.41419,0
6432.1,3.30787,7.3821,0,0,-1.19674,0.126631,3.30787,7.3821,4571.99,3.28377,7.39388,0
6440.21,3.30022,7.38609,0,0,-0.944077,0.492407,3.30022,7.38609,4566.7,3.29951,7.41463,0
6451.94,3.29531,7.38653,0,0,-0.418056,0.0377688,3.29531,7.38653,4561.88,3.28484,7.35715,0
6460.06,3.28926,7.38635,0,0,-0.745692,-0.0229068,3.28926,7.38635,4557.82,3.26858,7.38859,0
6472.03,3.28141,7.38498,0,0,-0.655655,-0.11398,3.28141,7.38498,4554.3,3.23086,7.37484,0
6481.77,3.27362,7.38548,0,0,-0.799676,0.0506284,3.27362,7.38548,4550.53,3.29825,7.38496,0
6493.11,3.26759,7.38805,0,0,-0.532344,0.227238,3.26759,7.38805,4544.58,3.26055,7.3851,0
6501.87,3.26323,7.39704,0,0,-0.497153,1.02543,3.26323,7.39704,4535.12,3.22496,7.40898,0
6512.09,3.25891,7.40985,0,0,-0.423166,1.25391,3.25891,7.40985,4524.08,3.24166,7.42078,0
6524.02,3.25383,7.41816,0,0,-0.425873,0.696127,3.25383,7.41816,4515.24,3.25846,7.42322,0
6532.11,3.24931,7.41879,0,0,-0.558873,0.0785443,3.24931,7.41879,4509.98,3.24106,7.42407,0
6543.95,3.24742,7.41958,0,0,-0.159527,0.0662012,3.24742,7.41958,4507.2,3.2791,7.45085,0
6552.03,3.2548,7.42315,0,0,0.91318,0.4417,3.2548,7.42315,4505.94,3.22483,7.40399,0
6563.98,3.32363,7.41879,0,0,5.75969,-0.364392,3.32363,7.41879,4506.08,3.22362,7.41656,0
6572.17,3.63405,7.3947,0,0,37.9164,-2.94307,3.63405,7.3947,4509.56,3.2407,7.43682,0
6585.34,4.47337,7.29391,0,0,63.7155,-7.65092,4.47337,7.29391,4521.38,4.7513,7.34997,0
6592.73,5.8222,6.27676,0,0,182.521,-137.639,5.8222,6.27676,4543.23,7.39607,5.17116,0
6604.47,7.14475,4.90481,0,0,112.633,-116.841,7.14475,4.90481,4566.1,8.34808,3.87947,0
6612.15,7.95878,3.89588,0,0,105.953,-131.32,7.95878,3.89588,4579.99,8.34939,2.94616,0
6624.08,8.26151,3.14189,0,0,25.3862,-63.227,8.26151,3.14189,4585.28,8.31769,3.20347,0
6632.12,8.38472,3.01631,0,0,15.3231,-15.6182,8.38472,3.01631,4586.64,8.57596,3.04348,0
6644.02,8.44806,2.98689,0,0,5.32387,-2.47318,8.44806,2.98689,4586.28,8.50279,2.96195,0
6652.04,8.48761,2.98089,0,0,4.93116,-0.747256,8.48761,2.98089,4584.62,8.54213,2.95329,0
6664.02,8.50119,2.92581,0,0,1.13425,-4.59745,8.50119,2.92581,4581.94,8.52269,2.88465,0
6673.98,8.50535,2.88965,0,0,0.416751,-3.62764,8.50535,2.88965,4578.95,8.49284,2.89602,0
6685.26,8.50918,2.88767,0,0,0.339772,-0.175843,8.50918,2.88767,4576.32,8.50032,2.85541,0
6693.21,8.51102,2.8816,0,0,0.231166,-0.764548,8.51102,2.8816,4574.47,8.51185,2.84912,0
6704.12,8.51168,2.87095,0,0,0.060793,-0.975774,8.51168,2.87095,4573.63,8.51143,2.90219,0
6711.97,8.51281,2.86736,0,0,0.143205,-0.456888,8.51281,2.86736,4573.55,8.52148,2.87742,0
6724.05,8.51436,2.86768,0,0,0.128739,0.0262298,8.51436,2.86768,4573.68,8.51231,2.86312,0
6732.03,8.51687,2.86753,0,0,0.315207,-0.0188404,8.51687,2.86753,4573.79,8.51036,2.91018,0
6744.05,8.52217,2.86715,0,0,0.440418,-0.0314078,8.52217,2.86715,4574.05,8.49232,2.86603,0
6752.03,8.53184,2.86627,0,0,1.21158,-0.110644,8.53184,2.86627,4574.78,8.53275,2.86261,0
6764.02,8.54498,2.8652,0,0,1.09567,-0.0885574,8.54498,2.8652,4576.39,8.56445,2.89987,0
6778.02,8.55794,2.86128,0,0,0.926862,-0.280436,8.55794,2.86128,4578.87,8.56564,2.86718,0
6786.56,8.57145,2.86392,0,0,1.58043,0.308717,8.57145,2.86392,4581.27,8.56059,2.81993,0
6797.31,8.58913,2.8778,0,0,1.64486,1.2911,8.58913,2.8778,4582.62,8.60837,2.82149,0
6804.05,8.60837,2.8541,0,0,2.85386,-3.5158,8.60837,2.8541,4579.28,8.61553,2.97067,0
6815.84,8.64676,2.83791,0,0,3.25525,-1.37217,8.64676,2.83791,4550.28,8.71867,2.88442,0
6823.89,8.72006,2.72323,0,0,9.10901,-14.2522,8.72006,2.72323,4441.94,8.63474,2.70702,0
6835.98,8.71936,1.5668,0,0,-0.0576409,-95.6989,8.71936,1.5668,4209.41,8.93194,0.366183,0
6843.96,8.73182,0.429248,0,0,1.55853,-142.39,8.73182,0.429248,3909.04,8.93194,0.366183,2
6856.11,8.85427,0.37179,0,0,10.079,-4.72945,8.85427,0.37179,3673,8.93194,0.366183,2
6864.04,8.91346,0.367516,0,0,7.4681,-0.539218,8.91346,0.367516,3561.56,8.93194,0.366183,2
6876.79,8.92446,0.366722,0,0,0.863128,-0.0622733,8.92446,0.366722,3532.22,8.93194,0.366183,2
6886.17,8.89359,0.368949,0,0,-3.29177,0.237482,8.89359,0.368949,3540.16,8.93194,0.366183,2
6897.98,8.78454,0.382915,0,0,-9.232,1.18224,8.78454,0.382915,3599.16,10.0435,-3.17055,0
6904.12,8.60662,0.557065,0,0,-28.9774,28.3632,8.60662,0.557065,3764.71,7.7493,1.04937,0
6916.13,8.47417,1.11121,0,0,-11.0292,46.1445,8.47417,1.11121,4056.81,8.22149,2.08829,0
6924.13,8.42623,1.68904,0,0,-5.98908,72.1927,8.42623,1.68904,4390.9,8.28023,2.03422,0
6936.15,8.40235,1.84588,0,0,-1.98691,13.048,8.40235,1.84588,4643.44,8.47779,1.96917,0
6944.12,8.39615,1.87496,0,0,-0.777675,3.65131,8.39615,1.87496,4774.39,8.4144,1.89684,0
6956.2,8.3944,1.87492,0,0,-0.145025,-0.00359055,8.3944,1.87492,4825.4,8.37368,1.80544,0
6964.17,8.39139,1.84839,0,0,-0.378354,-3.33118,8.39139,1.84839,4843.62,8.39022,1.81742,0
6979.6,8.39247,1.84714,0,0,0.0699236,-0.0811242,8.39247,1.84714,4853.21,8.37727,1.89187,0
6988.62,8.39364,1.84705,0,0,0.129609,-0.00915705,8.39364,1.84705,4862.48,8.44582,1.85938,0
6998.06,8.39517,1.84667,0,0,0.162383,-0.041053,8.39517,1.84667,4871.45,8.35945,1.81532,0
7004.64,8.39681,1.84001,0,0,0.248557,-1.01162,8.39681,1.84001,4878.83,8.42927,1.90226,0
7016.08,8.39925,1.83527,0,0,0.214129,-0.414738,8.39925,1.83527,4885.17,8.38171,1.83005,0
7028.02,8.40201,1.83073,0,0,0.230749,-0.380034,8.40201,1.83073,4890.62,8.40807,1.83215,0
7036.01,8.40634,1.82887,0,0,0.54164,-0.231923,8.40634,1.82887,4894.05,8.36341,1.83071,0
7048.01,8.41259,1.82456,0,0,0.520884,-0.359415,8.41259,1.82456,4894.93,8.39769,1.81689,0
7055.99,8.42095,1.82365,0,0,1.04789,-0.114239,8.42095,1.82365,4894.46,8.42013,1.78299,0
7068.09,8.4294,1.81956,0,0,0.698138,-0.337997,8.4294,1.81956,4894.25,8.42502,1.75996,0
7077.45,8.43923,1.81883,0,0,1.04969,-0.0775313,8.43923,1.81883,4894.64,8.44935,1.82496,0
7088.92,8.45137,1.82156,0,0,1.05963,0.237611,8.45137,1.82156,4894.61,8.46664,1.81583,0
7098.12,8.46651,1.83993,0,0,1.64523,1.9967,8.46651,1.83993,4893.06,8.48653,1.85857,0
7109.17,8.47982,1.85657,0,0,1.20492,1.50687,8.47982,1.85657,4890.28,8.52953,1.8481,0
7116,8.48825,1.85969,0,0,1.23362,0.456745,8.48825,1.85969,4887.09,8.5091,1.86187,0
7128.07,8.4937,1.86281,0,0,0.451841,0.258255,8.4937,1.86281,4883.06,8.49841,1.89439,0
7136,8.49646,1.86277,0,0,0.348102,-0.0058483,8.49646,1.86277,4877.86,8.4404,1.87984,0
7148.01,8.4978,1.86214,0,0,0.111201,-0.0524881,8.4978,1.86214,4873.11,8.44686,1.78681,0
7156,8.49727,1.8489,0,0,-0.0664725,-1.65704,8.49727,1.8489,4870.25,8.49852,1.8544,0
7168.12,8.4964,1.82369,0,0,-0.0718125,-2.07995,8.4964,1.82369,4868.4,8.5012,1.81259,0
7177.34,8.50115,1.8122,0,0,0.516026,-1.24627,8.50115,1.8122,4866.29,8.4854,1.78044,0
7189,8.51362,1.81049,0,0,1.0686,-0.147101,8.51362,1.81049,4864.17,8.57329,1.80639,0
7197.92,8.53007,1.80273,0,0,1.8439,-0.869182,8.53007,1.80273,4862.55,8.52846,1.76487,0
7209.22,8.54562,1.79719,0,0,1.376,-0.490718,8.54562,1.79719,4860.55,8.56278,1.80745,0
7216.07,8.55367,1.7771,0,0,1.17695,-2.93502,8.55367,1.7771,4856.37,8.55604,1.7083,0
7228.02,8.55948,1.77669,0,0,0.485779,-0.0338052,8.55948,1.77669,4848.98,8.57339,1.83029,0
7236.01,8.56544,1.79617,0,0,0.745871,2.43905,8.56544,1.79617,4839.55,8.58859,1.76315,0
7248.01,8.56878,1.80645,0,0,0.278703,0.856094,8.56878,1.80645,4831.02,8.56235,1.82632,0
7256.12,8.57283,1.82938,0,0,0.498784,2.82768,8.57283,1.82938,4825.66,8.57861,1.84337,0
7268,8.57401,1.83582,0,0,0.0998361,0.541969,8.57401,1.83582,4823.42,8.54568,1.90747,0
7283.25,8.57411,1.83605,0,0,0.0062496,0.0154765,8.57411,1.83605,4822.89,8.58698,1.91134,0
7289.75,8.57369,1.83511,0,0,-0.0638553,-0.145516,8.57369,1.83511,4823.45,8.6121,1.83483,0
7300.05,8.56669,1.80694,0,0,-0.679227,-2.73341,8.56669,1.80694,4827.3,8.55779,1.73613,0
7308.07,8.52528,1.61355,0,0,-5.16398,-24.1129,8.52528,1.61355,4840.68,8.622,1.29077,0
7320.33,8.31705,0.452211,0,0,-16.9843,-94.7262,8.31705,0.452211,4870.36,8.17349,-0.6211,0
7328.2,7.98293,-1.19326,0,0,-42.5031,-209.321,7.98293,-1.19326,4913.81,7.56723,-2.95933,0
7340.08,7.55358,-3.06476,0,0,-36.1322,-157.493,7.55358,-3.06476,4955.92,7.12856,-5.736,0
7348.11,6.87683,-5.89714,0,0,-84.2775,-352.725,6.87683,-5.89714,4982.49,6.36059,-7.60411,0
7360.06,6.31676,-7.8346,0,0,-46.8798,-162.171,6.31676,-7.8346,4993.09,5.84446,-8.84074,0
7368.08,6.048,-8.4727,0,0,-33.4731,-79.4748,6.048,-8.4727,4995.59,5.87898,-8.7394,0
7383.4,5.90728,-8.81617,0,0,-9.19009,-22.4313,5.90728,-8.81617,4995.47,5.8585,-8.87414,0
7389.46,5.87051,-8.89735,0,0,-6.06539,-13.3895,5.87051,-8.89735,4993.99,5.85225,-8.99477,0
7401.76,5.85241,-8.9693,0,0,-1.47126,-5.84932,5.85241,-8.9693,4991.43,5.77346,-9.01561,0
7409.35,5.8479,-8.99807,0,0,-0.594016,-3.79108,5.8479,-8.99807,4988.82,5.83971,-9.04128,0
7420.03,5.85214,-8.99996,0,0,0.396959,-0.177117,5.85214,-8.99996,4987.03,5.88597,-9.08909,0
7428.01,5.85787,-9.00977,0,0,0.717404,-1.22802,5.85787,-9.00977,4986.16,5.87832,-8.9929,0
7440.15,5.86899,-9.00674,0,0,0.916727,0.249314,5.86899,-9.00674,4985.87,5.89975,-8.98986,0
7448.07,5.88087,-9.00658,0,0,1.49922,0.0206726,5.88087,-9.00658,4985.84,5.84834,-9.01138,0
7460.06,5.89275,-9.00749,0,0,0.99108,-0.075502,5.89275,-9.00749,4986.08,5.8391,-9.0286,0
7468.08,5.90305,-9.00921,0,0,1.28293,-0.214358,5.90305,-9.00921,4987.14,5.92011,-8.98471,0
7483.05,5.90893,-9.01492,0,0,0.393333,-0.3817,5.90893,-9.01492,4989.75,5.91346,-9.01251,0
7489.84,5.91162,-9.01713,0,0,0.395436,-0.325488,5.91162,-9.01713,4993.98,5.9114,-9.04659,0
7501.99,5.91224,-9.01707,0,0,0.0514879,0.00501733,5.91224,-9.01707,4998.77,5.89782,-8.99664,0
7509.19,5.91126,-9.01273,0,0,-0.136796,0.602496,5.91126,-9.01273,5003.49,5.86494,-9.02427,0
7520,5.90059,-9.01219,0,0,-0.987066,0.0505748,5.90059,-9.01219,5009.96,5.94167,-8.92753,0
7532,5.85908,-9.02649,0,0,-3.45812,-1.19145,5.85908,-9.02649,5021.64,5.95637,-8.98362,0
7540.13,5.72251,-9.20655,0,0,-16.7945,-22.1424,5.72251,-9.20655,5038.46,5.69606,-9.3512,0
7552.11,5.39553,-9.91233,0,0,-27.3114,-58.9526,5.39553,-9.91233,5054.45,4.56816,-10.4465,0
7560.02,5.05681,-10.5216,0,0,-42.8114,-77.0008,5.05681,-10.5216,5065.31,4.76634,-10.8304,0
7572.08,4.87907,-10.6154,0,0,-14.7333,-7.77659,4.87907,-10.6154,5073.09,4.70415,-10.6993,0
7582.58,4.79022,-10.6575,0,0,-8.46221,-4.00943,4.79022,-10.6575,5080.61,4.78493,-10.6351,0
7592.71,4.75744,-10.6781,0,0,-3.23554,-2.03354,4.75744,-10.6781,5088.41,4.74352,-10.6884,0
7600.09,4.74697,-10.6782,0,0,-1.41983,-0.0168686,4.74697,-10.6782,5096.56,4.71355,-10.6773,0
7612.07,4.73954,-10.6778,0,0,-0.620183,0.0375733,4.73954,-10.6778,5105.22,4.75553,-10.6772,0
7620.08,4.73255,-10.6801,0,0,-0.873071,-0.286952,4.73255,-10.6801,5114.46,4.70403,-10.6563,0
7631.95,4.72821,-10.6819,0,0,-0.364934,-0.152724,4.72821,-10.6819,5124.28,4.74008,-10.6866,0
7640.07,4.72332,-10.6982,0,0,-0.602225,-2.00908,4.72332,-10.6982,5134.85,4.69159,-10.7325,0
7651.9,4.71801,-10.7242,0,0,-0.449288,-2.19572,4.71801,-10.7242,5146.91,4.70992,-10.7456,0
7659.95,4.71805,-10.7301,0,0,0.00535248,-0.743426,4.71805,-10.7301,5159.95,4.6619,-10.7772,0
7672.02,4.71686,-10.7436,0,0,-0.0989346,-1.11837,4.71686,-10.7436,5171.95,4.69372,-10.7448,0
7682.14,4.71544,-10.7639,0,0,-0.14035,-2.00599,4.71544,-10.7639,5182.67,4.72346,-10.7196,0
7692.68,4.71512,-10.7861,0,0,-0.0297269,-2.09748,4.71512,-10.7861,5194.11,4.74614,-10.8196,0
7701.35,4.72359,-10.7714,0,0,0.976483,1.6958,4.72359,-10.7714,5207.71,4.76377,-10.7748,0
7712.07,4.72988,-10.7665,0,0,0.587006,0.450405,4.72988,-10.7665,5223.26,4.74591,-10.8476,0
7720.13,4.73577,-10.7657,0,0,0.730246,0.104524,4.73577,-10.7657,5239.24,4.76512,-10.7052,0
7732.04,4.74748,-10.7417,0,0,0.983535,2.01363,4.74748,-10.7417,5254.26,4.72563,-10.6801,0
7740.13,4.75304,-10.7402,0,0,0.687977,0.183419,4.75304,-10.7402,5267.83,4.69793,-10.6963,0
7752.07,4.75996,-10.7214,0,0,0.578759,1.57475,4.75996,-10.7214,5279.21,4.71668,-10.7401,0
7760.08,4.76455,-10.7042,0,0,0.573317,2.14626,4.76455,-10.7042,5287.55,4.778,-10.7586,0
7772.18,4.76383,-10.7064,0,0,-0.0594309,-0.184204,4.76383,-10.7064,5292.74,4.78976,-10.7032,0
7785.28,4.76283,-10.7052,0,0,-0.0762465,0.0923781,4.76283,-10.7052,5295.23,4.8047,-10.6933,0
7792.75,4.76096,-10.6978,0,0,-0.251041,0.998995,4.76096,-10.6978,5296.04,4.78902,-10.7119,0
7804.26,4.75387,-10.6914,0,0,-0.615701,0.55008,4.75387,-10.6914,5295.93,4.74552,-10.6435,0
7811.95,4.74084,-10.6804,0,0,-1.69353,1.43975,4.74084,-10.6804,5294.18,4.71785,-10.6956,0
7824,4.72512,-10.6603,0,0,-1.30457,1.66736,4.72512,-10.6603,5288.47,4.72586,-10.6478,0
7832,4.70727,-10.6496,0,0,-2.23196,1.33167,4.70727,-10.6496,5278.21,4.65714,-10.6073,0
7843.99,4.69099,-10.648,0,0,-1.35796,0.135643,4.69099,-10.648,5266.92,4.68621,-10.6423,0
7852,4.67586,-10.6468,0,0,-1.89035,0.151872,4.67586,-10.6468,5255.86,4.65606,-10.6564,0
7863.95,4.64458,-10.6432,0,0,-2.61684,0.297641,4.64458,-10.6432,5238.26,4.67941,-10.6663,0
7872.01,4.5572,-10.6162,0,0,-10.8386,3.34704,4.5572,-10.6162,5204.11,4.64339,-10.7873,0
7885.83,4.45813,-10.1152,0,0,-7.16982,36.2621,4.45813,-10.1152,5154.68,4.19426,-9.61008,0
7892.81,4.3199,-9.25168,0,0,-19.793,123.643,4.3199,-9.25168,5109.27,4.28003,-8.19102,0
7904.23,4.20208,-8.17999,0,0,-10.3213,93.8841,4.20208,-8.17999,5083.34,4.13881,-6.78799,0
7912.12,4.18844,-7.02112,0,0,-1.72841,146.841,4.18844,-7.02112,5071.83,4.01251,-6.02252,0
7924.04,4.165,-6.48175,0,0,-1.96639,45.2413,4.165,-6.48175,5063.19,4.05637,-6.50015,0
7932.04,4.12308,-6.38726,0,0,-5.23831,11.8107,4.12308,-6.38726,5052.26,4.12615,-6.4157,0
7944.12,4.09365,-6.35254,0,0,-2.4369,2.87438,4.09365,-6.35254,5038.95,4.0107,-6.33854,0
7952.12,4.0688,-6.3492,0,0,-3.10629,0.417621,4.0688,-6.3492,5023.82,3.97336,-6.34433,0
7963.95,4.05316,-6.34321,0,0,-1.32225,0.505943,4.05316,-6.34321,5004.73,4.05955,-6.3874,0
7971.99,4.04625,-6.32234,0,0,-0.859311,2.59442,4.04625,-6.32234,4980.25,4.00855,-6.30047,0
7985.48,4.04385,-6.30375,0,0,-0.177586,1.37796,4.04385,-6.30375,4955.04,4.02362,-6.27524,0
7992.98,4.04268,-6.30273,0,0,-0.156381,0.136425,4.04268,-6.30273,4935.2,4.05453,-6.31937,0
8004.12,4.04532,-6.29894,0,0,0.236991,0.340719,4.04532,-6.29894,4920.8,4.07975,-6.30524,0
8011.97,4.04996,-6.29306,0,0,0.590931,0.747888,4.04996,-6.29306,4907.8,4.05256,-6.27625,0
8024.01,4.05353,-6.29291,0,0,0.296053,0.0124263,4.05353,-6.29291,4892.46,4.05033,-6.42878,0
8036.01,4.05867,-6.28889,0,0,0.429203,0.335399,4.05867,-6.28889,4871.37,4.00576,-6.28463,0
8044,4.07468,-6.25865,0,0,2.00355,3.78367,4.07468,-6.25865,4839.71,3.97496,-6.23722,0
8055.99,4.15689,-5.97399,0,0,6.8571,23.7437,4.15689,-5.97399,4792.53,4.22095,-5.40495,0
8064.07,4.52967,-4.29362,0,0,46.1185,207.889,4.52967,-4.29362,4735.4,4.82589,-2.81683,0
8077.01,4.92784,-2.55727,0,0,30.7801,134.226,4.92784,-2.55727,4685.9,5.11784,-2.19319,0
8085.48,5.09795,-2.13656,0,0,20.0885,49.6821,5.09795,-2.13656,4655.36,5.35325,-1.75355,0
8097.48,5.1933,-1.96451,0,0,7.945,14.3359,5.1933,-1.96451,4640.66,5.297,-1.95188,0
8104.14,5.25323,-1.81447,0,0,8.99425,22.5185,5.25323,-1.81447,4634.13,5.27065,-1.77548,0
8116.04,5.28669,-1.74922,0,0,2.81212,5.48268,5.28669,-1.74922,4630.61,5.36766,-1.73904,0
8124.01,5.31083,-1.7171,0,0,3.02985,4.0318,5.31083,-1.7171,4626.92,5.35602,-1.66703,0
8136.01,5.3309,-1.6873,0,0,1.6718,2.48347,5.3309,-1.6873,4620.6,5.31695,-1.66243,0
8144,5.34218,-1.6868,0,0,1.41283,0.0618942,5.34218,-1.6868,4610.59,5.26282,-1.66625,0
8155.99,5.34889,-1.68733,0,0,0.558834,-0.0439188,5.34889,-1.68733,4597.63,5.31411,-1.65622,0
8164.02,5.35159,-1.68916,0,0,0.336739,-0.227473,5.35159,-1.68916,4583.74,5.34487,-1.73526,0
8177.02,5.35016,-1.70585,0,0,-0.110139,-1.28337,5.35016,-1.70585,4570.3,5.39565,-1.77998,0
8185.55,5.35125,-1.7076,0,0,0.128801,-0.205912,5.35125,-1.7076,4556.86,5.37509,-1.6843,0
8197.51,5.3496,-1.72914,0,0,-0.138417,-1.80043,5.3496,-1.72914,4543.23,5.40084,-1.76939,0
8204.1,5.34951,-1.73676,0,0,-0.0130258,-1.15702,5.34951,-1.73676,4530.07,5.37721,-1.68798,0
8215.99,5.34745,-1.75076,0,0,-0.173457,-1.17785,5.34745,-1.75076,4518.02,5.3014,-1.78232,0
8224,5.34953,-1.73777,0,0,0.260117,1.62164,5.34953,-1.73777,4508.38,5.3421,-1.72163,0
8236.1,5.35226,-1.72196,0,0,0.225032,1.30665,5.35226,-1.72196,4502.45,5.37475,-1.75546,0
8243.99,5.35076,-1.73082,0,0,-0.189175,-1.12232,5.35076,-1.73082,4500.11,5.32162,-1.67617,0
8256.11,5.35217,-1.72101,0,0,0.115927,0.810447,5.35217,-1.72101,4500.14,5.3388,-1.69631,0
8264.01,5.35395,-1.71397,0,0,0.225186,0.890823,5.35395,-1.71397,4501.33,5.33205,-1.7398,0
8277.03,5.35984,-1.69138,0,0,0.452766,1.73415,5.35984,-1.69138,4503.07,5.37556,-1.66528,0
8288.65,5.36675,-1.66947,0,0,0.594498,1.88488,5.36675,-1.66947,4505.22,5.38423,-1.57728,0
8297.33,5.37062,-1.66409,0,0,0.445453,0.621371,5.37062,-1.66409,4507.14,5.37236,-1.68145,0
8309.16,5.37436,-1.65877,0,0,0.316629,0.449389,5.37436,-1.65877,4507.94,5.37499,-1.64178,0
8315.99,5.37902,-1.65887,0,0,0.681842,-0.0149161,5.37902,-1.65887,4507.24,5.34496,-1.66146,0
8328.04,5.38548,-1.66015,0,0,0.535744,-0.106483,5.38548,-1.66015,4504.47,5.42262,-1.62744,0
8335.92,5.38814,-1.6816,0,0,0.338473,-2.72202,5.38814,-1.6816,4498.02,5.43882,-1.72867,0
8347.99,5.38091,-1.74753,0,0,-0.599148,-5.46037,5.38091,-1.74753,4487.33,5.36208,-1.87248,0
8356.02,5.36817,-1.8334,0,0,-1.58612,-10.6921,5.36817,-1.8334,4476.52,5.36208,-1.87248,2
8368.03,5.36231,-1.87098,0,0,-0.488668,-3.13155,5.36231,-1.87098,4470.33,5.36208,-1.87248,2
8376.73,5.36208,-1.87248,0,0,-0.0260972,-0.171722,5.36208,-1.87248,4468.04,5.36208,-1.87248,2
8388.98,5.36316,-1.87255,0,0,0.088193,-0.00643982,5.36316,-1.87255,4465.72,5.36208,-1.87248,2
8397.26,5.37145,-1.87316,0,0,1.0005,-0.0729385,5.37145,-1.87316,4460.02,5.36208,-1.87248,2
8409.14,5.40651,-1.85144,0,0,2.95117,1.82778,5.40651,-1.85144,4451.98,4.50687,-3.71669,0
8416.17,5.56525,-1.28908,0,0,22.5857,80.0168,5.56525,-1.28908,4446.31,5.94303,-0.730556,0
8428.08,5.75288,-0.701192,0,0,15.753,49.3569,5.75288,-0.701192,4444.4,5.86181,-0.581277,0
8436.1,5.8578,-0.611765,0,0,13.0803,11.1491,5.8578,-0.611765,4445.87,5.90887,-0.652533,0
8448.21,5.94345,-0.467669,0,0,7.07559,11.9028,5.94345,-0.467669,4456.15,6.01286,-0.133702,0
8456.12,6.01884,-0.226063,0,0,9.52919,30.5406,6.01884,-0.226063,4488.01,6.10437,-0.0386724,0
8468.19,6.06569,-0.0620176,0,0,3.88385,13.5979,6.06569,-0.0620176,4546.17,6.10959,-0.0203476,0
8477.19,6.0815,-0.0237214,0,0,1.75554,4.25372,6.0815,-0.0237214,4612.84,6.08562,-0.0186308,0
8489.37,6.08679,-0.00618689,0,0,0.434485,1.43985,6.08679,-0.00618689,4665.31,6.1108,0.0581231,0
8496.14,6.08895,0.0129639,0,0,0.319637,2.82919,6.08895,0.0129639,4699.13,6.08777,-0.00380038,0
8509.38,6.08671,0.023796,0,0,-0.169556,0.817638,6.08671,0.023796,4722.98,6.11112,0.0142182,0
8517.55,6.08148,0.0426982,0,0,-0.640524,2.31475,6.08148,0.0426982,4742.59,6.07231,0.0269201,0
8528.05,6.07253,0.0506452,0,0,-0.852079,0.75686,6.07253,0.0506452,4757.78,6.03245,0.075486,0
8540.06,6.06778,0.076604,0,0,-0.396045,2.16161,6.06778,0.076604,4767.63,6.06992,0.107387,0
8548,6.0627,0.0793139,0,0,-0.638783,0.341384,6.0627,0.0793139,4773.41,6.07939,0.173088,0
8560.01,6.05935,0.079608,0,0,-0.279192,0.0244921,6.05935,0.079608,4778.07,6.03751,0.0332783,0
8568.02,6.05686,0.0795791,0,0,-0.310504,-0.00361829,6.05686,0.0795791,4784.26,6.0684,0.0571236,0
8583,6.05409,0.0748471,0,0,-0.185297,-0.315885,6.05409,0.0748471,4793.1,6.04574,0.095691,0
8589.61,6.05044,0.069845,0,0,-0.552117,-0.756058,6.05044,0.069845,4803,6.03044,0.0747903,0
8601.4,6.04558,0.0695866,0,0,-0.411784,-0.0219326,6.04558,0.0695866,4810.92,6.08322,0.0328663,0
8609.09,6.03901,0.0614823,0,0,-0.853622,-1.05277,6.03901,0.0614823,4815.94,6.03089,0.0492193,0
8620.09,6.03512,0.064525,0,0,-0.353811,0.276809,6.03512,0.064525,4819.03,6.04179,0.0848939,0
8628,6.03073,0.0584263,0,0,-0.555289,-0.770427,6.03073,0.0584263,4821.13,6.01445,0.0569492,0
8639.99,6.02709,0.0583979,0,0,-0.303347,-0.00236986,6.02709,0.0583979,4823.1,6.00158,0.098177,0
8648.09,6.02207,0.0586078,0,0,-0.619801,0.0258998,6.02207,0.0586078,4825.35,6.02307,0.0657427,0
8659.95,6.01331,0.0545024,0,0,-0.73839,-0.345981,6.01331,0.0545024,4827.46,6.03145,-0.0457523,0
8668,5.99771,0.0239767,0,0,-1.93868,-3.79343,5.99771,0.0239767,4828.82,5.95649,-0.00500945,0
8681.54,5.98247,-0.00183032,0,0,-1.12582,-1.90626,5.98247,-0.00183032,4829.37,5.94187,0.059451,0
8689.11,5.97071,-0.00195426,0,0,-1.5526,-0.0163611,5.97071,-0.00195426,4829.51,5.95191,-0.00468163,0
8701.28,5.94469,0.00414382,0,0,-2.13798,0.501198,5.94469,0.00414382,4829.48,5.9769,0.0091847,0
8709.2,5.85547,0.0252249,0,0,-11.2628,2.66108,5.85547,0.0252249,4829.18,5.96483,-0.0519394,0
8719.99,5.61785,0.0689458,0,0,-22.0319,4.05386,5.61785,0.0689458,4828.34,5.58039,0.0851109,0
8728,5.2868,0.724063,0,0,-41.2995,81.7262,5.2868,0.724063,4827.16,4.9325,1.34375,0
8739.98,4.95652,1.75517,0,0,-27.5899,86.1333,4.95652,1.75517,4826.34,4.53157,2.28035,0
8748.16,4.69213,2.20341,0,0,-32.3179,54.7912,4.69213,2.20341,4826.18,4.49962,2.36267,0
8760.08,4.56203,2.23915,0,0,-10.9087,2.99684,4.56203,2.23915,4826.69,4.48318,2.18528,0
8768.01,4.52822,2.24153,0,0,-4.26179,0.300053,4.52822,2.24153,4828.48,4.47167,2.20447,0
8781.89,4.52211,2.23263,0,0,-0.440691,-0.641046,4.52211,2.23263,4832.45,4.54319,2.24222,0
8792.95,4.52065,2.22317,0,0,-0.131779,-0.855863,4.52065,2.22317,4838.7,4.51227,2.2249,0
8801.37,4.51938,2.20954,0,0,-0.151074,-1.61999,4.51938,2.20954,4845.98,4.57391,2.15083,0
8811.97,4.5199,2.20917,0,0,0.0497007,-0.0349769,4.5199,2.20917,4852.34,4.52428,2.14672,0
8820.02,4.52039,2.20914,0,0,0.0599356,-0.00277883,4.52039,2.20914,4856.86,4.53633,2.19417,0
8831.99,4.5207,2.21006,0,0,0.0264106,0.0768678,4.5207,2.21006,4859.65,4.47037,2.25417,0
8839.99,4.52323,2.2318,0,0,0.315516,2.71863,4.52323,2.2318,4861.03,4.49789,2.26183,0
8852.13,4.52439,2.24354,0,0,0.0954918,0.967045,4.52439,2.24354,4861.49,4.51401,2.2513,0
8860.1,4.52417,2.24718,0,0,-0.0265031,0.456786,4.52417,2.24718,4861.57,4.55173,2.23975,0
8872.1,4.52306,2.24941,0,0,-0.0929016,0.185979,4.52306,2.24941,4861.33,4.48924,2.27183,0
8881.98,4.52092,2.24977,0,0,-0.216031,0.0365511,4.52092,2.24977,4860.13,4.54606,2.21895,0
8892.72,4.51823,2.25215,0,0,-0.25125,0.220874,4.51823,2.25215,4856.72,4.54207,2.25375,0
8901.2,4.51445,2.25628,0,0,-0.445612,0.487272,4.51445,2.25628,4850.64,4.52665,2.28022,0
8912.07,4.50912,2.25757,0,0,-0.490114,0.11875,4.50912,2.25757,4842.83,4.51501,2.2586,0
8920.02,4.50425,2.25795,0,0,-0.612427,0.047966,4.50425,2.25795,4832.86,4.49688,2.23601,0
8932,4.50131,2.25841,0,0,-0.24595,0.0380799,4.50131,2.25841,4818.09,4.46924,2.27855,0
8939.97,4.49935,2.25852,0,0,-0.245017,0.0139783,4.49935,2.25852,4798.13,4.45194,2.2603,0
8952.01,4.49745,2.25755,0,0,-0.157959,-0.0801798,4.49745,2.25755,4777.31,4.47939,2.26013,0
8960.01,4.49562,2.25013,0,0,-0.229145,-0.927107,4.49562,2.25013,4760.9,4.50164,2.22768,0
8972.2,4.49495,2.23646,0,0,-0.0544448,-1.12121,4.49495,2.23646,4749.36,4.53398,2.26435,0
8981.65,4.49995,2.23553,0,0,0.528324,-0.0989702,4.49995,2.23553,4737.92,4.50941,2.1973,0
8992.75,4.51427,2.23745,0,0,1.29048,0.173235,4.51427,2.23745,4722.96,4.46347,2.13093,0
9001.6,4.54989,2.30705,0,0,4.02452,7.8631,4.54989,2.30705,4706.81,4.58253,2.56291,0
9012.07,4.60493,2.44167,0,0,5.25856,12.8622,4.60493,2.44167,4694.71,4.76053,2.52658,0
9020.03,4.65687,2.51973,0,0,6.52811,9.81007,4.65687,2.51973,4688.59,4.73244,2.55273,0
9032,4.69348,2.52053,0,0,3.05635,0.0670443,4.69348,2.52053,4686.39,4.71479,2.44561,0
9043.99,4.71843,2.51881,0,0,2.08163,-0.14359,4.71843,2.51881,4685.75,4.64299,2.50704,0
9052.1,4.73421,2.51751,0,0,1.9448,-0.159698,4.73421,2.51751,4685.58,4.76421,2.5389,0
9063.99,4.74419,2.51171,0,0,0.838902,-0.487851,4.74419,2.51171,4685.55,4.77262,2.48612,0
9072.13,4.75043,2.50177,0,0,0.767253,-1.22214,4.75043,2.50177,4685.54,4.7592,2.53071,0
9085.32,4.7551,2.49635,0,0,0.354247,-0.41052,4.7551,2.49635,4685.54,4.73354,2.59312,0
9092.64,4.75854,2.49284,0,0,0.47038,-0.480767,4.75854,2.49284,4685.54,4.70141,2.44576,0
9104.49,4.7606,2.48425,0,0,0.173579,-0.72403,4.7606,2.48425,4685.53,4.7799,2.51158,0
9112.09,4.76076,2.46391,0,0,0.0213643,-2.67814,4.76076,2.46391,4685.47,4.78986,2.48276,0
9124.02,4.76064,2.44945,0,0,-0.0106744,-1.21255,4.76064,2.44945,4685.29,4.81049,2.45317,0
9132.03,4.76034,2.44259,0,0,-0.0369609,-0.857097,4.76034,2.44259,4684.95,4.74791,2.42821,0
9144,4.75988,2.44234,0,0,-0.0381423,-0.0204796,4.75988,2.44234,4684.47,4.80288,2.42504,0
9152.11,4.75844,2.44336,0,0,-0.177611,0.125933,4.75844,2.44336,4683.93,4.77925,2.41249,0
9164,4.75829,2.46625,0,0,-0.0132473,1.92437,4.75829,2.46625,4683.54,4.78275,2.50066,0
9172.12,4.76025,2.51099,0,0,0.242039,5.51534,4.76025,2.51099,4683.45,4.76404,2.52727,0
9185.5,4.75945,2.52459,0,0,-0.0598306,1.01612,4.75945,2.52459,4683.57,4.73165,2.51957,0
9192.98,4.75799,2.52557,0,0,-0.195676,0.130841,4.75799,2.52557,4683.69,4.74091,2.55975,0
9204.71,4.75756,2.5342,0,0,-0.0365183,0.735969,4.75756,2.5342,4683.61,4.75547,2.54106,0
9212.06,4.75663,2.54055,0,0,-0.125723,0.863436,4.75663,2.54055,4683.08,4.74882,2.51248,0
9224.02,4.75474,2.54582,0,0,-0.158214,0.440557,4.75474,2.54582,4681.65,4.76139,2.55306,0
9232.07,4.74888,2.54669,0,0,-0.728414,0.108075,4.74888,2.54669,4678.13,4.71459,2.56544,0
9244.11,4.72908,2.55385,0,0,-1.6437,0.594559,4.72908,2.55385,4670.73,4.75877,2.52686,0
9251.98,4.66736,2.58083,0,0,-7.84071,3.42677,4.66736,2.58083,4657.13,4.86223,2.54099,0
9263.98,4.57693,3.10725,0,0,-7.53655,43.872,4.57693,3.10725,4637.46,4.51139,4.51855,0
9272.19,4.48022,4.54465,0,0,-11.7787,175.079,4.48022,4.54465,4617.96,4.20587,6.38718,0
9285.48,4.33795,6.14567,0,0,-10.7105,120.532,4.33795,6.14567,4605.49,3.98931,6.96046,0
9297.25,4.1755,6.86865,0,0,-13.8009,61.4202,4.1755,6.86865,4600.49,3.99167,6.87098,0
9304.42,4.06301,6.93935,0,0,-15.6831,9.85716,4.06301,6.93935,4599.36,4.04764,6.89436,0
9315.97,4.00384,6.96083,0,0,-5.12255,1.85938,4.00384,6.96083,4599.85,3.96082,6.96612,0
9324.02,3.97192,6.96572,0,0,-3.96757,0.608204,3.97192,6.96572,4602.17,3.95059,6.99321,0
9335.98,3.95596,6.97337,0,0,-1.33404,0.639008,3.95596,6.97337,4607.08,3.93232,7.00765,0
9344.11,3.94706,6.98506,0,0,-1.09537,1.43904,3.94706,6.98506,4614.13,3.98059,6.96511,0
9356,3.93725,6.99359,0,0,-0.82547,0.717121,3.93725,6.99359,4622.54,3.95259,6.98389,0
9363.99,3.92525,6.99751,0,0,-1.50103,0.490433,3.92525,6.99751,4632.36,3.90025,6.99911,0
9376.95,3.915,6.9954,0,0,-0.790911,-0.162614,3.915,6.9954,4642.72,3.926,7.00027,0
9385.53,3.9094,6.99727,0,0,-0.652257,0.218114,3.9094,6.99727,4650.83,3.89811,7.00027,0
9397.31,3.90647,6.99896,0,0,-0.249145,0.143616,3.90647,6.99896,4654.98,3.90221,6.99299,0
9404.11,3.90413,7.00036,0,0,-0.34353,0.20481,3.90413,7.00036,4656.22,3.88906,6.99178,0
9415.98,3.90039,6.99836,0,0,-0.315047,-0.168736,3.90039,6.99836,4656.18,3.90189,7.02081,0
9424.11,3.88308,7.00293,0,0,-2.12965,0.562367,3.88308,7.00293,4655.36,3.93436,7.01747,0
9436.02,3.81491,7.01841,0,0,-5.72315,1.30015,3.81491,7.01841,4653.12,3.93405,6.98201,0
9444.05,3.64819,7.05028,0,0,-20.7702,3.97021,3.64819,7.05028,4648.37,3.62024,7.05216,0
9456.08,3.38972,7.33369,0,0,-21.4782,23.5506,3.38972,7.33369,4641.49,2.7917,7.64132,0
9464.06,3.11079,7.61439,0,0,-34.9408,35.1621,3.11079,7.61439,4634.54,2.66856,7.66498,0
9477.07,2.90896,7.64192,0,0,-15.518,2.11666,2.90896,7.64192,4629.15,2.7506,7.66204,0
9485.87,2.81687,7.65213,0,0,-10.463,1.16012,2.81687,7.65213,4625.07,2.7493,7.63584,0
9497.32,2.78872,7.65604,0,0,-2.45837,0.341453,2.78872,7.65604,4620.09,2.78801,7.664,0
9504.13,2.77885,7.65687,0,0,-1.44943,0.122489,2.77885,7.65687,4611.1,2.79245,7.67542,0
9516,2.77205,7.66026,0,0,-0.572968,0.285106,2.77205,7.66026,4597.77,2.75356,7.65593,0
9524.06,2.76743,7.66212,0,0,-0.572303,0.231425,2.76743,7.66212,4584.06,2.76144,7.64976,0
9536.01,2.76505,7.66102,0,0,-0.199339,-0.0921334,2.76505,7.66102,4572.87,2.78676,7.66013,0
9548.12,2.76392,7.65815,0,0,-0.0932164,-0.237229,2.76392,7.65815,4563.84,2.76861,7.68246,0
9556.12,2.76341,7.65803,0,0,-0.0637133,-0.0153872,2.76341,7.65803,4556.7,2.76178,7.6601,0
9567.93,2.7632,7.65783,0,0,-0.0181215,-0.0165823,2.7632,7.65783,4551.42,2.73514,7.60337,0
9578.35,2.76304,7.65287,0,0,-0.0151412,-0.475791,2.76304,7.65287,4547.09,2.74092,7.65192,0
9588.01,2.76295,7.64699,0,0,-0.00995842,-0.60902,2.76295,7.64699,4543.38,2.77103,7.63484,0
9597.96,2.763,7.64052,0,0,0.00566148,-0.649702,2.763,7.64052,4540.86,2.77987,7.6354,0
9609.2,2.7751,7.63659,0,0,1.07616,-0.349926,2.7751,7.63659,4539.72,2.77004,7.65637,0
9616.06,2.86422,7.62976,0,0,12.9828,-0.994605,2.86422,7.62976,4539.47,2.74545,7.63917,0
9628.09,3.20482,7.60295,0,0,28.3243,-2.2293,3.20482,7.60295,4540.08,2.75823,7.61206,0
9636.07,3.99773,7.53619,0,0,99.3996,-8.36977,3.99773,7.53619,4543.27,4.34223,7.57232,0
9647.91,5.22985,7.33307,0,0,104.011,-17.1468,5.22985,7.33307,4552.24,7.20263,6.87427,0
9656.03,6.5869,6.88363,0,0,167.248,-55.39,6.5869,6.88363,4567.76,8.62235,6.48089,0
9667.96,7.67565,6.5217,0,0,91.2455,-30.3331,7.67565,6.5217,4585.03,8.70929,6.30641,0
9679.86,8.31184,6.40318,0,0,53.4481,-9.9568,8.31184,6.40318,4599.08,8.53241,6.36525,0
9688.81,8.58858,6.34597,0,0,30.9379,-6.39641,8.58858,6.34597,4610.94,8.77996,6.31369,0
9698.04,8.69714,6.33256,0,0,11.763,-1.4525,8.69714,6.33256,4624.7,8.73479,6.33564,0
9709.19,8.74358,6.32136,0,0,4.16345,-1.00447,8.74358,6.32136,4640.95,8.72972,6.30101,0
9716.13,8.76646,6.31325,0,0,3.29682,-1.16785,8.76646,6.31325,4655.82,8.76862,6.29203,0
9728.01,8.77994,6.30692,0,0,1.13426,-0.533085,8.77994,6.30692,4665.99,8.78539,6.33114,0
9735.97,8.79182,6.30005,0,0,1.49353,-0.863835,8.79182,6.30005,4672.42,8.83354,6.30651,0
9747.97,8.80567,6.29339,0,0,1.15431,-0.554454,8.80567,6.29339,4679.05,8.82406,6.28419,0
9756.12,8.81806,6.27707,0,0,1.51994,-2.00192,8.81806,6.27707,4689.37,8.85994,6.25441,0
9768.11,8.82598,6.24564,0,0,0.660762,-2.62139,8.82598,6.24564,4704.05,8.79027,6.22311,0
9779.96,8.83222,6.21586,0,0,0.526858,-2.51427,8.83222,6.21586,4721.15,8.8587,6.19925,0
9789.16,8.83918,6.20562,0,0,0.75549,-1.11199,8.83918,6.20562,4737.84,8.80668,6.22005,0
9799.99,8.845,6.20486,0,0,0.536996,-0.0700782,8.845,6.20486,4753.11,8.82188,6.16464,0
9808.04,8.84846,6.20484,0,0,0.430467,-0.00273328,8.84846,6.20484,4769.93,8.81408,6.19271,0
9820.25,8.8508,6.20951,0,0,0.191882,0.382196,8.8508,6.20951,4793.08,8.91105,6.20674,0
9828.08,8.85269,6.21295,0,0,0.240812,0.439278,8.85269,6.21295,4822.14,8.90543,6.24708,0
9839.95,8.85535,6.2219,0,0,0.224042,0.753713,8.85535,6.2219,4850.28,8.86284,6.25684,0
9847.98,8.85901,6.22315,0,0,0.45677,0.156012,8.85901,6.22315,4874.69,8.84742,6.21514,0
9860.04,8.86636,6.22567,0,0,0.609244,0.209496,8.86636,6.22567,4899.18,8.86144,6.22947,0
9868.03,8.87847,6.22374,0,0,1.51537,-0.241952,8.87847,6.22374,4925.38,8.89434,6.21415,0
9882.65,8.89527,6.22271,0,0,1.1487,-0.0703087,8.89527,6.22271,4952.91,8.88384,6.20195,0
9889.69,8.91444,6.22451,0,0,2.72388,0.254753,8.91444,6.22451,4983.95,8.93705,6.25105,0
9900.07,8.93132,6.22445,0,0,1.62656,-0.00517204,8.93132,6.22445,5018.23,8.95551,6.23091,0
9908.06,8.94293,6.22825,0,0,1.45241,0.475293,8.94293,6.22825,5049.79,8.94452,6.23768,0
9920.15,8.94919,6.22816,0,0,0.517184,-0.00746202,8.94919,6.22816,5074.87,8.95919,6.22462,0
9928.07,8.95322,6.2308,0,0,0.509021,0.333115,8.95322,6.2308,5096.51,8.94784,6.23089,0
9939.99,8.95727,6.23319,0,0,0.340071,0.200495,8.95727,6.23319,5118.23,8.95776,6.22261,0
9948.14,8.96479,6.22721,0,0,0.922912,-0.733192,8.96479,6.22721,5140.77,8.97791,6.26136,0
9960.1,8.99719,6.22356,0,0,2.70841,-0.305725,8.99719,6.22356,5164.85,9.01199,6.26436,0
9968.16,9.11746,6.20804,0,0,14.9188,-1.9253,9.11746,6.20804,5190.44,8.94764,6.21538,0
9981.92,9.42399,6.1753,0,0,22.2882,-2.38003,9.42399,6.1753,5214.66,9.23413,6.18334,0
9988.97,9.90766,6.08312,0,0,68.5567,-13.0664,9.90766,6.08312,5235.22,10.6324,5.97838,0
10001.7,10.3719,5.99933,0,0,36.3401,-6.55846,10.3719,5.99933,5251.9,10.7536,5.93483,0
10009.3,10.6427,5.97858,0,0,35.8373,-2.74601,10.6427,5.97858,5264.36,10.8182,5.94314,0
10020,10.7422,5.97175,0,0,9.30539,-0.638891,10.7422,5.97175,5273.09,10.7295,5.97469,0
10028.1,10.7733,5.96577,0,0,3.84735,-0.740645,10.7733,5.96577,5279.61,10.7595,5.97163,0
10040,10.7733,5.9656,0,0,-0.00124656,-0.0142499,10.7733,5.9656,5279.61,10.8487,5.99207,0
10052,10.7732,5.96486,0,0,-0.00540189,-0.0617458,10.7732,5.96486,5279.61,10.7943,5.95908,0
10060,10.7732,5.96486,0,0,0,0,10.7732,5.96486,5279.61,10.7931,5.93246,0
