Resolution,1920,1080,Distance,1,Width,1,Subject,V001GDETSIDI,Test,TPL-12162016-135307,Calibration,CC9-12162016-135159,Oscann, 4.0.8,libTracker, 1.0.7,crtime, 11072018-171715
Time(ms),GazeX(deg),GazeY(deg),StimulusX(deg),StimulusY(deg),GazeVelX(deg/s),GazeVelY(deg/s),ErrorX(deg),ErrorY(deg),PupilArea(px^2),GazeRawX(deg),GazeRawY(deg),Blinks
10,0.217371,-0.512572,-20.1626,15.7086,0,0,20.38,-16.2212,5558.09,0.231132,-0.503669,0
20,0.217371,-0.512572,-20.1626,15.7086,0,0,20.38,-16.2212,5558.09,0.203041,-0.543829,0
30,0.200291,-0.512192,-20.1626,15.7086,-1.708,0.0380651,20.3629,-16.2208,5558.09,0.176831,-0.783096,0
40,0.199548,-0.512577,-20.1626,15.7086,-0.0742963,-0.0385223,20.3622,-16.2212,5558.09,0.103689,-0.433833,0
50,0.200643,-0.52214,-20.1626,15.7086,0.109533,-0.956257,20.3632,-16.2308,5572.69,0.195274,-0.500224,0
60,0.236158,-0.524291,-20.1626,15.7086,3.55152,-0.215131,20.3988,-16.2329,5580.28,0.282974,-0.39662,0
70,0.275507,-0.530572,-20.1626,15.7086,3.93482,-0.628092,20.4381,-16.2392,5587.98,0.292218,-0.569163,0
80,0.276417,-0.549056,-20.1626,15.7086,0.0910446,-1.84845,20.439,-16.2577,5594.9,0.362849,-0.569017,0
90,0.275945,-0.550233,-20.1626,15.7086,-0.0471777,-0.117688,20.4385,-16.2589,5601.64,0.251109,-0.749189,0
100,0.263566,-0.558666,-20.1626,15.7086,-1.23792,-0.84333,20.4262,-16.2673,5609.22,0.254385,-0.580518,0
110,0.208538,-0.555349,-20.1626,15.7086,-5.50276,0.33179,20.3711,-16.264,5618.31,0.139754,-0.443339,0
120,0.202349,-0.524582,-20.1626,15.7086,-0.61896,3.07666,20.365,-16.2332,5628.69,0.154993,-0.54868,0
130,0.183632,-0.49159,-20.1626,15.7086,-1.87169,3.29922,20.3462,-16.2002,5638.38,0.166809,-0.384517,0
140,0.185625,-0.465806,-20.1626,15.7086,0.199303,2.5784,20.3482,-16.1744,5645.8,0.245595,-0.572687,0
150,0.228224,-0.453745,-20.1626,15.7086,4.25987,1.2061,20.3908,-16.1624,5652.17,0.149893,-0.418664,0
160,0.257604,-0.423949,-20.1626,15.7086,2.93804,2.97962,20.4202,-16.1326,5659.81,0.279141,-0.422973,0
170,0.26258,-0.420094,-20.1626,15.7086,0.497639,0.385489,20.4252,-16.1287,5669,0.387293,-0.419353,0
180,0.263404,-0.416003,-20.1626,15.7086,0.0823796,0.409025,20.426,-16.1246,5677.9,0.289826,-0.407159,0
190,0.275172,-0.412112,-20.1626,15.7086,1.17682,0.389105,20.4378,-16.1208,5685.3,0.221053,-0.439023,0
200,0.285294,-0.399678,-20.1626,15.7086,1.01218,1.24342,20.4479,-16.1083,5691.64,0.235822,-0.292634,0
210,0.287071,-0.36735,-20.1626,15.7086,0.177726,3.23276,20.4497,-16.076,5697.95,0.286884,-0.390278,0
220,0.288202,-0.355325,-20.1626,15.7086,0.113098,1.20253,20.4508,-16.064,5705.32,0.296853,-0.391648,0
230,0.28825,-0.354857,-20.1626,15.7086,0.00471708,0.0467893,20.4509,-16.0635,5714.04,0.291096,-0.278778,0
240,0.288085,-0.353065,-20.1626,15.7086,-0.0164325,0.179271,20.4507,-16.0617,5721.95,0.30514,-0.367815,0
250,0.284194,-0.310963,-20.1626,15.7086,-0.389077,4.21013,20.4468,-16.0196,5726.48,0.201559,-0.513527,0
260,0.280427,-0.281387,-20.1626,15.7086,-0.376707,2.95766,20.443,-15.99,5727.97,0.277933,-0.223279,0
270,0.277304,-0.320973,-20.1626,15.7086,-0.312377,-3.95861,20.4399,-16.0296,5727.98,0.283076,-0.29611,0
280,0.276871,-0.331295,-20.1626,15.7086,-0.0432175,-1.03218,20.4395,-16.0399,5726,0.33733,-0.263123,0
290,0.279818,-0.334469,-20.1626,15.7086,0.294619,-0.317455,20.4424,-16.0431,5717.92,0.273886,-0.385053,0
300,0.320827,-0.397751,-20.1626,15.7086,4.10093,-6.32814,20.4834,-16.1064,5697.63,0.394051,-0.497816,0
310,0.371709,-0.419443,-20.1626,15.7086,5.08817,-2.16925,20.5343,-16.1281,5661.27,0.460105,-0.443484,0
320,0.411338,-0.423005,-20.1626,15.7086,3.96292,-0.356213,20.5739,-16.1316,5608.13,0.377087,-0.500328,0
330,0.449593,-0.449505,-20.1626,15.7086,3.82548,-2.64997,20.6122,-16.1581,5537.15,0.493997,-0.417513,0
340,0.467843,-0.45417,-20.1626,15.7086,1.82499,-0.466469,20.6304,-16.1628,5448.51,0.497815,-0.391621,0
350,0.484645,-0.45646,-20.1626,15.7086,1.68027,-0.229069,20.6472,-16.1651,5349.22,0.383394,-0.601086,0
360,0.495196,-0.49294,-20.1626,15.7086,1.05504,-3.64798,20.6578,-16.2016,5248.91,0.508106,-0.374386,0
370,0.501564,-0.574503,-20.1626,15.7086,0.636792,-8.1563,20.6642,-16.2831,5151.66,0.533105,-0.484832,0
380,0.510784,-0.63214,-20.1626,15.7086,0.92207,-5.76368,20.6734,-16.3408,5057.17,0.503495,-0.682639,0
390,0.518113,-0.648776,-20.1626,15.7086,0.732913,-1.66358,20.6807,-16.3574,4965.57,0.56623,-0.641663,0
400,0.517613,-0.66089,-20.1626,15.7086,-0.0499906,-1.21141,20.6802,-16.3695,4875.85,0.492924,-0.740309,0
410,0.509584,-0.660538,-20.1626,15.7086,-0.802911,0.0351682,20.6722,-16.3692,4784.14,0.546356,-0.637538,0
420,0.494855,-0.646766,-20.1626,15.7086,-1.47289,1.3772,20.6575,-16.3554,4691.66,0.479231,-0.663436,0
430,0.416423,-0.606034,-20.1626,15.7086,-7.84326,4.07319,20.579,-16.3147,4605.43,0.272295,-0.478037,0
440,0.388368,-0.585902,-20.1626,15.7086,-2.80552,2.01326,20.551,-16.2945,4526.39,0.329514,-0.570806,0
450,0.369904,-0.583934,-20.1626,15.7086,-1.84637,0.196735,20.5325,-16.2926,4449.13,0.366027,-0.580321,0
460,0.348961,-0.574034,-20.1626,15.7086,-2.09429,0.990076,20.5116,-16.2827,4370.83,0.422118,-0.745105,0
470,0.35288,-0.573605,-20.1626,15.7086,0.391873,0.0428738,20.5155,-16.2822,4291.85,0.391901,-0.604716,0
480,0.353597,-0.567167,-20.1626,15.7086,0.0716937,0.643799,20.5162,-16.2758,4212.57,0.325301,-0.213258,0
490,0.360763,-0.5256,-20.1626,15.7086,0.716593,4.15666,20.5234,-16.2342,4134.42,0.324023,-0.560331,0
500,0.362482,-0.489927,-20.1626,15.7086,0.171964,3.5673,20.5251,-16.1986,4059.81,0.399517,-0.48689,0
510,0.363443,-0.48154,-20.1626,15.7086,0.0960449,0.83872,20.526,-16.1902,3987.19,0.230479,-0.486427,0
520,0.377457,-0.480986,-20.1626,15.7086,1.40145,0.0554063,20.5401,-16.1896,3914.82,0.534792,-0.444424,0
530,0.380348,-0.46144,-20.1626,15.7086,0.289107,1.95463,20.543,-16.1701,3846.45,0.390582,-0.526508,0
540,0.380479,-0.459853,-20.1626,15.7086,0.013052,0.158683,20.5431,-16.1685,3783.93,0.443983,-0.458598,0
550,0.379643,-0.443243,-20.1626,15.7086,-0.0835723,1.66099,20.5422,-16.1519,3722.85,0.350243,-0.259501,0
560,0.343145,-0.440742,-20.1626,15.7086,-3.64983,0.250083,20.5057,-16.1494,3660.53,0.208179,-0.5408,0
570,0.298146,-0.433744,-20.1626,15.7086,-4.49987,0.699861,20.4608,-16.1424,3602.25,0.0861262,-0.483762,0
580,0.249446,-0.404805,-20.1626,15.7086,-4.87002,2.89386,20.412,-16.1134,3552.46,0.321147,-0.377361,0
590,0.178398,-0.399325,-20.1626,15.7086,-7.1048,0.547966,20.341,-16.108,3505.04,0.31893,-0.321421,0
600,0.172628,-0.369384,-20.1626,15.7086,-0.577023,2.99415,20.3352,-16.078,3454.05,0.130066,-0.369399,0
610,0.174225,-0.298626,-20.1626,15.7086,0.15975,7.07579,20.3368,-16.0073,3403.87,0.0276443,-0.191753,0
620,0.149191,-0.240129,-20.1626,15.7086,-2.50338,5.8497,20.3118,-15.9488,3358.32,0.229836,-0.013542,0
630,0.135591,-0.236036,-20.1626,15.7086,-1.36006,0.409236,20.2982,-15.9447,3313.56,0.133235,-0.249947,0
640,0.1428,-0.210542,-20.1626,15.7086,0.72087,2.5494,20.3054,-15.9192,3267.77,0.187384,-0.295618,0
650,0.142732,-0.191578,-20.1626,15.7086,-0.0067616,1.89648,20.3053,-15.9002,3226.02,0.0731003,-0.249149,0
660,0.115274,-0.187893,-20.1626,15.7086,-2.74579,0.368464,20.2779,-15.8965,3191.31,0.167351,0.167084,0
670,0.0870159,-0.147112,-20.1626,15.7086,-2.82583,4.07811,20.2496,-15.8557,3159.59,0.0428017,-0.0593012,0
680,0.0600939,-0.117581,-20.1626,15.7086,-2.6922,2.9531,20.2227,-15.8262,3126.93,0.161982,-0.140907,0
690,0.0469653,-0.094246,-20.1626,15.7086,-1.31286,2.33351,20.2096,-15.8029,3093.58,0.00677796,0.0265564,0
700,0.0391906,-0.0517839,-20.1626,15.7086,-0.777465,4.2462,20.2018,-15.7604,3059.14,0.0195015,-0.233743,0
710,0.0324982,-0.00461569,-20.1626,15.7086,-0.669245,4.71682,20.1951,-15.7133,3023.9,0.0541557,-0.0495617,0
720,0.01009,-0.00164056,-20.1626,15.7086,-2.24082,0.297513,20.1727,-15.7103,2992.99,-0.16009,0.0698072,0
730,0.00922617,-0.00160217,-20.1626,15.7086,-0.0863854,0.00383973,20.1718,-15.7102,2969.61,-0.0474593,0.0913468,0
740,0.0117222,-0.00203697,-20.1626,15.7086,0.249606,-0.0434805,20.1743,-15.7107,2949.72,-0.127443,-0.0205621,0
750,0.0126146,-0.0102999,-20.1626,15.7086,0.0892366,-0.826295,20.1752,-15.7189,2928.97,0.134203,0.244456,0
760,0.0379166,-0.031204,-20.1626,15.7086,2.5302,-2.09041,20.2005,-15.7398,2906.94,0.0316084,-0.0760298,0
770,0.0481243,-0.0395577,-20.1626,15.7086,1.02077,-0.835367,20.2107,-15.7482,2883.83,-0.00112518,-0.0415293,0
780,0.0481113,-0.0398674,-20.1626,15.7086,-0.00130286,-0.0309727,20.2107,-15.7485,2860.1,0.0537378,-0.0379049,0
790,0.0353465,-0.0371078,-20.1626,15.7086,-1.27648,0.27596,20.198,-15.7457,2837.35,0.0602091,-0.0465706,0
800,-0.0452411,0.0175128,-20.1626,15.7086,-8.05876,5.46206,20.1174,-15.6911,2815.9,-0.15366,0.0816262,0
810,-0.136682,0.0503927,-20.1626,15.7086,-9.14406,3.28799,20.0259,-15.6582,2795.06,-0.109493,0.133674,0
820,-0.149203,0.0936698,-20.1626,15.7086,-1.25209,4.3277,20.0134,-15.615,2775.17,-0.219133,0.225155,0
830,-0.16723,0.10928,-20.1626,15.7086,-1.80277,1.56104,19.9954,-15.5994,2756.88,-0.147655,0.0189749,0
840,-0.163461,0.124823,-20.1626,15.7086,0.376905,1.55425,19.9991,-15.5838,2740.37,-0.106663,0.135877,0
850,-0.162254,0.164439,-20.1626,15.7086,0.120776,3.96163,20.0004,-15.5442,2724.89,-0.23408,0.195553,0
860,-0.142434,0.183694,-20.1626,15.7086,1.98193,1.92548,20.0202,-15.5249,2709.42,-0.10459,0.311814,0
870,-0.126699,0.204313,-20.1626,15.7086,1.57355,2.0619,20.0359,-15.5043,2694.88,-0.0718458,0.246094,0
880,-0.125506,0.204848,-20.1626,15.7086,0.119251,0.0534893,20.0371,-15.5038,2682.82,-0.177859,0.17722,0
890,-0.113024,0.196222,-20.1626,15.7086,1.24826,-0.862617,20.0496,-15.5124,2672.3,-0.0226415,0.455852,0
900,-0.107119,0.174351,-20.1626,15.7086,0.59044,-2.18705,20.0555,-15.5343,2661.23,-0.246114,0.180723,0
910,-0.10883,0.156515,-20.1626,15.7086,-0.171084,-1.78364,20.0538,-15.5521,2649.15,-0.141549,0.0661895,0
920,-0.137755,0.157158,-20.1626,15.7086,-2.89249,0.0643023,20.0248,-15.5515,2636.38,-0.102525,0.0402467,0
930,-0.164893,0.159407,-20.1626,15.7086,-2.71378,0.224907,19.9977,-15.5492,2623.51,-0.204914,0.141639,0
940,-0.200111,0.188057,-20.1626,15.7086,-3.52182,2.86506,19.9625,-15.5206,2612.5,-0.289909,0.382453,0
950,-0.23283,0.268778,-20.1626,15.7086,-3.2719,8.07202,19.9298,-15.4399,2604.38,-0.256975,0.214732,0
960,-0.239051,0.27267,-20.1626,15.7086,-0.6221,0.389272,19.9236,-15.436,2596.82,-0.245904,0.249629,0
970,-0.242976,0.275407,-20.1626,15.7086,-0.392505,0.273697,19.9196,-15.4332,2587.13,-0.174401,0.374525,0
980,-0.251533,0.241722,-20.1626,15.7086,-0.855734,-3.36852,19.9111,-15.4669,2575.91,-0.246088,0.0633948,0
990,-0.270832,0.241044,-20.1626,15.7086,-1.92985,-0.0677872,19.8918,-15.4676,2564.99,-0.295309,0.214113,0
1000,-0.303227,0.241739,-20.1626,15.7086,-3.2395,0.069495,19.8594,-15.4669,2554.21,-0.334722,0.273612,0
1010,-0.304616,0.241768,-20.1626,15.7086,-0.138948,0.00290646,19.858,-15.4669,2543.35,-0.363995,0.27166,0
1020,-0.303385,0.241713,-20.1626,15.7086,0.123163,-0.00549382,19.8592,-15.4669,2534.43,-0.359769,0.189054,0
1030,-0.276008,0.240065,-20.1626,15.7086,2.73771,-0.164842,19.8866,-15.4686,2528.59,-0.232046,0.26438,0
1040,-0.289821,0.229828,-20.1626,15.7086,-1.3813,-1.02364,19.8728,-15.4788,2523.94,-0.185808,0.215291,0
1050,-0.29255,0.202991,-20.1626,15.7086,-0.272963,-2.68372,19.8701,-15.5056,2517.9,-0.20529,0.260862,0
1060,-0.297877,0.175471,-20.1626,15.7086,-0.532714,-2.752,19.8647,-15.5332,2509.75,-0.533203,0.0348323,0
1070,-0.394954,0.176783,-20.1626,15.7086,-9.70765,0.131121,19.7677,-15.5319,2501.35,-0.363136,-0.0956815,0
1080,-0.482468,0.138324,-20.1626,15.7086,-8.75137,-3.84589,19.6801,-15.5703,2495.4,-0.249926,0.230251,0
1090,-0.509875,0.135039,-20.1626,15.7086,-2.74078,-0.328455,19.6527,-15.5736,2492.51,-0.534579,0.292805,0
1100,-0.495069,0.136342,-20.1626,15.7086,1.48067,0.130277,19.6675,-15.5723,2491.06,-0.752836,0.114572,0
1110,-0.4951,0.119188,-20.1626,15.7086,-0.00310731,-1.71537,19.6675,-15.5894,2488.98,-0.450695,0.0557923,0
1120,-0.495025,0.0822891,-20.1626,15.7086,0.00747838,-3.6899,19.6676,-15.6263,2484.46,-0.371579,0.328811,0
1130,-0.458089,0.0585397,-20.1626,15.7086,3.69356,-2.37494,19.7045,-15.6501,2476.92,-0.544714,0.0646748,0
1140,-0.438806,0.0575281,-20.1626,15.7086,1.92839,-0.10116,19.7238,-15.6511,2468.48,-0.369661,0.0526241,0
1150,-0.416321,0.0737422,-20.1626,15.7086,2.2485,1.62141,19.7463,-15.6349,2461.83,-0.35897,0.0358528,0
1160,-0.415454,0.0744178,-20.1626,15.7086,0.0866599,0.0675573,19.7472,-15.6342,2457.22,-0.451831,0.276055,0
1170,-0.418093,0.0732444,-20.1626,15.7086,-0.263914,-0.117339,19.7445,-15.6354,2453.38,-0.224941,0.121113,0
1180,-0.432706,0.0657301,-20.1626,15.7086,-1.46128,-0.75143,19.7299,-15.6429,2448.98,-0.373103,0.250647,0
1190,-0.447323,0.0489192,-20.1626,15.7086,-1.46167,-1.68109,19.7153,-15.6597,2443,-0.545134,-0.032117,0
1200,-0.451104,-0.0104881,-20.1626,15.7086,-0.378187,-5.94073,19.7115,-15.7191,2435.81,-0.508694,0.0537441,0
1210,-0.467199,-0.0123542,-20.1626,15.7086,-1.60945,-0.186615,19.6954,-15.721,2428.96,-0.454034,-0.0343559,0
1220,-0.473187,-0.0104592,-20.1626,15.7086,-0.598802,0.1895,19.6894,-15.7191,2423.3,-0.559659,-0.0305314,0
1230,-0.4948,0.0313564,-20.1626,15.7086,-2.16129,4.18156,19.6678,-15.6773,2418.56,-0.557859,0.131367,0
1240,-0.518289,0.12459,-20.1626,15.7086,-2.34895,9.32336,19.6443,-15.584,2414.17,-0.449929,0.288543,0
1250,-0.566443,0.204839,-20.1626,15.7086,-4.81538,8.02491,19.5962,-15.5038,2409.43,-0.603694,0.297776,0
1260,-0.610564,0.210178,-20.1626,15.7086,-4.41204,0.533894,19.552,-15.4985,2403.55,-0.618098,0.205773,0
1270,-0.665691,0.21451,-20.1626,15.7086,-5.51271,0.433156,19.4969,-15.4941,2396.72,-0.737031,0.261889,0
1280,-0.708658,0.211391,-20.1626,15.7086,-4.2967,-0.311849,19.4539,-15.4972,2390.54,-0.796933,0.171963,0
1290,-0.711315,0.190719,-20.1626,15.7086,-0.26575,-2.06725,19.4513,-15.5179,2385.72,-0.570027,0.295795,0
1300,-0.706382,0.171053,-20.1626,15.7086,0.493328,-1.96656,19.4562,-15.5376,2381.09,-0.702908,0.16305,0
1310,-0.570095,0.162583,-20.1626,15.7086,13.6287,-0.847049,19.5925,-15.5461,2375.8,-0.347538,0.154985,0
1320,-0.440942,0.156039,-20.1626,15.7086,12.9153,-0.654398,19.7217,-15.5526,2370.04,-0.4332,0.113661,0
1330,-0.435963,0.145321,-20.1626,15.7086,0.497903,-1.07175,19.7266,-15.5633,2363.77,-0.440647,0.0669785,0
1340,-0.436745,0.144896,-20.1626,15.7086,-0.0781952,-0.0425604,19.7259,-15.5637,2357.05,-0.41233,0.15416,0
1350,-0.454549,0.146136,-20.1626,15.7086,-1.78045,0.124041,19.7081,-15.5625,2350.34,-0.616519,0.0921164,0
1360,-0.466303,0.15672,-20.1626,15.7086,-1.17531,1.05841,19.6963,-15.5519,2343.48,-0.499579,0.332677,0
1370,-0.488612,0.158145,-20.1626,15.7086,-2.23091,0.142462,19.674,-15.5505,2336.26,-0.57492,0.0837237,0
1380,-0.492809,0.157905,-20.1626,15.7086,-0.419689,-0.0239408,19.6698,-15.5507,2329.57,-0.461184,0.120503,0
1390,-0.509612,0.158395,-20.1626,15.7086,-1.68036,0.0489389,19.653,-15.5502,2324.59,-0.522398,0.343014,0
1400,-0.521264,0.15254,-20.1626,15.7086,-1.16516,-0.585441,19.6413,-15.5561,2320.96,-0.456862,0.21156,0
1410,-0.525607,0.134244,-20.1626,15.7086,-0.434353,-1.82968,19.637,-15.5744,2316.92,-0.491892,0.235015,0
1420,-0.596582,0.115331,-20.1626,15.7086,-7.09743,-1.89129,19.566,-15.5933,2311.84,-0.663875,0.212494,0
1430,-0.592193,0.10155,-20.1626,15.7086,0.438888,-1.37805,19.5704,-15.6071,2306.71,-0.663875,0.212494,2
1440,-0.484833,-0.320432,-20.1626,15.7086,10.736,-42.1983,19.6778,-16.0291,2301.11,-0.663875,0.212494,2
1450,2.28696,-10.3617,-20.1626,15.7086,277.179,-1004.13,22.4496,-26.0703,2292.87,11.7454,-34.7861,0
1460,8.26179,-27.2991,-20.1626,15.7086,597.483,-1693.74,28.4244,-43.0077,2281.84,11.7454,-34.7861,2
1470,11.614,-34.4586,-20.1626,15.7086,335.226,-715.956,31.7766,-50.1673,2269.76,11.7454,-34.7861,2
1480,12.0135,-34.7476,-20.1626,15.7086,39.9436,-28.9018,32.1761,-50.4563,2257.96,12.2834,-34.7403,0
1490,12.2754,-34.7795,-20.1626,15.7086,26.1883,-3.18218,32.438,-50.4881,2248.65,12.2834,-34.7403,2
1500,12.3111,-34.7965,-26.5651,15.7086,3.56909,-1.70398,-38.8761,-50.5051,2243.67,12.2834,-34.7403,2
1510,12.8702,-34.8226,-26.5651,15.7086,55.9145,-2.61149,-39.4352,-50.5312,2241.87,13.578,-36.4593,0
1520,13.4262,-34.8407,-26.5651,15.7086,55.5962,-1.81165,-39.9912,-50.5494,2241.17,13.578,-36.4593,2
1530,13.4496,-34.8421,-26.5651,15.7086,2.33908,-0.141588,-40.0146,-50.5508,2240.73,13.578,-36.4593,2
1540,13.4514,-34.8677,-26.5651,15.7086,0.187056,-2.5606,-40.0165,-50.5764,2240.11,13.578,-36.4593,2
1550,13.4694,-35.1104,-26.5651,15.7086,1.79646,-24.2685,-40.0344,-50.8191,2238.46,13.578,-36.4593,2
1560,13.4761,-35.336,-26.5651,15.7086,0.668168,-22.5616,-40.0411,-51.0447,2234.92,15.4001,-34.9349,0
1570,13.232,-35.329,-26.5651,15.7086,-24.4033,0.701287,-39.7971,-51.0377,2229.2,12.7293,-35.3216,0
1580,13.0665,-35.1159,-26.5651,15.7086,-16.5497,21.3137,-39.6316,-50.8245,2221.68,12.7293,-35.3216,2
1590,12.8192,-34.8746,-26.5651,15.7086,-24.7385,24.1296,-39.3842,-50.5832,2213.88,13.1416,-34.4639,0
1600,12.6723,-34.6544,-26.5651,15.7086,-14.6855,22.0167,-39.2373,-50.3631,2207.41,13.1416,-34.4639,2
1610,12.3574,-34.1155,-26.5651,15.7086,-31.4884,53.8949,-38.9225,-49.8241,2202.44,12.0492,-33.7614,0
1620,12.0616,-33.7754,-26.5651,15.7086,-29.5785,34.0088,-38.6267,-49.484,2198.33,12.0492,-33.7614,2
1630,12.0492,-33.7614,-26.5651,15.7086,-1.24304,1.39988,-38.6142,-49.47,2194.69,12.0492,-33.7614,2
1640,12.0552,-33.7791,-26.5651,15.7086,0.601862,-1.77022,-38.6203,-49.4877,2191.85,12.0492,-33.7614,2
1650,12.1986,-34.1974,-26.5651,15.7086,14.3395,-41.828,-38.7637,-49.906,2189.9,12.452,-34.6319,0
1660,12.3427,-34.6112,-26.5651,15.7086,14.4098,-41.3787,-38.9078,-50.3198,2187.7,12.452,-34.6319,2
1670,12.3488,-34.6285,-26.5651,15.7086,0.608064,-1.73187,-38.9138,-50.3371,2184.47,12.3522,-34.6751,0
1680,12.34,-34.6155,-26.5651,15.7086,-0.88047,1.29661,-38.905,-50.3242,2181.3,12.3522,-34.6751,2
1690,12.1308,-34.3061,-26.5651,15.7086,-20.9182,30.9411,-38.6959,-50.0147,2179.52,11.9129,-33.981,0
1700,11.9217,-33.9942,-26.5651,15.7086,-20.9123,31.1922,-38.4867,-49.7028,2178.98,11.9129,-33.981,2
1710,11.9129,-33.981,-26.5651,15.7086,-0.880083,1.31844,-38.4779,-49.6896,2178.89,11.9129,-33.981,2
1720,11.9129,-33.981,-26.5651,15.7086,-7.46403e-05,0.000111837,-38.4779,-49.6896,2178.55,11.9129,-33.981,2
1730,11.9129,-33.981,-26.5651,15.7086,0,0,-38.4779,-49.6896,2176.3,11.9129,-33.981,2
1740,11.8942,-33.9889,-26.5651,15.7086,-1.8687,-0.78734,-38.4592,-49.6975,2168.96,11.9129,-33.981,2
1750,11.4496,-34.1753,-26.5651,15.7086,-44.4563,-18.6412,-38.0147,-49.8839,2155.86,10.9852,-34.3682,0
1760,11.004,-34.3604,-26.5651,15.7086,-44.5609,-18.5153,-37.5691,-50.0691,2142.77,10.9852,-34.3682,2
1770,10.9852,-34.3682,-26.5651,15.7086,-1.87784,-0.776581,-37.5503,-50.0768,2135.43,10.9852,-34.3682,2
1780,10.9852,-34.3682,-26.5651,15.7086,-0.000159269,-6.58532e-05,-37.5503,-50.0768,2133.18,10.9852,-34.3682,2
1790,10.9852,-34.3682,-26.5651,15.7086,0,0,-37.5503,-50.0768,2132.81,10.9852,-34.3682,2
1800,10.9852,-34.3682,-26.5651,15.7086,0,0,-37.5503,-50.0768,2132.78,10.9852,-34.3682,2
1810,10.9852,-34.3682,-26.5651,15.7086,0,0,-37.5503,-50.0768,2132.78,10.9852,-34.3682,2
1820,10.9852,-34.3682,-26.5651,15.7086,0,0,-37.5503,-50.0768,2132.78,10.9852,-34.3682,2
1830,10.9852,-34.3682,-26.5651,15.7086,0,0,-37.5503,-50.0768,2132.78,10.9852,-34.3682,2
1840,10.9852,-34.3682,-26.5651,15.7086,0,0,-37.5503,-50.0768,2132.78,10.9852,-34.3682,2
1850,10.9852,-34.3682,-26.5651,15.7086,0,0,-37.5503,-50.0768,2132.78,10.9852,-34.3682,2
1860,10.9852,-34.3682,-26.5651,15.7086,0,0,-37.5503,-50.0768,2132.78,10.9852,-34.3682,2
1870,10.9852,-34.3682,-26.5651,15.7086,0,0,-37.5503,-50.0768,2132.78,10.9852,-34.3682,2
1880,10.9852,-34.3682,-26.5651,15.7086,0,0,-37.5503,-50.0768,2132.78,10.9852,-34.3682,2
1890,10.9852,-34.3682,-26.5651,15.7086,0,0,-37.5503,-50.0768,2132.9,10.9852,-34.3682,2
1900,10.9852,-34.3682,-26.5651,15.7086,0,0,-37.5503,-50.0768,2133.67,10.9852,-34.3682,2
1910,11.0713,-34.3755,-26.5651,15.7086,8.60257,-0.726224,-37.6363,-50.0841,2136.2,10.9852,-34.3682,2
1920,13.0173,-34.5384,-26.5651,15.7086,194.606,-16.2902,-39.5824,-50.247,2140.8,15.1738,-34.7168,0
1930,13.1809,-34.5479,-26.5651,15.7086,16.3597,-0.957323,-39.746,-50.2566,2145.84,15.1738,-34.7168,2
1940,13.1844,-34.5481,-26.5651,15.7086,0.347451,-0.0105583,-39.7494,-50.2567,2150.11,15.1738,-34.7168,2
1950,13.1337,-34.542,-26.5651,15.7086,-5.06531,0.608899,-39.6988,-50.2506,2154.01,11.1599,-34.3738,0
1960,11.9752,-34.4055,-26.5651,15.7086,-115.857,13.6458,-38.5402,-50.1141,2157.43,11.1599,-34.3738,2
1970,11.9239,-34.3985,-26.5651,15.7086,-5.12249,0.696246,-38.489,-50.1072,2159.85,11.1599,-34.3738,2
1980,11.9838,-34.3777,-26.5651,15.7086,5.98736,2.08397,-38.5489,-50.0863,2161.84,14.1821,-34.3807,0
1990,13.4034,-34.38,-26.5651,15.7086,141.956,-0.226544,-39.9684,-50.0886,2163.78,14.1821,-34.3807,2
2000,14.152,-34.3807,-26.5651,15.7086,74.8631,-0.0705849,-40.7171,-50.0893,2165.24,14.1821,-34.3807,2
2010,14.1821,-34.3807,-26.5651,15.7086,3.01349,-0.0014038,-40.7472,-50.0893,2165.92,14.1821,-34.3807,2
2020,14.1821,-34.3807,-26.5651,15.7086,0.00025552,-1.1428e-07,-40.7472,-50.0893,2166.1,14.1821,-34.3807,2
2030,14.1821,-34.3807,-26.5651,15.7086,0,0,-40.7472,-50.0893,2166.4,14.1821,-34.3807,2
2040,14.1821,-34.3807,-26.5651,15.7086,0,0,-40.7472,-50.0893,2168.48,14.1821,-34.3807,2
2050,14.1429,-34.3795,-26.5651,15.7086,-3.92738,0.122228,-40.7079,-50.0881,2176.18,14.1821,-34.3807,2
2060,13.2056,-34.3499,-26.5651,15.7086,-93.7265,2.95954,-39.7707,-50.0585,2192.57,12.2405,-34.5914,0
2070,12.2607,-34.3192,-26.5651,15.7086,-94.4903,3.06603,-38.8258,-50.0278,2213.59,12.2405,-34.5914,2
2080,12.2208,-34.3179,-26.5651,15.7086,-3.99334,0.131392,-38.7858,-50.0265,2229.99,12.2405,-34.5914,2
2090,12.2208,-34.3179,-26.5651,15.7086,-0.000338734,1.11515e-05,-38.7858,-50.0265,2237.68,12.2405,-34.5914,2
2100,12.2208,-34.3179,-26.5651,15.7086,0,0,-38.7858,-50.0265,2240.23,12.2405,-34.5914,2
2110,12.2208,-34.3179,-26.5651,15.7086,0,0,-38.7858,-50.0265,2244.13,12.2405,-34.5914,2
2120,11.9571,-34.1838,-26.5651,15.7086,-26.3677,13.411,-38.5221,-49.8924,2257.98,12.2405,-34.5914,2
2130,5.53675,-30.4256,-26.5651,15.7086,-642.034,375.817,-32.1018,-46.1343,2289.1,-1.46868,-1.03143,0
2140,-1.21638,-14.8602,-26.5651,15.7086,-675.313,1556.54,-25.3487,-30.5688,2332.55,-1.30391,0.47769,0
2150,-1.19279,-0.854324,-26.5651,15.7086,2.35973,1400.58,-25.3723,-16.563,2372.58,-1.13252,0.24917,0
2160,-1.18556,0.061316,-26.5651,15.7086,0.723059,91.564,-25.3795,-15.6473,2401.2,-1.12004,0.18809,0
2170,-1.14778,0.250979,-26.5651,15.7086,3.77793,18.9663,-25.4173,-15.4577,2422.99,-1.1412,0.496303,0
2180,-1.13611,0.284691,-26.5651,15.7086,1.16698,3.37124,-25.4289,-15.4239,2443.53,-1.20403,0.370218,0
2190,-1.13266,0.296936,-26.5651,15.7086,0.345104,1.22448,-25.4324,-15.4117,2465.04,-1.06187,0.248264,0
2200,-1.1218,0.302433,-26.5651,15.7086,1.0853,0.549639,-25.4432,-15.4062,2487.44,-1.09973,0.35613,0
2210,-1.11545,0.303305,-26.5651,15.7086,0.635725,0.0872319,-25.4496,-15.4053,2510.1,-1.12568,0.475107,0
2220,-1.11423,0.325838,-26.5651,15.7086,0.121057,2.25336,-25.4508,-15.3828,2534,-1.11707,0.463073,0
2230,-1.11268,0.363597,-26.5651,15.7086,0.15531,3.77586,-25.4524,-15.345,2559.31,-1.02952,0.494466,0
2240,-1.11426,0.365291,-26.5651,15.7086,-0.157955,0.169401,-25.4508,-15.3433,2583.61,-1.11785,0.348114,0
2250,-1.12914,0.364848,-26.5651,15.7086,-1.48772,-0.0442627,-25.4359,-15.3438,2605.63,-1.15671,0.5175,0
2260,-1.15561,0.339496,-26.5651,15.7086,-2.64682,-2.53529,-25.4094,-15.3691,2627.39,-1.30897,0.314993,0
2270,-1.16178,0.314054,-26.5651,15.7086,-0.617581,-2.54416,-25.4033,-15.3946,2650.53,-1.19595,0.302349,0
2280,-1.17192,0.266261,-26.5651,15.7086,-1.01419,-4.77929,-25.3931,-15.4424,2673.87,-1.07867,0.16339,0
2290,-1.17552,0.181546,-26.5651,15.7086,-0.360021,-8.47148,-25.3895,-15.5271,2696.03,-1.15985,0.0866022,0
2300,-1.17135,0.105948,-26.5651,15.7086,0.417283,-7.55984,-25.3937,-15.6027,2717.37,-1.17732,0.0832167,0
2310,-1.16608,0.0504715,-26.5651,15.7086,0.526995,-5.54764,-25.399,-15.6582,2740.07,-1.17914,-0.0265091,0
2320,-1.1628,0.0385295,-26.5651,15.7086,0.328462,-1.1942,-25.4023,-15.6701,2765.66,-1.07557,0.0520232,0
2330,-1.1598,0.0379733,-26.5651,15.7086,0.300157,-0.0556268,-25.4053,-15.6707,2792.15,-1.155,-0.0601866,0
2340,-1.15378,0.0387727,-26.5651,15.7086,0.601611,0.0799417,-25.4113,-15.6699,2816.83,-1.13464,0.177124,0
2350,-1.15245,0.0646132,-26.5651,15.7086,0.133304,2.58405,-25.4126,-15.644,2839.92,-1.16292,0.0676645,0
2360,-1.15099,0.0995537,-26.5651,15.7086,0.145649,3.49405,-25.4141,-15.6091,2863.34,-1.15752,0.131635,0
2370,-1.14923,0.141635,-26.5651,15.7086,0.175811,4.20813,-25.4158,-15.567,2888.77,-1.04052,0.170488,0
2380,-1.14755,0.167686,-26.5651,15.7086,0.168449,2.60507,-25.4175,-15.541,2915.99,-1.17695,0.298685,0
2390,-1.13339,0.168108,-26.5651,15.7086,1.41622,0.0421974,-25.4317,-15.5405,2942.4,-1.05466,0.192079,0
2400,-1.11731,0.1659,-26.5651,15.7086,1.60794,-0.220792,-25.4477,-15.5427,2967.44,-1.12121,0.170924,0
2410,-1.08664,0.127795,-26.5651,15.7086,3.06702,-3.81045,-25.4784,-15.5808,2994.05,-0.979859,0.072774,0
2420,-1.05495,0.0505751,-26.5651,15.7086,3.1687,-7.72201,-25.5101,-15.6581,3021.93,-1.11462,0.0231027,0
2430,-1.04481,0.0256072,-26.5651,15.7086,1.01418,-2.49679,-25.5202,-15.683,3046.42,-1.1278,-0.00886266,0
2440,-1.01538,0.0233253,-26.5651,15.7086,2.94259,-0.228198,-25.5497,-15.6853,3066.56,-0.922272,-0.0443284,0
2450,-1.04448,0.0245725,-26.5651,15.7086,-2.91005,0.124718,-25.5206,-15.6841,3086.73,-0.96896,0.104388,0
2460,-1.04649,0.0227397,-26.5651,15.7086,-0.200982,-0.183278,-25.5186,-15.6859,3110.04,-0.967745,0.0680324,0
2470,-1.06079,0.02331,-26.5651,15.7086,-1.42991,0.0570362,-25.5043,-15.6853,3135.51,-1.0977,0.155419,0
2480,-1.08022,0.0236884,-26.5651,15.7086,-1.94308,0.0378337,-25.4848,-15.6849,3160.45,-1.08931,0.0177537,0
2490,-1.09322,0.0126291,-26.5651,15.7086,-1.30012,-1.10593,-25.4718,-15.696,3182.49,-1.0789,-0.00598876,0
2500,-1.09324,0.012118,-26.5651,15.7086,-0.0021313,-0.051112,-25.4718,-15.6965,3201.64,-1.14338,-0.0988693,0
2510,-1.08135,0.0123712,-26.5651,15.7086,1.18933,0.0253252,-25.4837,-15.6963,3220.33,-1.16627,-0.00197681,0
2520,-1.07322,0.0299422,-26.5651,15.7086,0.812615,1.7571,-25.4918,-15.6787,3240.29,-1.00995,0.116499,0
2530,-0.989446,0.0215598,-26.5651,15.7086,8.37784,-0.838239,-25.5756,-15.6871,3261.54,-0.870701,0.260965,0
2540,-0.901551,0.016909,-26.5651,15.7086,8.78948,-0.46508,-25.6635,-15.6917,3283.99,-0.899876,0.0989114,0
2550,-0.898344,0.00470929,-26.5651,15.7086,0.320671,-1.21997,-25.6667,-15.7039,3308.55,-0.826238,-0.0375366,0
2560,-0.901615,-0.0623789,-26.5651,15.7086,-0.327114,-6.70882,-25.6634,-15.771,3334.98,-0.896934,-0.0929437,0
2570,-0.915055,-0.107462,-26.5651,15.7086,-1.34392,-4.50831,-25.65,-15.8161,3358.61,-0.923192,-0.154553,0
2580,-0.933106,-0.142444,-26.5651,15.7086,-1.80517,-3.49816,-25.6319,-15.8511,3375.99,-0.964932,-0.171718,0
2590,-0.953352,-0.159764,-26.5651,15.7086,-2.02462,-1.73201,-25.6117,-15.8684,3390.71,-1.07889,-0.18231,0
2600,-0.95421,-0.160462,-26.5651,15.7086,-0.0857465,-0.069836,-25.6108,-15.8691,3408.18,-1.04405,-0.155533,0
2610,-0.953011,-0.1604,-26.5651,15.7086,0.119936,0.00625142,-25.612,-15.869,3429,-0.875152,-0.0734647,0
2620,-0.924044,-0.159051,-26.5651,15.7086,2.8967,0.134856,-25.641,-15.8677,3449.29,-0.884666,-0.160034,0
2630,-0.884461,-0.160741,-26.5651,15.7086,3.95825,-0.168994,-25.6806,-15.8694,3466.54,-0.955498,-0.10888,0
2640,-0.87238,-0.161142,-26.5651,15.7086,1.20807,-0.0400837,-25.6927,-15.8698,3481.84,-0.7975,-0.157958,0
2650,-0.853195,-0.158051,-26.5651,15.7086,1.91856,0.309121,-25.7119,-15.8667,3497.33,-0.84787,-0.284984,0
2660,-0.835185,-0.142833,-26.5651,15.7086,1.80101,1.52172,-25.7299,-15.8515,3515.07,-0.815902,-0.217133,0
2670,-0.825446,-0.0618346,-26.5651,15.7086,0.973822,8.09987,-25.7396,-15.7705,3536.67,-0.943776,0.0850886,0
2680,-0.823577,-0.0229312,-26.5651,15.7086,0.186925,3.89034,-25.7415,-15.7316,3561.09,-0.709449,0.0944545,0
2690,-0.823558,-0.0213719,-26.5651,15.7086,0.00190162,0.155934,-25.7415,-15.73,3583.38,-0.768031,-0.00853807,0
2700,-0.824773,-0.0251505,-26.5651,15.7086,-0.121463,-0.377861,-25.7403,-15.7338,3600.01,-0.888918,-0.21892,0
2710,-0.829615,-0.112185,-26.5651,15.7086,-0.484221,-8.70343,-25.7354,-15.8208,3613.85,-0.999392,-0.14502,0
2720,-0.853116,-0.115446,-26.5651,15.7086,-2.35009,-0.326093,-25.7119,-15.8241,3630.95,-0.869912,-0.156055,0
2730,-0.885295,-0.125312,-26.5651,15.7086,-3.21794,-0.986654,-25.6798,-15.834,3653.79,-0.836611,-0.299452,0
2740,-0.886311,-0.125816,-26.5651,15.7086,-0.101527,-0.0503302,-25.6787,-15.8345,3678.31,-0.985282,-0.0684361,0
2750,-0.877853,-0.127377,-26.5651,15.7086,0.845749,-0.15619,-25.6872,-15.836,3699.88,-0.896614,-0.129248,0
2760,-0.869623,-0.129604,-26.5651,15.7086,0.822975,-0.222615,-25.6954,-15.8382,3718.22,-0.852634,0.00740674,0
2770,-0.871106,-0.173903,-26.5651,15.7086,-0.148211,-4.42997,-25.6939,-15.8825,3734.13,-0.928939,-0.283141,0
2780,-0.873967,-0.253396,-26.5651,15.7086,-0.286106,-7.94924,-25.6911,-15.962,3748.8,-0.865738,-0.242771,0
2790,-0.863446,-0.257295,-26.5651,15.7086,1.05204,-0.389952,-25.7016,-15.9659,3763.8,-0.806817,-0.384527,0
2800,-0.833079,-0.257244,-26.5651,15.7086,3.03667,0.0051534,-25.732,-15.9659,3778.5,-0.911968,-0.269498,0
2810,-0.796902,-0.22402,-26.5651,15.7086,3.61775,3.32233,-25.7681,-15.9327,3792.53,-0.775654,-0.0491427,0
2820,-0.783115,-0.174033,-26.5651,15.7086,1.3787,4.99878,-25.7819,-15.8827,3808.84,-0.707702,-0.136448,0
2830,-0.782575,-0.171896,-26.5651,15.7086,0.0539648,0.21364,-25.7825,-15.8805,3829.45,-0.715253,-0.142619,0
2840,-0.784776,-0.1729,-26.5651,15.7086,-0.220046,-0.100362,-25.7803,-15.8815,3851.02,-0.83259,-0.113557,0
2850,-0.839346,-0.19932,-26.5651,15.7086,-5.45699,-2.64201,-25.7257,-15.908,3869.11,-0.965758,-0.369818,0
2860,-0.944765,-0.282781,-26.5651,15.7086,-10.5419,-8.34614,-25.6203,-15.9914,3884.69,-1.07393,-0.440642,0
2870,-0.973822,-0.310775,-26.5651,15.7086,-2.9057,-2.79941,-25.5912,-16.0194,3902.68,-1.04015,-0.327341,0
2880,-0.975076,-0.31184,-26.5651,15.7086,-0.125442,-0.106514,-25.59,-16.0205,3925.06,-0.857232,-0.268743,0
2890,-0.978567,-0.311681,-26.5651,15.7086,-0.349102,0.0159912,-25.5865,-16.0203,3948.46,-0.953152,-0.306683,0
2900,-0.967763,-0.312176,-26.5651,15.7086,1.08043,-0.0495145,-25.5973,-16.0208,3969.08,-0.881406,-0.269034,0
2910,-0.966936,-0.313214,-26.5651,15.7086,0.0827448,-0.103813,-25.5981,-16.0219,3987.56,-0.97138,-0.239802,0
2920,-0.958416,-0.337646,-26.5651,15.7086,0.851926,-2.4432,-25.6066,-16.0463,4007.53,-0.973019,-0.36902,0
2930,-0.942944,-0.368424,-26.5651,15.7086,1.54724,-3.07778,-25.6221,-16.0771,4030,-1.01027,-0.365916,0
2940,-0.941407,-0.370227,-26.5651,15.7086,0.153739,-0.180313,-25.6236,-16.0789,4052.01,-0.874337,-0.441896,0
2950,-0.921568,-0.38207,-26.5651,15.7086,1.98392,-1.18429,-25.6435,-16.0907,4071.19,-0.944821,-0.426579,0
2960,-0.921194,-0.396182,-26.5651,15.7086,0.0373172,-1.41122,-25.6439,-16.1048,4088.48,-0.897379,-0.358533,0
2970,-0.920746,-0.414705,-26.5651,15.7086,0.0447935,-1.85231,-25.6443,-16.1233,4106.63,-1.01504,-0.226173,0
2980,-0.923622,-0.45726,-26.5651,15.7086,-0.287535,-4.25547,-25.6414,-16.1659,4126.94,-0.895761,-0.498106,0
2990,-0.923464,-0.482999,-20.1626,15.7086,0.015815,-2.57395,19.2391,-16.1916,4146.62,-0.922265,-0.488523,0
3000,-0.923479,-0.48405,-20.1626,15.7086,-0.00149704,-0.105103,19.2391,-16.1927,4162.46,-1.06478,-0.41735,0
3010,-0.924106,-0.484022,-20.1626,15.7086,-0.0627291,0.00286591,19.2385,-16.1927,4176.98,-0.816026,-0.52128,0
3020,-0.925023,-0.483149,-20.1626,15.7086,-0.0917267,0.0872964,19.2376,-16.1918,4196.32,-1.10944,-0.462253,0
3030,-0.945273,-0.463308,-20.1626,15.7086,-2.02494,1.98403,19.2173,-16.1719,4222.88,-0.975919,-0.373072,0
3040,-0.947405,-0.463018,-20.1626,15.7086,-0.213283,0.0290277,19.2152,-16.1717,4251.39,-0.873142,-0.513554,0
3050,-0.975411,-0.477893,-20.1626,15.7086,-2.80053,-1.48752,19.1872,-16.1865,4273.33,-0.950763,-0.37097,0
3060,-0.97012,-0.516336,-20.1626,15.7086,0.529097,-3.84433,19.1925,-16.225,4286.14,-1.02007,-0.540286,0
3070,-0.97028,-0.529069,-20.1626,15.7086,-0.0159863,-1.27325,19.1923,-16.2377,4294.39,-1.07063,-0.630457,0
3080,-0.96989,-0.529575,-20.1626,15.7086,0.0389166,-0.0506181,19.1927,-16.2382,4302.81,-0.92324,-0.557749,0
3090,-0.960561,-0.529393,-20.1626,15.7086,0.932902,0.0181883,19.202,-16.238,4314.05,-0.88489,-0.466057,0
3100,-0.958398,-0.515604,-20.1626,15.7086,0.216298,1.37894,19.2042,-16.2242,4330.23,-0.900513,-0.514161,0
3110,-0.929942,-0.516299,-20.1626,15.7086,2.8456,-0.0695118,19.2327,-16.2249,4351.49,-0.947159,-0.472968,0
3120,-0.901426,-0.518122,-20.1626,15.7086,2.85168,-0.182328,19.2612,-16.2268,4374.93,-1.00862,-0.493858,0
3130,-0.925624,-0.530127,-20.1626,15.7086,-2.41982,-1.20045,19.237,-16.2388,4396.69,-0.891734,-0.783682,0
3140,-0.928256,-0.561588,-20.1626,15.7086,-0.263213,-3.14618,19.2343,-16.2702,4414.62,-0.866773,-0.626811,0
3150,-0.914837,-0.565939,-20.1626,15.7086,1.34192,-0.435018,19.2478,-16.2746,4429.26,-0.945191,-0.616242,0
3160,-0.900736,-0.578047,-20.1626,15.7086,1.41012,-1.21084,19.2619,-16.2867,4443.41,-0.960565,-0.511407,0
3170,-0.915772,-0.603339,-20.1626,15.7086,-1.50369,-2.52923,19.2468,-16.312,4460.15,-0.881843,-0.447132,0
3180,-0.916239,-0.604876,-20.1626,15.7086,-0.0466711,-0.153685,19.2464,-16.3135,4479.92,-0.839433,-0.717768,0
3190,-0.910663,-0.617094,-20.1626,15.7086,0.557593,-1.22177,19.2519,-16.3257,4499.88,-0.991557,-0.658732,0
3200,-0.897352,-0.665895,-20.1626,15.7086,1.33113,-4.88006,19.2653,-16.3745,4516.42,-0.866999,-0.769018,0
3210,-0.878025,-0.706132,-20.1626,15.7086,1.93264,-4.02379,19.2846,-16.4148,4527.94,-0.670983,-0.653881,0
3220,-0.877201,-0.72348,-20.1626,15.7086,0.0824711,-1.73471,19.2854,-16.4321,4535.6,-0.960645,-0.901311,0
3230,-0.862557,-0.724841,-20.1626,15.7086,1.46435,-0.136134,19.3,-16.4335,4541.47,-0.916656,-0.745827,0
3240,-0.850831,-0.726772,-20.1626,15.7086,1.1726,-0.193113,19.3118,-16.4354,4546.01,-0.768768,-0.705663,0
3250,-0.832776,-0.759318,-20.1626,15.7086,1.80556,-3.25457,19.3298,-16.468,4548.52,-0.799223,-0.624324,0
3260,-0.820413,-0.762723,-20.1626,15.7086,1.2363,-0.340501,19.3422,-16.4714,4549.17,-0.937569,-0.790404,0
3270,-0.79813,-0.796789,-20.1626,15.7086,2.22831,-3.40664,19.3645,-16.5054,4547.92,-0.838819,-0.805161,0
3280,-0.789071,-0.802173,-20.1626,15.7086,0.905878,-0.538366,19.3735,-16.5108,4541.28,-0.673051,-0.807628,0
3290,-0.721835,-0.805566,-20.1626,15.7086,6.72359,-0.339291,19.4408,-16.5142,4521.95,-0.685959,-0.879991,0
3300,-0.651068,-0.813953,-20.1626,15.7086,7.07666,-0.838746,19.5115,-16.5226,4485.11,-0.619296,-0.910908,0
3310,-0.618384,-0.848052,-20.1626,15.7086,3.26844,-3.40988,19.5442,-16.5567,4435.39,-0.61215,-0.720704,0
3320,-0.617075,-0.852125,-20.1626,15.7086,0.130896,-0.407314,19.5455,-16.5608,4381.06,-0.417271,-0.690954,0
3330,-0.617585,-0.86493,-20.1626,15.7086,-0.0510315,-1.28049,19.545,-16.5736,4322.3,-0.672281,-0.925682,0
3340,-0.61882,-0.865699,-20.1626,15.7086,-0.123493,-0.0768754,19.5438,-16.5743,4253.76,-0.618426,-0.957871,0
3350,-0.645566,-0.909518,-20.1626,15.7086,-2.67461,-4.38192,19.517,-16.6182,4175.02,-0.680502,-0.709226,0
3360,-0.646313,-0.917272,-20.1626,15.7086,-0.0746992,-0.775459,19.5163,-16.6259,4090.94,-0.69283,-0.903837,0
3370,-0.645007,-0.911514,-20.1626,15.7086,0.130656,0.575865,19.5176,-16.6202,4005.38,-0.660222,-0.931808,0
3380,-0.635848,-0.91135,-20.1626,15.7086,0.915908,0.0164102,19.5268,-16.62,3919.06,-0.494671,-0.939342,0
3390,-0.591753,-0.905862,-20.1626,15.7086,4.40944,0.548762,19.5709,-16.6145,3833.83,-0.540824,-0.874055,0
3400,-0.579225,-0.897319,-20.1626,15.7086,1.25277,0.854272,19.5834,-16.606,3753.69,-0.612695,-0.779705,0
3410,-0.560535,-0.874976,-20.1626,15.7086,1.86909,2.23432,19.6021,-16.5836,3680.88,-0.7316,-0.904853,0
3420,-0.56045,-0.872845,-20.1626,15.7086,0.00849983,0.213088,19.6022,-16.5815,3612.25,-0.47934,-0.840599,0
3430,-0.576701,-0.843809,-20.1626,15.7086,-1.62514,2.90359,19.5859,-16.5524,3541.99,-0.357169,-0.737364,0
3440,-0.57604,-0.782146,-20.1626,15.7086,0.066072,6.16632,19.5866,-16.4908,3471.27,-0.6026,-0.960915,0
3450,-0.583317,-0.727939,-20.1626,15.7086,-0.727668,5.42076,19.5793,-16.4366,3404.55,-0.554816,-0.722843,0
3460,-0.583594,-0.724535,-20.1626,15.7086,-0.0277249,0.340402,19.579,-16.4332,3341.29,-0.653052,-0.717913,0
3470,-0.582556,-0.722871,-20.1626,15.7086,0.103773,0.166321,19.58,-16.4315,3281.73,-0.589781,-0.618058,0
3480,-0.558697,-0.720135,-20.1626,15.7086,2.3859,0.273624,19.6039,-16.4288,3226.71,-0.402108,-0.733011,0
3490,-0.516842,-0.665091,-20.1626,15.7086,4.18554,5.50446,19.6458,-16.3737,3174.56,-0.713866,-0.598468,0
3500,-0.48792,-0.59173,-20.1626,15.7086,2.8922,7.33607,19.6747,-16.3004,3126.95,-0.482978,-0.402013,0
3510,-0.486995,-0.574517,-20.1626,15.7086,0.0925005,1.72126,19.6756,-16.2832,3084.02,-0.482092,-0.569934,0
3520,-0.50601,-0.573037,-20.1626,15.7086,-1.90147,0.148016,19.6566,-16.2817,3038.03,-0.456728,-0.652445,0
3530,-0.5056,-0.573056,-20.1626,15.7086,0.0409725,-0.00184881,19.657,-16.2817,2985.01,-0.527095,-0.555809,0
3540,-0.524755,-0.572066,-20.1626,15.7086,-1.91545,0.0989091,19.6378,-16.2807,2932.78,-0.558289,-0.583223,0
3550,-0.528427,-0.568812,-20.1626,15.7086,-0.367241,0.325424,19.6342,-16.2775,2889.24,-0.519862,-0.602167,0
3560,-0.534238,-0.560563,-20.1626,15.7086,-0.581071,0.824956,19.6284,-16.2692,2852.67,-0.430667,-0.382511,0
3570,-0.547556,-0.541014,-20.1626,15.7086,-1.33181,1.9549,19.615,-16.2497,2817.58,-0.538546,-0.545991,0
3580,-0.563331,-0.536067,-20.1626,15.7086,-1.57756,0.494639,19.5993,-16.2447,2780.77,-0.63781,-0.442908,0
3590,-0.565828,-0.536015,-20.1626,15.7086,-0.249682,0.00521962,19.5968,-16.2447,2741.39,-0.782003,-0.514,0
3600,-0.608428,-0.538835,-20.1626,15.7086,-4.26001,-0.28199,19.5542,-16.2475,2701.54,-0.628869,-0.547939,0
3610,-0.634294,-0.53659,-20.1626,15.7086,-2.5866,0.224543,19.5283,-16.2452,2665.81,-0.394552,-0.602715,0
3620,-0.662481,-0.535252,-20.1626,15.7086,-2.81864,0.133726,19.5001,-16.2439,2637.23,-0.692121,-0.646875,0
3630,-0.66362,-0.533853,-20.1626,15.7086,-0.11398,0.13992,19.499,-16.2425,2613.15,-0.589962,-0.487861,0
3640,-0.662299,-0.50135,-20.1626,15.7086,0.1321,3.25036,19.5003,-16.21,2588.62,-0.689014,-0.446627,0
3650,-0.659991,-0.456667,-20.1626,15.7086,0.230816,4.46823,19.5026,-16.1653,2563.17,-0.71017,-0.39544,0
3660,-0.649598,-0.449151,-20.1626,15.7086,1.0393,0.751644,19.513,-16.1578,2538.6,-0.633204,-0.441721,0
3670,-0.67199,-0.447612,-20.1626,15.7086,-2.23918,0.153853,19.4906,-16.1563,2513.58,-0.541432,-0.449136,0
3680,-0.667206,-0.442167,-20.1626,15.7086,0.478413,0.544551,19.4954,-16.1508,2487.75,-0.660104,-0.453056,0
3690,-0.647081,-0.445328,-20.1626,15.7086,2.01252,-0.316075,19.5155,-16.154,2465.48,-0.742123,-0.564637,0
3700,-0.639427,-0.446745,-20.1626,15.7086,0.765345,-0.141726,19.5232,-16.1554,2449.54,-0.673218,-0.372469,0
3710,-0.668087,-0.445485,-20.1626,15.7086,-2.86597,0.125931,19.4945,-16.1541,2435.89,-0.416036,-0.216156,0
3720,-0.697868,-0.444132,-20.1626,15.7086,-2.97809,0.135376,19.4647,-16.1528,2418.67,-0.548321,-0.273002,0
3730,-0.672235,-0.445297,-20.1626,15.7086,2.56332,-0.116529,19.4904,-16.1539,2397.15,-0.719925,-0.333138,0
3740,-0.644691,-0.4466,-20.1626,15.7086,2.75441,-0.130275,19.5179,-16.1552,2375.64,-0.844388,-0.557642,0
3750,-0.673155,-0.447083,-20.1626,15.7086,-2.84646,-0.0483626,19.4894,-16.1557,2358.43,-0.668123,-0.437346,0
3760,-0.680072,-0.46219,-20.1626,15.7086,-0.691656,-1.51064,19.4825,-16.1708,2345.63,-0.572767,-0.502126,0
3770,-0.674532,-0.503362,-20.1626,15.7086,0.553973,-4.11723,19.4881,-16.212,2334.91,-0.676516,-0.363948,0
3780,-0.496146,-0.752,-20.1626,15.7086,17.8386,-24.8638,19.6665,-16.4606,2324.98,-0.676516,-0.363948,2
3790,2.70597,-6.11592,-20.1626,15.7086,320.212,-536.392,22.8686,-21.8246,2314.64,12.6699,-34.1867,0
3800,8.59923,-23.2773,-20.1626,15.7086,589.326,-1716.14,28.7618,-38.986,2302.46,12.6699,-34.1867,2
3810,12.2274,-33.8658,-20.1626,15.7086,362.813,-1058.85,32.39,-49.5744,2287.89,12.1289,-35.3404,0
3820,12.8542,-34.4041,-20.1626,15.7086,62.6877,-53.8356,33.0168,-50.1128,2272.2,13.0803,-34.8477,0
3830,13.0465,-34.4815,-20.1626,15.7086,19.2246,-7.74116,33.2091,-50.1902,2259.58,13.0803,-34.8477,2
3840,13.054,-34.4847,-20.1626,15.7086,0.754564,-0.311502,33.2166,-50.1933,2252.89,13.0803,-34.8477,2
3850,13.054,-34.4847,-20.1626,15.7086,6.39841e-05,-2.64152e-05,33.2166,-50.1933,2249.36,13.0803,-34.8477,2
3860,13.0547,-34.4847,-20.1626,15.7086,0.0640432,-0.00205806,33.2173,-50.1933,2243.75,13.0803,-34.8477,2
3870,13.0699,-34.4852,-20.1626,15.7086,1.52156,-0.0488849,33.2325,-50.1938,2234.26,13.0857,-34.4857,0
3880,13.0851,-34.4857,-20.1626,15.7086,1.52136,-0.0488572,33.2477,-50.1943,2224.79,13.0857,-34.4857,2
3890,13.0857,-34.4857,-20.1626,15.7086,0.0640316,-0.00205585,33.2483,-50.1943,2219.49,13.0857,-34.4857,2
3900,13.0857,-34.4857,-20.1626,15.7086,5.43057e-06,-1.74358e-07,33.2483,-50.1943,2217.86,13.0857,-34.4857,2
3910,13.0857,-34.4857,-20.1626,15.7086,0,0,33.2483,-50.1943,2217.6,13.0857,-34.4857,2
3920,13.0857,-34.4857,-20.1626,15.7086,0,0,33.2483,-50.1943,2217.17,13.0857,-34.4857,2
3930,13.0857,-34.4857,-20.1626,15.7086,0,0,33.2483,-50.1943,2214.45,13.0857,-34.4857,2
3940,13.0903,-34.4799,-20.1626,15.7086,0.453662,0.573092,33.2529,-50.1886,2205.59,13.0857,-34.4857,2
3950,13.1981,-34.3435,-20.1626,15.7086,10.7816,13.6441,33.3607,-50.0521,2189.77,13.3105,-34.2008,0
3960,13.306,-34.2065,-20.1626,15.7086,10.7866,13.697,33.4686,-49.9152,2173.96,13.3105,-34.2008,2
3970,13.3105,-34.2008,-20.1626,15.7086,0.454128,0.577688,33.4731,-49.9094,2165.1,13.3105,-34.2008,2
3980,13.3105,-34.2008,-20.1626,15.7086,3.85154e-05,4.89983e-05,33.4731,-49.9094,2162.38,13.3105,-34.2008,2
3990,13.3105,-34.2008,-20.1626,15.7086,0,0,33.4731,-49.9094,2161.94,13.3105,-34.2008,2
4000,13.3105,-34.2008,-20.1626,15.7086,0,0,33.4731,-49.9094,2161.9,13.3105,-34.2008,2
4010,13.3105,-34.2008,-20.1626,15.7086,0,0,33.4731,-49.9094,2161.9,13.3105,-34.2008,2
4020,13.3105,-34.2008,-20.1626,15.7086,0,0,33.4731,-49.9094,2161.9,13.3105,-34.2008,2
4030,13.3105,-34.2008,-20.1626,15.7086,0,0,33.4731,-49.9094,2161.9,13.3105,-34.2008,2
4040,13.3105,-34.2008,-20.1626,15.7086,0,0,33.4731,-49.9094,2161.9,13.3105,-34.2008,2
4050,13.3105,-34.2008,-20.1626,15.7086,0,0,33.4731,-49.9094,2161.9,13.3105,-34.2008,2
4060,13.3105,-34.2008,-20.1626,15.7086,0,0,33.4731,-49.9094,2161.9,13.3105,-34.2008,2
4070,13.3105,-34.2008,-20.1626,15.7086,0,0,33.4731,-49.9094,2161.9,13.3105,-34.2008,2
4080,13.3105,-34.2008,-20.1626,15.7086,0,0,33.4731,-49.9094,2161.9,13.3105,-34.2008,2
4090,13.3105,-34.2008,-20.1626,15.7086,0,0,33.4731,-49.9094,2161.9,13.3105,-34.2008,2
4100,13.3105,-34.2008,-20.1626,15.7086,0,0,33.4731,-49.9094,2161.9,13.3105,-34.2008,2
4110,13.3105,-34.2008,-20.1626,15.7086,0,0,33.4731,-49.9094,2161.9,13.3105,-34.2008,2
4120,13.3105,-34.2008,-20.1626,15.7086,0,0,33.4731,-49.9094,2161.9,13.3105,-34.2008,2
4130,13.3105,-34.2008,-20.1626,15.7086,0,0,33.4731,-49.9094,2161.9,13.3105,-34.2008,2
4140,13.3105,-34.2008,-20.1626,15.7086,0,0,33.4731,-49.9094,2161.9,13.3105,-34.2008,2
4150,13.3105,-34.2008,-20.1626,15.7086,0,0,33.4731,-49.9094,2161.9,13.3105,-34.2008,2
4160,13.3105,-34.2008,-20.1626,15.7086,0,0,33.4731,-49.9094,2161.9,13.3105,-34.2008,2
4170,13.3105,-34.2008,-20.1626,15.7086,0,0,33.4731,-49.9094,2161.9,13.3105,-34.2008,2
4180,13.3105,-34.2008,-20.1626,15.7086,0,0,33.4731,-49.9094,2161.9,13.3105,-34.2008,2
4190,13.3105,-34.2008,-20.1626,15.7086,0,0,33.4731,-49.9094,2161.9,13.3105,-34.2008,2
4200,13.3105,-34.2008,-20.1626,15.7086,0,0,33.4731,-49.9094,2161.9,13.3105,-34.2008,2
4210,13.3105,-34.2008,-20.1626,15.7086,0,0,33.4731,-49.9094,2161.9,13.3105,-34.2008,2
4220,13.3105,-34.2008,-20.1626,15.7086,0,0,33.4731,-49.9094,2161.9,13.3105,-34.2008,2
4230,13.3105,-34.2008,-20.1626,15.7086,0,0,33.4731,-49.9094,2161.9,13.3105,-34.2008,2
4240,13.3105,-34.2008,-20.1626,15.7086,0,0,33.4731,-49.9094,2161.9,13.3105,-34.2008,2
4250,13.3105,-34.2008,-20.1626,15.7086,0,0,33.4731,-49.9094,2161.9,13.3105,-34.2008,2
4260,13.3105,-34.2008,-20.1626,15.7086,0,0,33.4731,-49.9094,2161.9,13.3105,-34.2008,2
4270,13.3105,-34.2008,-20.1626,15.7086,0,0,33.4731,-49.9094,2161.9,13.3105,-34.2008,2
4280,13.3105,-34.2008,-20.1626,15.7086,0,0,33.4731,-49.9094,2161.9,13.3105,-34.2008,2
4290,13.3105,-34.2008,-20.1626,15.7086,0,0,33.4731,-49.9094,2161.9,13.3105,-34.2008,2
4300,13.3105,-34.2008,-20.1626,15.7086,0,0,33.4731,-49.9094,2161.9,13.3105,-34.2008,2
4310,13.3105,-34.2008,-20.1626,15.7086,0,0,33.4731,-49.9094,2161.9,13.3105,-34.2008,2
4320,13.3105,-34.2008,-20.1626,15.7086,0,0,33.4731,-49.9094,2161.9,13.3105,-34.2008,2
4330,13.3105,-34.2008,-20.1626,15.7086,0,0,33.4731,-49.9094,2161.9,13.3105,-34.2008,2
4340,13.3105,-34.2008,-20.1626,15.7086,0,0,33.4731,-49.9094,2161.9,13.3105,-34.2008,2
4350,13.3105,-34.2008,-20.1626,15.7086,0,0,33.4731,-49.9094,2161.9,13.3105,-34.2008,2
4360,13.3105,-34.2008,-20.1626,15.7086,0,0,33.4731,-49.9094,2161.9,13.3105,-34.2008,2
4370,13.3105,-34.2008,-20.1626,15.7086,0,0,33.4731,-49.9094,2161.9,13.3105,-34.2008,2
4380,13.3105,-34.2008,-20.1626,15.7086,0,0,33.4731,-49.9094,2161.9,13.3105,-34.2008,2
4390,13.3105,-34.2008,-20.1626,15.7086,0,0,33.4731,-49.9094,2161.9,13.3105,-34.2008,2
4400,13.3105,-34.2008,-20.1626,15.7086,0,0,33.4731,-49.9094,2161.9,13.3105,-34.2008,2
4410,13.3105,-34.2008,-20.1626,15.7086,0,0,33.4731,-49.9094,2161.9,13.3105,-34.2008,2
4420,13.3105,-34.2008,-20.1626,15.7086,0,0,33.4731,-49.9094,2161.9,13.3105,-34.2008,2
4430,13.3105,-34.2008,-20.1626,15.7086,0,0,33.4731,-49.9094,2161.9,13.3105,-34.2008,2
4440,13.3105,-34.2008,-20.1626,15.7086,0,0,33.4731,-49.9094,2161.9,13.3105,-34.2008,2
4450,13.3105,-34.2008,-20.1626,15.7086,0,0,33.4731,-49.9094,2161.9,13.3105,-34.2008,2
4460,13.3105,-34.2008,-20.1626,15.7086,0,0,33.4731,-49.9094,2161.9,13.3105,-34.2008,2
4470,13.3105,-34.2008,-20.1626,15.7086,0,0,33.4731,-49.9094,2161.9,13.3105,-34.2008,2
4480,13.3105,-34.2008,-26.5651,15.7086,0,0,-39.8755,-49.9094,2161.9,13.3105,-34.2008,2
4490,13.3105,-34.2008,-26.5651,15.7086,0,0,-39.8755,-49.9094,2161.9,13.3105,-34.2008,2
4500,13.3105,-34.2008,-26.5651,15.7086,0,0,-39.8755,-49.9094,2161.9,13.3105,-34.2008,2
4510,13.3105,-34.2008,-26.5651,15.7086,0,0,-39.8755,-49.9094,2161.9,13.3105,-34.2008,2
4520,13.3105,-34.2008,-26.5651,15.7086,0,0,-39.8755,-49.9094,2161.9,13.3105,-34.2008,2
4530,13.3105,-34.2008,-26.5651,15.7086,0,0,-39.8755,-49.9094,2161.9,13.3105,-34.2008,2
4540,13.3105,-34.2008,-26.5651,15.7086,0,0,-39.8755,-49.9094,2160.97,13.3105,-34.2008,2
4550,13.3105,-34.2008,-26.5651,15.7086,0,0,-39.8755,-49.9094,2154.76,13.3105,-34.2008,2
4560,13.3555,-34.189,-26.5651,15.7086,4.49958,1.17861,-39.9205,-49.8976,2134.5,13.3105,-34.2008,2
4570,14.42,-33.9069,-26.5651,15.7086,106.449,28.2068,-40.985,-49.6155,2098.35,15.5194,-33.6088,0
4580,15.4752,-33.6209,-26.5651,15.7086,105.523,28.5998,-42.0403,-49.3295,2062.2,15.5194,-33.6088,2
4590,15.5194,-33.6088,-26.5651,15.7086,4.42042,1.21249,-42.0845,-49.3174,2041.94,15.5194,-33.6088,2
4600,15.5194,-33.6088,-26.5651,15.7086,0.000374826,0.000102862,-42.0845,-49.3174,2035.73,15.5194,-33.6088,2
4610,15.5194,-33.6088,-26.5651,15.7086,0,0,-42.0845,-49.3174,2034.72,15.5194,-33.6088,2
4620,15.5194,-33.6088,-26.5651,15.7086,0,0,-42.0845,-49.3174,2034.64,15.5194,-33.6088,2
4630,15.5194,-33.6088,-26.5651,15.7086,0,0,-42.0845,-49.3174,2034.64,15.5194,-33.6088,2
4640,15.5194,-33.6088,-26.5651,15.7086,0,0,-42.0845,-49.3174,2034.64,15.5194,-33.6088,2
4650,15.5194,-33.6088,-26.5651,15.7086,0,0,-42.0845,-49.3174,2034.64,15.5194,-33.6088,2
4660,15.5194,-33.6088,-26.5651,15.7086,0,0,-42.0845,-49.3174,2034.64,15.5194,-33.6088,2
4670,15.5194,-33.6088,-26.5651,15.7086,0,0,-42.0845,-49.3174,2034.64,15.5194,-33.6088,2
4680,15.5194,-33.6088,-26.5651,15.7086,0,0,-42.0845,-49.3174,2034.64,15.5194,-33.6088,2
4690,15.5194,-33.6088,-26.5651,15.7086,0,0,-42.0845,-49.3174,2034.64,15.5194,-33.6088,2
4700,15.5194,-33.6088,-26.5651,15.7086,0,0,-42.0845,-49.3174,2034.64,15.5194,-33.6088,2
4710,15.5194,-33.6088,-26.5651,15.7086,0,0,-42.0845,-49.3174,2034.64,15.5194,-33.6088,2
4720,15.5194,-33.6088,-26.5651,15.7086,0,0,-42.0845,-49.3174,2034.64,15.5194,-33.6088,2
4730,15.5194,-33.6088,-26.5651,15.7086,0,0,-42.0845,-49.3174,2034.64,15.5194,-33.6088,2
4740,15.5194,-33.6088,-26.5651,15.7086,0,0,-42.0845,-49.3174,2034.64,15.5194,-33.6088,2
4750,15.5194,-33.6088,-26.5651,15.7086,0,0,-42.0845,-49.3174,2034.64,15.5194,-33.6088,2
4760,15.5194,-33.6088,-26.5651,15.7086,0,0,-42.0845,-49.3174,2034.64,15.5194,-33.6088,2
4770,15.5194,-33.6088,-26.5651,15.7086,0,0,-42.0845,-49.3174,2034.64,15.5194,-33.6088,2
4780,15.5194,-33.6088,-26.5651,15.7086,0,0,-42.0845,-49.3174,2034.64,15.5194,-33.6088,2
4790,15.5194,-33.6088,-26.5651,15.7086,0,0,-42.0845,-49.3174,2034.64,15.5194,-33.6088,2
4800,15.5194,-33.6088,-26.5651,15.7086,0,0,-42.0845,-49.3174,2034.64,15.5194,-33.6088,2
4810,15.5194,-33.6088,-26.5651,15.7086,0,0,-42.0845,-49.3174,2034.64,15.5194,-33.6088,2
4820,15.5194,-33.6088,-26.5651,15.7086,0,0,-42.0845,-49.3174,2034.64,15.5194,-33.6088,2
4830,15.5194,-33.6088,-26.5651,15.7086,0,0,-42.0845,-49.3174,2034.64,15.5194,-33.6088,2
4840,15.5194,-33.6088,-26.5651,15.7086,0,0,-42.0845,-49.3174,2034.64,15.5194,-33.6088,2
4850,15.5194,-33.6088,-26.5651,15.7086,0,0,-42.0845,-49.3174,2034.64,15.5194,-33.6088,2
4860,15.5194,-33.6088,-26.5651,15.7086,0,0,-42.0845,-49.3174,2034.64,15.5194,-33.6088,2
4870,15.5194,-33.6088,-26.5651,15.7086,0,0,-42.0845,-49.3174,2034.64,15.5194,-33.6088,2
4880,15.5194,-33.6088,-26.5651,15.7086,0,0,-42.0845,-49.3174,2034.64,15.5194,-33.6088,2
4890,15.5194,-33.6088,-26.5651,15.7086,0,0,-42.0845,-49.3174,2034.64,15.5194,-33.6088,2
4900,15.5194,-33.6088,-26.5651,15.7086,0,0,-42.0845,-49.3174,2034.64,15.5194,-33.6088,2
4910,15.5194,-33.6088,-26.5651,15.7086,0,0,-42.0845,-49.3174,2034.64,15.5194,-33.6088,2
4920,15.5194,-33.6088,-26.5651,15.7086,0,0,-42.0845,-49.3174,2034.64,15.5194,-33.6088,2
4930,15.5194,-33.6088,-26.5651,15.7086,0,0,-42.0845,-49.3174,2034.64,15.5194,-33.6088,2
4940,15.5194,-33.6088,-26.5651,15.7086,0,0,-42.0845,-49.3174,2034.64,15.5194,-33.6088,2
4950,15.5194,-33.6088,-26.5651,15.7086,0,0,-42.0845,-49.3174,2034.64,15.5194,-33.6088,2
4960,15.5194,-33.6088,-26.5651,15.7086,0,0,-42.0845,-49.3174,2034.64,15.5194,-33.6088,2
4970,15.5194,-33.6088,-26.5651,15.7086,0,0,-42.0845,-49.3174,2034.64,15.5194,-33.6088,2
4980,15.5194,-33.6088,-26.5651,15.7086,0,0,-42.0845,-49.3174,2034.64,15.5194,-33.6088,2
4990,15.5194,-33.6088,-26.5651,15.7086,0,0,-42.0845,-49.3174,2034.64,15.5194,-33.6088,2
5000,15.5194,-33.6088,-26.5651,15.7086,0,0,-42.0845,-49.3174,2034.64,15.5194,-33.6088,2
5010,15.5194,-33.6088,-26.5651,15.7086,0,0,-42.0845,-49.3174,2034.99,15.5194,-33.6088,2
5020,15.5194,-33.6088,-26.5651,15.7086,0,0,-42.0845,-49.3174,2037.66,15.5194,-33.6088,2
5030,15.5206,-33.6282,-26.5651,15.7086,0.11593,-1.94157,-42.0856,-49.3368,2047.57,15.5194,-33.6088,2
5040,15.5362,-34.0863,-26.5651,15.7086,1.56368,-45.8104,-42.1013,-49.7949,2068.68,11.0351,-34.4137,0
5050,15.2557,-34.5301,-26.5651,15.7086,-28.0484,-44.3782,-41.8208,-50.2387,2095.75,11.0351,-34.4137,2
5060,14.6472,-34.5305,-26.5651,15.7086,-60.8504,-0.0431433,-41.2123,-50.2391,2116.86,11.0351,-34.4137,2
5070,14.0463,-34.508,-26.5651,15.7086,-60.0943,2.24946,-40.6113,-50.2167,2126.77,11.0351,-34.4137,2
5080,13.979,-34.413,-26.5651,15.7086,-6.72581,9.49724,-40.5441,-50.1217,2130.36,11.0351,-34.4137,2
5090,13.1079,-34.2923,-26.5651,15.7086,-87.1164,12.072,-39.6729,-50.001,2136.7,11.0351,-34.4137,2
5100,11.8133,-34.2461,-26.5651,15.7086,-129.456,4.62655,-38.3784,-49.9547,2156.15,11.0351,-34.4137,2
5110,11.052,-34.2204,-26.5651,15.7086,-76.1277,2.5622,-37.6171,-49.9291,2191.71,13.0484,-34.0917,0
5120,11.0209,-34.2194,-26.5651,15.7086,-3.11551,0.105995,-37.5859,-49.928,2230.87,13.0484,-34.0917,2
5130,11.0209,-34.2194,-26.5651,15.7086,-0.000264242,8.99378e-06,-37.5859,-49.928,2262.22,27.7454,-38.5785,0
5140,11.0206,-34.2154,-26.5651,15.7086,-0.0286061,0.393507,-37.5856,-49.9241,2288.16,27.8045,-40.0302,0
5150,10.8926,-33.9905,-26.5651,15.7086,-12.7989,22.4899,-37.4576,-49.6992,2313.5,27.8045,-40.0302,2
5160,7.86671,-30.3535,-26.5651,15.7086,-302.588,363.701,-34.4318,-46.0622,2339.09,-1.08226,-0.286806,0
5170,1.99963,-18.8711,-26.5651,15.7086,-586.709,1148.25,-28.5647,-34.5797,2362.7,-0.817308,0.570987,0
5180,-0.838709,-5.39563,-26.5651,15.7086,-283.833,1347.54,-25.7263,-21.1043,2382.33,-1.02846,0.358928,0
5190,-0.811542,-0.243778,-26.5651,15.7086,2.71668,515.186,-25.7535,-15.9524,2401.82,-0.945031,0.022321,0
5200,-0.801146,0.0519321,-26.5651,15.7086,1.03958,29.571,-25.7639,-15.6567,2425.38,-0.976383,0.209915,0
5210,-0.811313,0.103457,-26.5651,15.7086,-1.01667,5.1525,-25.7537,-15.6052,2450.14,-0.842524,0.161464,0
5220,-0.814627,0.130814,-26.5651,15.7086,-0.331361,2.73564,-25.7504,-15.5778,2473.53,-0.875364,0.182972,0
5230,-0.814966,0.131936,-26.5651,15.7086,-0.0339589,0.112236,-25.7501,-15.5767,2498.14,-0.964807,0.396999,0
5240,-0.819484,0.131786,-26.5651,15.7086,-0.451795,-0.0149593,-25.7456,-15.5769,2524.01,-0.773916,0.23097,0
5250,-0.810458,0.123912,-26.5651,15.7086,0.902567,-0.787459,-25.7546,-15.5847,2548.06,-0.685262,0.084051,0
5260,-0.777443,0.136197,-26.5651,15.7086,3.30152,1.22853,-25.7876,-15.5724,2569.91,-0.824783,-0.0683138,0
5270,-0.740942,0.141088,-26.5651,15.7086,3.65011,0.489095,-25.8241,-15.5675,2590.92,-0.832242,0.102351,0
5280,-0.740127,0.158704,-26.5651,15.7086,0.0814689,1.76156,-25.8249,-15.5499,2612.43,-0.599394,0.334367,0
5290,-0.769132,0.226301,-26.5651,15.7086,-2.9005,6.75978,-25.7959,-15.4823,2636.01,-0.639552,0.216052,0
5300,-0.737304,0.234152,-26.5651,15.7086,3.18285,0.785026,-25.8277,-15.4745,2662.09,-0.877346,0.244043,0
5310,-0.744767,0.23449,-26.5651,15.7086,-0.746322,0.0337937,-25.8203,-15.4741,2688.94,-0.885359,0.23789,0
5320,-0.758077,0.228358,-26.5651,15.7086,-1.33098,-0.613146,-25.807,-15.4803,2713.52,-0.716014,0.284218,0
5330,-0.758811,0.21908,-26.5651,15.7086,-0.0733748,-0.927797,-25.8062,-15.4896,2735.65,-0.724168,0.177976,0
5340,-0.755696,0.176261,-26.5651,15.7086,0.311484,-4.28192,-25.8094,-15.5324,2759.4,-0.815547,0.000135506,0
5350,-0.755558,0.174393,-26.5651,15.7086,0.0137538,-0.186751,-25.8095,-15.5342,2787.02,-0.790284,0.091602,0
5360,-0.755156,0.172039,-26.5651,15.7086,0.0402494,-0.235434,-25.8099,-15.5366,2814.65,-0.698388,0.140501,0
5370,-0.745992,0.11846,-26.5651,15.7086,0.916369,-5.35791,-25.8191,-15.5902,2838.72,-0.7629,0.27563,0
5380,-0.744789,0.115102,-26.5651,15.7086,0.120309,-0.335842,-25.8203,-15.5935,2861.76,-0.725653,0.2935,0
5390,-0.726587,0.091904,-26.5651,15.7086,1.82015,-2.31976,-25.8385,-15.6167,2886.45,-0.534224,0.0213803,0
5400,-0.725851,0.0812838,-26.5651,15.7086,0.0736753,-1.06201,-25.8392,-15.6274,2910.74,-0.829612,0.0454509,0
5410,-0.718698,0.0364565,-26.5651,15.7086,0.715259,-4.48273,-25.8464,-15.6722,2932,-0.669586,0.0121314,0
5420,-0.689907,0.0202135,-26.5651,15.7086,2.87913,-1.62431,-25.8751,-15.6884,2950.44,-0.766912,0.126847,0
5430,-0.688248,-0.00722303,-26.5651,15.7086,0.165929,-2.74365,-25.8768,-15.7159,2967.62,-0.487846,-0.0686712,0
5440,-0.653392,-0.0832004,-26.5651,15.7086,3.48553,-7.59774,-25.9117,-15.7918,2985.76,-0.655391,-0.238383,0
5450,-0.578382,-0.158942,-26.5651,15.7086,7.50104,-7.57419,-25.9867,-15.8676,3006.74,-0.494998,-0.229351,0
5460,-0.510998,-0.19441,-26.5651,15.7086,6.7384,-3.54681,-26.0541,-15.903,3029.57,-0.429063,-0.244417,0
5470,-0.503503,-0.219169,-26.5651,15.7086,0.749526,-2.47581,-26.0615,-15.9278,3051.6,-0.504785,-0.17959,0
5480,-0.499385,-0.231932,-26.5651,15.7086,0.411743,-1.2763,-26.0657,-15.9406,3072.65,-0.515454,-0.294025,0
5490,-0.504177,-0.235426,-26.5651,15.7086,-0.479143,-0.349417,-26.0609,-15.9441,3094.91,-0.477202,-0.141281,0
5500,-0.510089,-0.2353,-26.5651,15.7086,-0.591217,0.0125722,-26.055,-15.9439,3117.71,-0.379704,-0.296419,0
5510,-0.517569,-0.234963,-26.5651,15.7086,-0.748029,0.033749,-26.0475,-15.9436,3136.63,-0.557908,-0.19627,0
5520,-0.545679,-0.231415,-26.5651,15.7086,-2.81096,0.354731,-26.0194,-15.9401,3150.5,-0.584647,-0.269499,0
5530,-0.571389,-0.175837,-26.5651,15.7086,-2.57098,5.55779,-25.9937,-15.8845,3163.76,-0.554739,-0.120103,0
5540,-0.575157,-0.114919,-26.5651,15.7086,-0.376823,6.09183,-25.9899,-15.8236,3180.22,-0.583027,0.0319578,0
5550,-0.574868,-0.107987,-26.5651,15.7086,0.0288943,0.693217,-25.9902,-15.8166,3198.87,-0.567287,-0.0930126,0
5560,-0.569547,-0.108034,-26.5651,15.7086,0.532089,-0.00473813,-25.9955,-15.8167,3216.58,-0.582955,-0.0206378,0
5570,-0.564706,-0.109216,-26.5651,15.7086,0.484049,-0.118168,-26.0003,-15.8179,3232.54,-0.50135,-0.129956,0
5580,-0.556816,-0.133265,-26.5651,15.7086,0.789072,-2.40491,-26.0082,-15.8419,3248.39,-0.528867,-0.155704,0
5590,-0.550029,-0.174847,-26.5651,15.7086,0.678705,-4.15819,-26.015,-15.8835,3266.16,-0.62077,-0.239021,0
5600,-0.531271,-0.177465,-26.5651,15.7086,1.87581,-0.261784,-26.0338,-15.8861,3287.99,-0.567229,-0.411227,0
5610,-0.530436,-0.176995,-26.5651,15.7086,0.0834346,0.0469592,-26.0346,-15.8856,3312.97,-0.380669,-0.209836,0
5620,-0.529898,-0.164837,-26.5651,15.7086,0.0537941,1.21582,-26.0352,-15.8735,3334.53,-0.634233,-0.123956,0
5630,-0.528545,-0.149955,-26.5651,15.7086,0.135284,1.4882,-26.0365,-15.8586,3347.87,-0.475033,-0.133003,0
5640,-0.528487,-0.149323,-26.5651,15.7086,0.00585281,0.0631667,-26.0366,-15.858,3356,-0.549159,-0.0738201,0
5650,-0.528532,-0.151412,-26.5651,15.7086,-0.0045536,-0.208861,-26.0365,-15.86,3364.49,-0.543219,-0.204842,0
5660,-0.529492,-0.200281,-26.5651,15.7086,-0.0960031,-4.88687,-26.0356,-15.9089,3376.37,-0.630221,-0.258132,0
5670,-0.526521,-0.232764,-26.5651,15.7086,0.297167,-3.24828,-26.0385,-15.9414,3392.67,-0.459274,-0.379826,0
5680,-0.49571,-0.235483,-26.5651,15.7086,3.08107,-0.271961,-26.0693,-15.9441,3411.83,-0.481453,-0.32068,0
5690,-0.489813,-0.236862,-26.5651,15.7086,0.589667,-0.137932,-26.0752,-15.9455,3429.72,-0.323244,-0.243122,0
5700,-0.489575,-0.262212,-26.5651,15.7086,0.0238664,-2.53497,-26.0755,-15.9709,3444.36,-0.299941,-0.17623,0
5710,-0.464217,-0.264469,-26.5651,15.7086,2.53582,-0.225637,-26.1008,-15.9731,3456.72,-0.500258,-0.213295,0
5720,-0.447668,-0.267243,-26.5651,15.7086,1.65482,-0.277486,-26.1174,-15.9759,3467.25,-0.547568,-0.398629,0
5730,-0.471047,-0.313093,-26.5651,15.7086,-2.33785,-4.58501,-26.094,-16.0217,3477.35,-0.399249,-0.372297,0
5740,-0.472337,-0.331421,-26.5651,15.7086,-0.129026,-1.8327,-26.0927,-16.0401,3490.08,-0.347882,-0.397865,0
5750,-0.461796,-0.332615,-26.5651,15.7086,1.05414,-0.119413,-26.1033,-16.0413,3506.68,-0.493068,-0.303874,0
5760,-0.449235,-0.331523,-26.5651,15.7086,1.25606,0.109178,-26.1158,-16.0402,3525.39,-0.390429,-0.181479,0
5770,-0.448743,-0.292224,-26.5651,15.7086,0.0491781,3.92985,-26.1163,-16.0009,3543.47,-0.473085,-0.349898,0
5780,-0.444305,-0.254736,-26.5651,15.7086,0.44385,3.74881,-26.1207,-15.9634,3559.05,-0.703263,-0.194341,0
5790,-0.436282,-0.253514,-26.5651,15.7086,0.802309,0.122204,-26.1288,-15.9622,3572.39,-0.404028,-0.234377,0
5800,-0.435428,-0.254243,-26.5651,15.7086,0.0853571,-0.0728839,-26.1296,-15.9629,3585.86,-0.434793,-0.250673,0
5810,-0.422758,-0.271822,-26.5651,15.7086,1.26703,-1.75788,-26.1423,-15.9805,3601.07,-0.376825,-0.381214,0
5820,-0.396787,-0.303969,-26.5651,15.7086,2.59708,-3.21477,-26.1683,-16.0126,3617.88,-0.391618,-0.575414,0
5830,-0.3788,-0.327276,-26.5651,15.7086,1.79866,-2.33069,-26.1863,-16.0359,3635.75,-0.411876,-0.291715,0
5840,-0.378822,-0.351652,-26.5651,15.7086,-0.00218355,-2.43762,-26.1862,-16.0603,3652.99,-0.36672,-0.379343,0
5850,-0.374395,-0.369668,-26.5651,15.7086,0.44275,-1.80157,-26.1907,-16.0783,3668.09,-0.351717,-0.413508,0
5860,-0.361695,-0.381894,-26.5651,15.7086,1.26993,-1.2226,-26.2034,-16.0905,3681.32,-0.506361,-0.360956,0
5870,-0.356616,-0.39428,-26.5651,15.7086,0.507926,-1.23856,-26.2084,-16.1029,3693.72,-0.355223,-0.32171,0
5880,-0.357951,-0.424243,-26.5651,15.7086,-0.133437,-2.99628,-26.2071,-16.1329,3707.12,-0.359812,-0.521975,0
5890,-0.366989,-0.46578,-26.5651,15.7086,-0.903807,-4.15373,-26.1981,-16.1744,3723.05,-0.242956,-0.462113,0
5900,-0.368146,-0.477628,-26.5651,15.7086,-0.115767,-1.18482,-26.1969,-16.1863,3740.92,-0.376625,-0.498431,0
5910,-0.376469,-0.486468,-26.5651,15.7086,-0.832277,-0.884035,-26.1886,-16.1951,3759.32,-0.407082,-0.451946,0
5920,-0.376785,-0.477667,-26.5651,15.7086,-0.0315948,0.880172,-26.1883,-16.1863,3777.62,-0.433418,-0.538654,0
5930,-0.384373,-0.473705,-26.5651,15.7086,-0.75875,0.396212,-26.1807,-16.1823,3794.26,-0.384775,-0.664993,0
5940,-0.389445,-0.399109,-26.5651,15.7086,-0.5072,7.45952,-26.1756,-16.1077,3807.12,-0.223611,-0.324819,0
5950,-0.404039,-0.367459,-26.5651,15.7086,-1.45946,3.16508,-26.161,-16.0761,3817.93,-0.653585,-0.227765,0
5960,-0.402665,-0.330237,-26.5651,15.7086,0.137389,3.72218,-26.1624,-16.0389,3830.92,-0.416476,-0.248706,0
5970,-0.403255,-0.330689,-20.1626,15.7086,-0.0589488,-0.0452478,19.7593,-16.0393,3846.03,-0.313824,-0.423118,0
5980,-0.418147,-0.378295,-20.1626,15.7086,-1.48924,-4.76053,19.7445,-16.0869,3859.63,-0.428432,-0.339351,0
5990,-0.406222,-0.409118,-20.1626,15.7086,1.19248,-3.0823,19.7564,-16.1178,3871.72,-0.355954,-0.450062,0
6000,-0.394536,-0.409296,-20.1626,15.7086,1.16864,-0.0178849,19.7681,-16.1179,3885.5,-0.458324,-0.557059,0
6010,-0.390247,-0.375238,-20.1626,15.7086,0.428904,3.40582,19.7724,-16.0839,3900.7,-0.397059,-0.220267,0
6020,-0.394826,-0.416343,-20.1626,15.7086,-0.457867,-4.11045,19.7678,-16.125,3914.06,-0.381289,-0.356824,0
6030,-0.40672,-0.420892,-20.1626,15.7086,-1.18945,-0.454939,19.7559,-16.1295,3925.7,-0.306334,-0.0568035,0
6040,-0.422794,-0.421521,-20.1626,15.7086,-1.60734,-0.062852,19.7398,-16.1302,3938.33,-0.515309,-0.456828,0
6050,-0.468774,-0.44767,-20.1626,15.7086,-4.598,-2.61498,19.6938,-16.1563,3951.8,-0.448919,-0.438433,0
6060,-0.471369,-0.463514,-20.1626,15.7086,-0.259565,-1.58433,19.6912,-16.1722,3965.36,-0.540773,-0.589596,0
6070,-0.470296,-0.463816,-20.1626,15.7086,0.10736,-0.0302151,19.6923,-16.1725,3980.48,-0.608501,-0.495391,0
6080,-0.444657,-0.455995,-20.1626,15.7086,2.56389,0.782042,19.7179,-16.1646,3996.74,-0.41472,-0.327409,0
6090,-0.429891,-0.456267,-20.1626,15.7086,1.47658,-0.0271502,19.7327,-16.1649,4011.27,-0.390994,-0.560097,0
6100,-0.427544,-0.454504,-20.1626,15.7086,0.234661,0.176321,19.7351,-16.1631,4024.06,-0.454174,-0.37773,0
6110,-0.426085,-0.411551,-20.1626,15.7086,0.145919,4.29529,19.7365,-16.1202,4036.82,-0.393365,-0.252071,0
6120,-0.433532,-0.39741,-20.1626,15.7086,-0.744683,1.41407,19.7291,-16.106,4048.04,-0.437267,-0.510114,0
6130,-0.420015,-0.374803,-20.1626,15.7086,1.3517,2.2607,19.7426,-16.0834,4056.17,-0.517358,-0.36232,0
6140,-0.416032,-0.393915,-20.1626,15.7086,0.398324,-1.91119,19.7466,-16.1026,4063.91,-0.459216,-0.467268,0
6150,-0.415292,-0.443684,-20.1626,15.7086,0.0739886,-4.97689,19.7473,-16.1523,4074.66,-0.33316,-0.218482,0
6160,-0.362888,-0.413418,-20.1626,15.7086,5.24041,3.02663,19.7997,-16.1221,4088.26,-0.312437,-0.489226,0
6170,-0.328298,-0.450642,-20.1626,15.7086,3.45895,-3.72245,19.8343,-16.1593,4101.6,-0.22966,-0.660814,0
6180,-0.327669,-0.471639,-20.1626,15.7086,0.062928,-2.09962,19.8349,-16.1803,4112.47,-0.350272,-0.400549,0
6190,-0.328906,-0.487109,-20.1626,15.7086,-0.12372,-1.54701,19.8337,-16.1957,4121.18,-0.267197,-0.575432,0
6200,-0.342794,-0.47881,-20.1626,15.7086,-1.38874,0.829876,19.8198,-16.1874,4128.4,-0.386015,-0.427314,0
6210,-0.355355,-0.478583,-20.1626,15.7086,-1.25618,0.0226893,19.8072,-16.1872,4133.47,-0.362767,-0.493939,0
6220,-0.366629,-0.493403,-20.1626,15.7086,-1.12736,-1.48197,19.796,-16.202,4135.82,-0.482291,-0.385299,0
6230,-0.366351,-0.478088,-20.1626,15.7086,0.0277556,1.53146,19.7963,-16.1867,4135.74,-0.359178,-0.629417,0
6240,-0.36338,-0.47756,-20.1626,15.7086,0.29714,0.0528334,19.7992,-16.1862,4132.87,-0.429468,-0.59835,0
6250,-0.344231,-0.479364,-20.1626,15.7086,1.91485,-0.180453,19.8184,-16.188,4125.91,-0.22872,-0.338082,0
6260,-0.29489,-0.481196,-20.1626,15.7086,4.93419,-0.183214,19.8677,-16.1898,4114.48,-0.425306,-0.396242,0
6270,-0.248196,-0.483893,-20.1626,15.7086,4.66932,-0.269623,19.9144,-16.1925,4098.2,-0.255294,-0.574107,0
6280,-0.238997,-0.500616,-20.1626,15.7086,0.919983,-1.67233,19.9236,-16.2093,4073.63,-0.219969,-0.490584,0
6290,-0.236593,-0.552529,-20.1626,15.7086,0.240324,-5.19132,19.926,-16.2612,4036.11,-0.229831,-0.442235,0
6300,-0.237571,-0.580962,-20.1626,15.7086,-0.0978098,-2.84325,19.925,-16.2896,3983.76,-0.212496,-0.709472,0
6310,-0.239675,-0.632435,-20.1626,15.7086,-0.210358,-5.14735,19.9229,-16.3411,3919.25,-0.126286,-0.684975,0
6320,-0.24147,-0.685117,-20.1626,15.7086,-0.179539,-5.26821,19.9211,-16.3938,3849,-0.30361,-0.55194,0
6330,-0.232508,-0.6979,-20.1626,15.7086,0.8962,-1.27832,19.9301,-16.4065,3779,-0.405017,-0.714751,0
6340,-0.25028,-0.71083,-20.1626,15.7086,-1.77714,-1.29295,19.9123,-16.4195,3709.94,-0.192573,-0.723848,0
6350,-0.25002,-0.724861,-20.1626,15.7086,0.0259951,-1.40314,19.9126,-16.4335,3637.86,-0.175445,-0.807361,0
6360,-0.209925,-0.727826,-20.1626,15.7086,4.00943,-0.296487,19.9527,-16.4365,3563.4,-0.298486,-0.751164,0
6370,-0.12308,-0.744753,-20.1626,15.7086,8.68459,-1.69266,20.0395,-16.4534,3493.71,0.0486634,-0.719284,0
6380,-0.063417,-0.747994,-20.1626,15.7086,5.96626,-0.324088,20.0992,-16.4566,3429.84,0.0329326,-0.702775,0
6390,-0.0609308,-0.747504,-20.1626,15.7086,0.248621,0.0489722,20.1017,-16.4561,3366.04,-0.0768241,-0.75739,0
6400,-0.0615517,-0.733566,-20.1626,15.7086,-0.0620917,1.39379,20.1011,-16.4422,3302.42,-0.0204745,-0.626926,0
6410,-0.0891877,-0.726388,-20.1626,15.7086,-2.7636,0.717792,20.0734,-16.435,3243.05,-0.130266,-0.760577,0
6420,-0.112188,-0.724759,-20.1626,15.7086,-2.30004,0.162958,20.0504,-16.4334,3187.77,-0.223372,-0.719212,0
6430,-0.139655,-0.713722,-20.1626,15.7086,-2.74672,1.10369,20.0229,-16.4224,3134.54,-0.173383,-0.68891,0
6440,-0.161846,-0.677531,-20.1626,15.7086,-2.21906,3.61906,20.0008,-16.3862,3079.29,-0.0921362,-0.652094,0
6450,-0.192912,-0.645495,-20.1626,15.7086,-3.1066,3.20362,19.9697,-16.3541,3019,-0.298359,-0.546131,0
6460,-0.204237,-0.643259,-20.1626,15.7086,-1.13248,0.223552,19.9584,-16.3519,2958.71,-0.190272,-0.678389,0
6470,-0.204766,-0.633084,-20.1626,15.7086,-0.0528974,1.01749,19.9578,-16.3417,2904.63,-0.241361,-0.601237,0
6480,-0.215704,-0.633683,-20.1626,15.7086,-1.09382,-0.0598685,19.9469,-16.3423,2857.55,-0.195763,-0.701389,0
6490,-0.20507,-0.670081,-20.1626,15.7086,1.06334,-3.63981,19.9575,-16.3787,2814.57,-0.107095,-0.516562,0
6500,-0.17775,-0.695641,-20.1626,15.7086,2.73201,-2.556,19.9849,-16.4043,2771.59,-0.362124,-0.758523,0
6510,-0.164695,-0.707901,-20.1626,15.7086,1.30554,-1.22599,19.9979,-16.4165,2728.35,-0.149819,-0.714607,0
6520,-0.155205,-0.709009,-20.1626,15.7086,0.949033,-0.110838,20.0074,-16.4176,2687.71,-0.158429,-0.690975,0
6530,-0.16418,-0.708147,-20.1626,15.7086,-0.897565,0.0862129,19.9984,-16.4168,2649.72,-0.174211,-0.81067,0
6540,-0.164696,-0.696144,-20.1626,15.7086,-0.0515578,1.20029,19.9979,-16.4048,2613.63,-0.144837,-0.704137,0
6550,-0.176849,-0.665359,-20.1626,15.7086,-1.2153,3.07852,19.9858,-16.374,2581.39,-0.347749,-0.628538,0
6560,-0.178395,-0.656776,-20.1626,15.7086,-0.15464,0.858355,19.9842,-16.3654,2553.58,-0.309844,-0.514922,0
6570,-0.209934,-0.636702,-20.1626,15.7086,-3.15385,2.00741,19.9527,-16.3453,2527.7,-0.185444,-0.638154,0
6580,-0.270342,-0.632234,-20.1626,15.7086,-6.04082,0.446751,19.8923,-16.3409,2501.37,-0.110556,-0.679169,0
6590,-0.267474,-0.610778,-20.1626,15.7086,0.286798,2.14556,19.8951,-16.3194,2473.57,-0.226131,-0.496354,0
6600,-0.269576,-0.609069,-20.1626,15.7086,-0.210251,0.17095,19.893,-16.3177,2445.23,-0.3503,-0.657713,0
6610,-0.32343,-0.589314,-20.1626,15.7086,-5.38537,1.97545,19.8392,-16.298,2418.7,-0.302624,-0.583606,0
6620,-0.33782,-0.539154,-20.1626,15.7086,-1.439,5.01608,19.8248,-16.2478,2395.29,-0.467496,-0.435734,0
6630,-0.338943,-0.542475,-20.1626,15.7086,-0.112328,-0.332141,19.8237,-16.2511,2374.87,-0.411556,-0.594974,0
6640,-0.331716,-0.508484,-20.1626,15.7086,0.722782,3.3991,19.8309,-16.2171,2356.2,-0.326047,-0.41001,0
6650,-0.331396,-0.506977,-20.1626,15.7086,0.0319408,0.150702,19.8312,-16.2156,2338.59,-0.331396,-0.506977,0
6660,-0.331396,-0.506977,-20.1626,15.7086,2.70922e-06,1.27825e-05,19.8312,-16.2156,2324.82,-0.331396,-0.506977,2
6670,-0.331396,-0.506977,-20.1626,15.7086,0,0,19.8312,-16.2156,2317.72,-0.331396,-0.506977,2
6680,-0.331396,-0.506977,-20.1626,15.7086,0,0,19.8312,-16.2156,2315.59,-0.331396,-0.506977,2
6690,-0.331396,-0.506977,-20.1626,15.7086,0,0,19.8312,-16.2156,2315.25,-0.331396,-0.506977,2
6700,-0.331396,-0.506977,-20.1626,15.7086,0,0,19.8312,-16.2156,2315.22,-0.331396,-0.506977,2
6710,-0.331396,-0.506977,-20.1626,15.7086,0,0,19.8312,-16.2156,2315.22,-0.331396,-0.506977,2
6720,-0.331396,-0.506977,-20.1626,15.7086,0,0,19.8312,-16.2156,2315.22,-0.331396,-0.506977,2
6730,-0.331396,-0.506977,-20.1626,15.7086,0,0,19.8312,-16.2156,2315.22,-0.331396,-0.506977,2
6740,-0.331396,-0.506977,-20.1626,15.7086,0,0,19.8312,-16.2156,2315.22,-0.331396,-0.506977,2
6750,-0.331396,-0.506977,-20.1626,15.7086,0,0,19.8312,-16.2156,2315.22,-0.331396,-0.506977,2
6760,-0.331396,-0.506977,-20.1626,15.7086,0,0,19.8312,-16.2156,2315.22,-0.331396,-0.506977,2
6770,-0.331396,-0.506977,-20.1626,15.7086,0,0,19.8312,-16.2156,2315.22,-0.331396,-0.506977,2
6780,-0.331396,-0.506977,-20.1626,15.7086,0,0,19.8312,-16.2156,2315.22,-0.331396,-0.506977,2
6790,-0.331396,-0.506977,-20.1626,15.7086,0,0,19.8312,-16.2156,2315.22,-0.331396,-0.506977,2
6800,-0.331396,-0.506977,-20.1626,15.7086,0,0,19.8312,-16.2156,2315.22,-0.331396,-0.506977,2
6810,-0.331396,-0.506977,-20.1626,15.7086,0,0,19.8312,-16.2156,2315.22,-0.331396,-0.506977,2
6820,-0.331396,-0.506977,-20.1626,15.7086,0,0,19.8312,-16.2156,2315.22,-0.331396,-0.506977,2
6830,-0.331396,-0.506977,-20.1626,15.7086,0,0,19.8312,-16.2156,2315.22,-0.331396,-0.506977,2
6840,-0.331396,-0.506977,-20.1626,15.7086,0,0,19.8312,-16.2156,2315.22,-0.331396,-0.506977,2
6850,-0.331396,-0.506977,-20.1626,15.7086,0,0,19.8312,-16.2156,2315.22,-0.331396,-0.506977,2
6860,-0.331396,-0.506977,-20.1626,15.7086,0,0,19.8312,-16.2156,2315.22,-0.331396,-0.506977,2
6870,-0.331396,-0.506977,-20.1626,15.7086,0,0,19.8312,-16.2156,2315.22,-0.331396,-0.506977,2
6880,-0.331396,-0.506977,-20.1626,15.7086,0,0,19.8312,-16.2156,2315.22,-0.331396,-0.506977,2
6890,-0.331396,-0.506977,-20.1626,15.7086,0,0,19.8312,-16.2156,2313.33,-0.331396,-0.506977,2
6900,-0.331396,-0.506977,-20.1626,15.7086,0,0,19.8312,-16.2156,2300.72,-0.331396,-0.506977,2
6910,-0.115201,-0.91634,-20.1626,15.7086,21.6195,-40.9363,20.0474,-16.625,2259.62,-0.331396,-0.506977,2
6920,5.07297,-10.8381,-20.1626,15.7086,518.818,-992.176,25.2356,-26.5467,2186.24,11.0329,-34.565,0
6930,10.4446,-27.3754,-20.1626,15.7086,537.165,-1653.73,30.6072,-43.084,2112.85,11.0329,-34.565,2
6940,11.0138,-34.3083,-20.1626,15.7086,56.9183,-693.293,31.1764,-50.017,2071.75,11.0329,-34.565,2
6950,11.0329,-34.565,-20.1626,15.7086,1.91189,-25.6671,31.1955,-50.2736,2059.14,11.0329,-34.565,2
6960,11.0329,-34.565,-20.1626,15.7086,0.000163605,-0.00216928,31.1955,-50.2736,2057.08,11.0329,-34.565,2
6970,11.0329,-34.565,-20.1626,15.7086,0,0,31.1955,-50.2736,2056.92,11.0329,-34.565,2
6980,11.0329,-34.565,-20.1626,15.7086,0,0,31.1955,-50.2736,2056.92,11.0329,-34.565,2
6990,11.0329,-34.565,-20.1626,15.7086,0,0,31.1955,-50.2736,2056.92,11.0329,-34.565,2
7000,11.0329,-34.565,-20.1626,15.7086,0,0,31.1955,-50.2736,2056.92,11.0329,-34.565,2
7010,11.0329,-34.565,-20.1626,15.7086,0,0,31.1955,-50.2736,2056.92,11.0329,-34.565,2
7020,11.0329,-34.565,-20.1626,15.7086,0,0,31.1955,-50.2736,2056.92,11.0329,-34.565,2
7030,11.0329,-34.565,-20.1626,15.7086,0,0,31.1955,-50.2736,2056.92,11.0329,-34.565,2
7040,11.0329,-34.565,-20.1626,15.7086,0,0,31.1955,-50.2736,2056.92,11.0329,-34.565,2
7050,11.0329,-34.565,-20.1626,15.7086,0,0,31.1955,-50.2736,2056.92,11.0329,-34.565,2
7060,11.0329,-34.565,-20.1626,15.7086,0,0,31.1955,-50.2736,2056.92,11.0329,-34.565,2
7070,11.0329,-34.565,-20.1626,15.7086,0,0,31.1955,-50.2736,2056.92,11.0329,-34.565,2
7080,11.0329,-34.565,-20.1626,15.7086,0,0,31.1955,-50.2736,2056.92,11.0329,-34.565,2
7090,11.0329,-34.565,-20.1626,15.7086,0,0,31.1955,-50.2736,2056.92,11.0329,-34.565,2
7100,11.0329,-34.565,-20.1626,15.7086,0,0,31.1955,-50.2736,2056.92,11.0329,-34.565,2
7110,11.0329,-34.565,-20.1626,15.7086,0,0,31.1955,-50.2736,2056.92,11.0329,-34.565,2
7120,11.0329,-34.565,-20.1626,15.7086,0,0,31.1955,-50.2736,2056.92,11.0329,-34.565,2
7130,11.0329,-34.565,-20.1626,15.7086,0,0,31.1955,-50.2736,2056.92,11.0329,-34.565,2
7140,11.0329,-34.565,-20.1626,15.7086,0,0,31.1955,-50.2736,2056.92,11.0329,-34.565,2
7150,11.0329,-34.565,-20.1626,15.7086,0,0,31.1955,-50.2736,2056.92,11.0329,-34.565,2
7160,11.0329,-34.565,-20.1626,15.7086,0,0,31.1955,-50.2736,2056.92,11.0329,-34.565,2
7170,11.0329,-34.565,-20.1626,15.7086,0,0,31.1955,-50.2736,2056.92,11.0329,-34.565,2
7180,11.0329,-34.565,-20.1626,15.7086,0,0,31.1955,-50.2736,2056.92,11.0329,-34.565,2
7190,11.0329,-34.565,-20.1626,15.7086,0,0,31.1955,-50.2736,2056.92,11.0329,-34.565,2
7200,11.0329,-34.565,-20.1626,15.7086,0,0,31.1955,-50.2736,2056.92,11.0329,-34.565,2
7210,11.0329,-34.565,-20.1626,15.7086,0,0,31.1955,-50.2736,2056.92,11.0329,-34.565,2
7220,11.0329,-34.565,-20.1626,15.7086,0,0,31.1955,-50.2736,2056.92,11.0329,-34.565,2
7230,11.0329,-34.565,-20.1626,15.7086,0,0,31.1955,-50.2736,2056.92,11.0329,-34.565,2
7240,11.0329,-34.565,-20.1626,15.7086,0,0,31.1955,-50.2736,2056.92,11.0329,-34.565,2
7250,11.0329,-34.565,-20.1626,15.7086,0,0,31.1955,-50.2736,2056.92,11.0329,-34.565,2
7260,11.0329,-34.565,-20.1626,15.7086,0,0,31.1955,-50.2736,2056.92,11.0329,-34.565,2
7270,11.0329,-34.565,-20.1626,15.7086,0,0,31.1955,-50.2736,2056.92,11.0329,-34.565,2
7280,11.0329,-34.565,-20.1626,15.7086,0,0,31.1955,-50.2736,2056.92,11.0329,-34.565,2
7290,11.0329,-34.565,-20.1626,15.7086,0,0,31.1955,-50.2736,2056.92,11.0329,-34.565,2
7300,11.0329,-34.565,-20.1626,15.7086,0,0,31.1955,-50.2736,2056.92,11.0329,-34.565,2
7310,11.0329,-34.565,-20.1626,15.7086,0,0,31.1955,-50.2736,2056.92,11.0329,-34.565,2
7320,11.0329,-34.565,-20.1626,15.7086,0,0,31.1955,-50.2736,2056.92,11.0329,-34.565,2
7330,11.0329,-34.565,-20.1626,15.7086,0,0,31.1955,-50.2736,2056.92,11.0329,-34.565,2
7340,11.0329,-34.565,-20.1626,15.7086,0,0,31.1955,-50.2736,2056.92,11.0329,-34.565,2
7350,11.0329,-34.565,-20.1626,15.7086,0,0,31.1955,-50.2736,2056.92,11.0329,-34.565,2
7360,11.0329,-34.565,-20.1626,15.7086,0,0,31.1955,-50.2736,2056.92,11.0329,-34.565,2
7370,11.0329,-34.565,-20.1626,15.7086,0,0,31.1955,-50.2736,2056.92,11.0329,-34.565,2
7380,11.0329,-34.565,-20.1626,15.7086,0,0,31.1955,-50.2736,2056.92,11.0329,-34.565,2
7390,11.0329,-34.565,-20.1626,15.7086,0,0,31.1955,-50.2736,2056.92,11.0329,-34.565,2
7400,11.0329,-34.565,-20.1626,15.7086,0,0,31.1955,-50.2736,2056.92,11.0329,-34.565,2
7410,11.0329,-34.565,-20.1626,15.7086,0,0,31.1955,-50.2736,2056.92,11.0329,-34.565,2
7420,11.0329,-34.565,-20.1626,15.7086,0,0,31.1955,-50.2736,2056.92,11.0329,-34.565,2
7430,11.0329,-34.565,-20.1626,15.7086,0,0,31.1955,-50.2736,2056.92,11.0329,-34.565,2
7440,11.0329,-34.565,-20.1626,15.7086,0,0,31.1955,-50.2736,2056.92,11.0329,-34.565,2
7450,11.0329,-34.565,-20.1626,15.7086,0,0,31.1955,-50.2736,2056.92,11.0329,-34.565,2
