Resolution,1920,1080,Distance,58,Width,47.5,Subject,V004GCAURA,Test,TOPTVU-05082018-104149,Calibration,CC9-05082018-104112,Oscann, 4.0.8,libTracker, 1.0.7,crtime, 11072018-163928
Time(ms),GazeX(deg),GazeY(deg),StimulusX(deg),StimulusY(deg),GazeVelX(deg/s),GazeVelY(deg/s),ErrorX(deg),ErrorY(deg),PupilArea(px^2),GazeRawX(deg),GazeRawY(deg),Blinks
0,-0.862336,0.29812,0,0,0,0,-0.862336,0.29812,0,-0.861052,0.315864,2
6.907,-0.862336,0.29812,0,0,0,0,-0.862336,0.29812,0,-0.861052,0.315864,2
18.741,-0.862343,0.298121,0,0,-0.000594127,5.42385e-05,-0.862343,0.298121,0,-0.861052,0.315864,2
26.893,-0.862343,0.298121,0,0,0,0,-0.862343,0.298121,0,-0.861052,0.315864,2
38.589,-0.861052,0.315864,0,0,0.110451,1.51704,-0.861052,0.315864,0,-0.861052,0.315864,1
46.906,-0.861052,0.315864,0,0,0,0,-0.861052,0.315864,0,-0.861052,0.315864,1
58.737,-0.861052,0.315864,0,0,0,0,-0.861052,0.315864,0,-0.861052,0.315864,1
67.106,-0.861052,0.315864,0,0,0,0,-0.861052,0.315864,0,-0.861052,0.315864,1
79.097,-0.861052,0.315864,0,0,0,0,-0.861052,0.315864,0,-0.861052,0.315864,1
91.196,-0.861052,0.315864,0,0,0,0,-0.861052,0.315864,0,-0.861052,0.315864,1
98.895,-0.861052,0.315864,0,0,0,0,-0.861052,0.315864,0,-0.861052,0.315864,1
110.455,-0.861052,0.315864,0,0,0,0,-0.861052,0.315864,0,-0.861052,0.315864,1
118.456,-0.861052,0.315864,0,0,0,0,-0.861052,0.315864,0,-0.861052,0.315864,1
130.467,-0.861052,0.315864,0,0,0,0,-0.861052,0.315864,15.145,-0.861052,0.315864,1
138.485,-0.861052,0.315864,0,0,0,0,-0.861052,0.315864,131.904,-0.861052,0.315864,1
150.468,-0.861052,0.315864,0,0,0,0,-0.861052,0.315864,566.504,-0.861052,0.315864,1
158.485,-0.861052,0.315864,0,0,0,0,-0.861052,0.315864,1501.87,-0.861052,0.315864,1
171.536,-0.861052,0.315864,0,0,0,0,-0.861052,0.315864,2731.94,-0.861052,0.315864,1
179.515,-0.860266,0.326643,0,0,0.0985083,1.35089,-0.860266,0.326643,3775.7,-0.861052,0.315864,1
190.3,-0.854964,0.399015,0,0,0.491567,6.71038,-0.854964,0.399015,4435.44,-0.861052,0.315864,1
198.277,-0.836141,0.635778,0,0,2.35971,29.6808,-0.836141,0.635778,4861.62,-0.861052,0.315864,0
211.476,-0.772404,1.05832,0,0,4.82892,32.0133,-0.772404,1.05832,5178.24,-0.656319,2.13872,0
219.538,-0.635961,1.48103,0,0,16.9242,52.432,-0.635961,1.48103,5382.69,-0.388321,1.73708,0
230.269,-0.500957,1.72369,0,0,12.5808,22.6133,-0.500957,1.72369,5479,-0.275542,1.73254,0
239.198,-0.450864,1.80834,0,0,5.61013,9.48044,-0.450864,1.80834,5515.31,-0.309781,1.86452,0
250.964,-0.447241,1.83157,0,0,0.307876,1.97428,-0.447241,1.83157,5533.05,-0.434228,1.9702,0
259.22,-0.446559,1.84181,0,0,0.0826529,1.24009,-0.446559,1.84181,5547.85,-0.44689,1.88326,0
271.214,-0.450179,1.85095,0,0,-0.301849,0.762179,-0.450179,1.85095,5562.8,-0.4591,1.81759,0
279.229,-0.459276,1.85994,0,0,-1.13503,1.12109,-0.459276,1.85994,5576.75,-0.52591,1.74556,0
290.397,-0.47034,1.86577,0,0,-0.99064,0.522375,-0.47034,1.86577,5588.45,-0.605032,1.81325,0
299.218,-0.470985,1.86499,0,0,-0.0730781,-0.0889701,-0.470985,1.86499,5597.03,-0.459989,1.93329,0
310.992,-0.473361,1.86072,0,0,-0.201845,-0.362224,-0.473361,1.86072,5601.53,-0.480656,1.93195,0
319.003,-0.473499,1.85769,0,0,-0.0172488,-0.378163,-0.473499,1.85769,5602.85,-0.439587,1.92055,0
330.985,-0.468714,1.85903,0,0,0.399338,0.111451,-0.468714,1.85903,5602,-0.470523,1.86049,0
343.21,-0.467648,1.86721,0,0,0.0872044,0.669182,-0.467648,1.86721,5596.46,-0.53487,1.84535,0
351.185,-0.462809,1.87803,0,0,0.606865,1.3566,-0.462809,1.87803,5579.92,-0.436522,1.81948,0
362.387,-0.462204,1.88265,0,0,0.0539368,0.41285,-0.462204,1.88265,5548.23,-0.465351,1.82024,0
371.212,-0.461798,1.87613,0,0,0.0460785,-0.738613,-0.461798,1.87613,5501.42,-0.439885,1.83178,0
382.992,-0.462793,1.86381,0,0,-0.0844881,-1.04647,-0.462793,1.86381,5437.83,-0.479736,1.99158,0
391.213,-0.464358,1.85101,0,0,-0.190413,-1.55672,-0.464358,1.85101,5359.47,-0.306165,2.17506,0
403.22,-0.479256,1.81221,0,0,-1.24076,-3.23108,-0.479256,1.81221,5278.41,-0.480471,2.23883,0
411.27,-0.508999,1.63343,0,0,-3.69476,-22.2088,-0.508999,1.63343,5204.74,-0.458328,2.18629,0
422.481,-0.630698,1.10616,0,0,-10.8553,-47.0316,-0.630698,1.10616,5134.67,-0.850236,0.960245,0
431.761,-0.84375,0.115102,0,0,-22.9582,-106.795,-0.84375,0.115102,5055.4,-1.31609,-2.49527,0
442.627,-0.991062,-1.07304,0,0,-13.5571,-109.345,-0.991062,-1.07304,4960.84,-1.12795,-3.6,0
451.511,-1.06775,-1.95842,0,0,-8.63172,-99.6606,-1.06775,-1.95842,4857.63,-1.1585,-2.33731,0
463.468,-1.12176,-2.35643,0,0,-4.51758,-33.2863,-1.12176,-2.35643,4754.76,-1.19492,-2.65448,0
471.496,-1.12882,-2.4618,0,0,-0.879274,-13.125,-1.12882,-2.4618,4656.43,-1.1228,-2.58007,0
482.279,-1.13056,-2.47094,0,0,-0.160865,-0.848244,-1.13056,-2.47094,4560.86,-1.17354,-2.53537,0
491.473,-1.11791,-2.44961,0,0,1.37565,2.31972,-1.11791,-2.44961,4465.23,-1.09721,-2.43539,0
503.048,-1.10421,-2.39855,0,0,1.18321,4.41203,-1.10421,-2.39855,4374.61,-1.13877,-2.39759,0
510.977,-1.08827,-2.31957,0,0,2.01079,9.95974,-1.08827,-2.31957,4294.49,-1.00897,-2.28085,0
522.983,-1.077,-2.22515,0,0,0.938335,7.86448,-1.077,-2.22515,4220.29,-1.06992,-2.15249,0
531.245,-1.06837,-2.13085,0,0,1.0445,11.4138,-1.06837,-2.13085,4147.45,-1.06313,-2.04628,0
542.633,-1.06181,-2.04324,0,0,0.576686,7.69329,-1.06181,-2.04324,4082.02,-1.05506,-1.92729,0
551.815,-1.03748,-1.96927,0,0,2.64977,8.05599,-1.03748,-1.96927,4029.24,-0.957468,-1.9182,0
562.495,-1.00471,-1.91956,0,0,3.06779,4.6543,-1.00471,-1.91956,3982.56,-1.00143,-1.85988,0
571.06,-1.00165,-1.89496,0,0,0.357092,2.8731,-1.00165,-1.89496,3932.3,-1.01697,-1.77618,0
582.972,-0.99309,-1.9029,0,0,0.718898,-0.666926,-0.99309,-1.9029,3879.57,-0.966064,-1.69083,0
594.981,-0.997908,-2.00228,0,0,-0.401196,-8.27525,-0.997908,-2.00228,3835.46,-1.03651,-1.66914,0
603.467,-0.984176,-2.36347,0,0,1.61824,-42.563,-0.984176,-2.36347,3804.85,-0.991673,-1.85435,0
615.148,-0.398025,-3.17361,0,0,50.1799,-69.3556,-0.398025,-3.17361,3780.2,0.197987,-4.00418,0
623.731,0.4308,-4.24137,0,0,96.5658,-124.404,0.4308,-4.24137,3752.66,1.17131,-6.29954,0
634.339,0.928416,-5.14726,0,0,46.9095,-85.397,0.928416,-5.14726,3721.04,1.23169,-6.56423,0
643.17,1.18146,-5.68698,0,0,28.6541,-61.1168,1.18146,-5.68698,3690.95,1.19005,-5.97138,0
655.165,1.1944,-5.89592,0,0,1.07867,-17.4192,1.1944,-5.89592,3666.95,1.18572,-6.17912,0
663.173,1.19689,-5.94883,0,0,0.31122,-6.60697,1.19689,-5.94883,3647.25,1.20237,-6.01802,0
674.504,1.19705,-5.95138,0,0,0.0143867,-0.224881,1.19705,-5.95138,3627.61,1.31729,-5.99052,0
683.189,1.1991,-5.93021,0,0,0.235923,2.43704,1.1991,-5.93021,3607.08,1.20056,-5.94229,0
694.772,1.20254,-5.8768,0,0,0.296549,4.61102,1.20254,-5.8768,3588.62,1.19563,-5.89182,0
703.186,1.20677,-5.79385,0,0,0.50344,9.85861,1.20677,-5.79385,3574.91,1.23882,-5.67809,0
715.166,1.21661,-5.70506,0,0,0.821348,7.41163,1.21661,-5.70506,3564.79,1.21026,-5.68438,0
723.183,1.2186,-5.62136,0,0,0.248341,10.4407,1.2186,-5.62136,3554.95,1.16512,-5.52443,0
734.47,1.21941,-5.53889,0,0,0.0710274,7.30686,1.21941,-5.53889,3544.09,1.26879,-5.34967,0
743.194,1.20106,-5.46064,0,0,-2.10273,8.96856,1.20106,-5.46064,3533.76,1.18811,-5.4002,0
754.963,1.1879,-5.40225,0,0,-1.11813,4.96184,1.1879,-5.40225,3525.8,1.13116,-5.39665,0
763.179,1.18456,-5.36571,0,0,-0.407345,4.44718,1.18456,-5.36571,3520.88,1.17453,-5.34341,0
775.194,1.18159,-5.34475,0,0,-0.24717,1.74486,1.18159,-5.34475,3518.7,1.18898,-5.30359,0
783.164,1.17722,-5.33505,0,0,-0.547294,1.21667,1.17722,-5.33505,3518.16,1.19634,-5.14733,0
794.372,1.15377,-5.33113,0,0,-2.09255,0.34962,1.15377,-5.33113,3518.5,1.06559,-4.96064,0
803.462,1.15547,-5.34891,0,0,0.187146,-1.95542,1.15547,-5.34891,3520.08,1.02767,-4.94737,0
814.752,1.16829,-5.43847,0,0,1.13563,-7.93309,1.16829,-5.43847,3523.53,1.21473,-4.85976,0
822.943,1.5339,-5.7328,0,0,44.6358,-35.9336,1.5339,-5.7328,3528.6,2.59763,-6.1477,0
834.93,2.44991,-6.28099,0,0,76.4166,-45.7315,2.44991,-6.28099,3534.24,3.45378,-7.87914,0
846.955,3.19529,-6.84362,0,0,61.9854,-46.7885,3.19529,-6.84362,3539.04,3.48612,-7.81502,0
855.23,3.41582,-7.18377,0,0,26.6506,-41.1058,3.41582,-7.18377,3542.09,3.41326,-7.54941,0
866.464,3.45253,-7.31599,0,0,3.26755,-11.7702,3.45253,-7.31599,3543.75,3.47798,-7.51459,0
875.197,3.47532,-7.34937,0,0,2.61006,-3.82212,3.47532,-7.34937,3544.76,3.47308,-7.53054,0
886.776,3.49894,-7.3502,0,0,2.03954,-0.0714308,3.49894,-7.3502,3545.37,3.56171,-7.37351,0
894.755,3.53887,-7.33035,0,0,5.00467,2.48798,3.53887,-7.33035,3545.66,3.55946,-7.34547,0
906.757,3.56286,-7.27497,0,0,1.99936,4.61388,3.56286,-7.27497,3545.8,3.57382,-7.12248,0
914.745,3.57029,-7.18492,0,0,0.928939,11.273,3.57029,-7.18492,3545.98,3.53768,-7.15238,0
926.754,3.57918,-7.07977,0,0,0.740279,8.75644,3.57918,-7.07977,3546.29,3.59374,-6.99902,0
934.747,3.59681,-6.97757,0,0,2.20643,12.7857,3.59681,-6.97757,3546.82,3.62623,-6.89199,0
946.756,3.61292,-6.88282,0,0,1.34126,7.88979,3.61292,-6.88282,3547.6,3.64333,-6.75135,0
954.764,3.62223,-6.79686,0,0,1.16219,10.7341,3.62223,-6.79686,3549.08,3.61664,-6.71698,0
966.763,3.63499,-6.72081,0,0,1.06356,6.33844,3.63499,-6.72081,3552.68,3.62766,-6.73196,0
974.786,3.6355,-6.6425,0,0,0.0635704,9.76009,3.6355,-6.6425,3559.56,3.67797,-6.59052,0
986.992,3.63166,-6.54865,0,0,-0.314253,7.68958,3.63166,-6.54865,3568.09,3.6625,-6.49965,0
994.761,3.63029,-6.42629,0,0,-0.176528,15.7492,3.63029,-6.42629,3575.08,3.55193,-6.31313,0
1006.61,3.59364,-6.27156,0,0,-3.09232,13.0562,3.59364,-6.27156,3579.52,3.63643,-6.1385,0
1015.16,3.54955,-6.12158,0,0,-5.15641,17.5369,3.54955,-6.12158,3582.73,3.53421,-6.00081,0
1027.17,3.53987,-6.01811,0,0,-0.805835,8.62087,3.53987,-6.01811,3585.85,3.51683,-5.92799,0
1035.15,3.53346,-5.96112,0,0,-0.803954,7.14012,3.53346,-5.96112,3589.37,3.53658,-5.89648,0
1046.34,3.53071,-5.93513,0,0,-0.245748,2.32164,3.53071,-5.93513,3593.32,3.5885,-5.91715,0
1055.54,3.53076,-5.92586,0,0,0.00649642,1.00802,3.53076,-5.92586,3597.15,3.52622,-5.73787,0
1066.78,3.5344,-5.92575,0,0,0.323269,0.00981424,3.5344,-5.92575,3600.48,3.50684,-5.65697,0
1074.8,3.57595,-5.94268,0,0,5.18167,-2.11076,3.57595,-5.94268,3603.23,3.58741,-5.65341,0
1086.96,4.03959,-6.04302,0,0,38.1157,-8.24956,4.03959,-6.04302,3605.53,4.47011,-6.0665,0
1098.76,4.79175,-6.21691,0,0,63.7695,-14.7419,4.79175,-6.21691,3607.91,5.79262,-6.83523,0
1107.17,5.36853,-6.37241,0,0,68.5498,-18.4815,5.36853,-6.37241,3610.58,5.93799,-6.97754,0
1118.59,5.6267,-6.45294,0,0,22.605,-7.05147,5.6267,-6.45294,3613.38,5.6367,-6.7513,0
1127.16,5.64244,-6.46885,0,0,1.83719,-1.85675,5.64244,-6.46885,3616.14,5.61229,-6.64094,0
1138.67,5.66922,-6.46935,0,0,2.32609,-0.0441443,5.66922,-6.46935,3618.26,5.76103,-6.58278,0
1147.17,5.6675,-6.44687,0,0,-0.202593,2.64668,5.6675,-6.44687,3619.38,5.64362,-6.45424,0
1159.17,5.69195,-6.39713,0,0,2.03619,4.14332,5.69195,-6.39713,3619.94,5.75171,-6.26117,0
1167.17,5.6992,-6.32129,0,0,0.906696,9.4845,5.6992,-6.32129,3620.51,5.73299,-6.24376,0
1178.47,5.715,-6.24744,0,0,1.39773,6.53382,5.715,-6.24744,3621.51,5.62467,-6.18614,0
1187.77,5.72971,-6.17992,0,0,1.58225,7.26308,5.72971,-6.17992,3623.29,5.70845,-6.14634,0
1198.59,5.71487,-6.09919,0,0,-1.37093,7.45693,5.71487,-6.09919,3625.78,5.74078,-6.05533,0
1206.94,5.71345,-6.00154,0,0,-0.169296,11.6943,5.71345,-6.00154,3628.5,5.75247,-5.99183,0
1218.94,5.70578,-5.89133,0,0,-0.63963,9.18417,5.70578,-5.89133,3630.95,5.64894,-5.77715,0
1226.94,5.6868,-5.78761,0,0,-2.37387,12.9745,5.6868,-5.78761,3632.72,5.66966,-5.67415,0
1238.46,5.65408,-5.70459,0,0,-2.8385,7.2033,5.65408,-5.70459,3633.73,5.61879,-5.64534,0
1247.14,5.63012,-5.63991,0,0,-2.76122,7.4518,5.63012,-5.63991,3634.43,5.62614,-5.53668,0
1258.75,5.6099,-5.57675,0,0,-1.74167,5.44188,5.6099,-5.57675,3635.17,5.56566,-5.57488,0
1267.17,5.60889,-5.51,0,0,-0.120428,7.93011,5.60889,-5.51,3636.16,5.5955,-5.43547,0
1279.17,5.60736,-5.45117,0,0,-0.127883,4.90273,5.60736,-5.45117,3637.88,5.58201,-5.20248,0
1287.16,5.60773,-5.41761,0,0,0.0470602,4.19799,5.60773,-5.41761,3640.73,5.6547,-5.34834,0
1298.34,5.61854,-5.40746,0,0,0.96733,0.908374,5.61854,-5.40746,3643.96,5.64978,-5.13162,0
1307.16,5.61974,-5.40721,0,0,0.135582,0.0276471,5.61974,-5.40721,3646.31,5.58818,-5.07252,0
1318.92,5.65267,-5.42504,0,0,2.80055,-1.51605,5.65267,-5.42504,3647.39,5.54436,-4.91011,0
1327.28,6.05355,-5.52595,0,0,47.9692,-12.0753,6.05355,-5.52595,3647.73,6.47201,-5.60752,0
1339.16,6.64544,-5.69923,0,0,49.8053,-14.5807,6.64544,-5.69923,3647.88,7.21787,-6.47464,0
1350.73,6.98252,-5.85335,0,0,29.1465,-13.3263,6.98252,-5.85335,3648.01,7.30666,-6.36407,0
1358.93,7.10529,-5.9449,0,0,14.967,-11.1615,7.10529,-5.9449,3648.05,7.1545,-6.21612,0
1370.61,7.11478,-5.97712,0,0,0.812457,-2.75907,7.11478,-5.97712,3648,7.13239,-6.02166,0
1379.16,7.11376,-5.98304,0,0,-0.11895,-0.692839,7.11376,-5.98304,3647.82,7.07932,-6.04037,0
1390.47,7.08399,-5.97003,0,0,-2.63245,1.15124,7.08399,-5.97003,3647.44,7.08827,-5.98744,0
1399.15,7.06879,-5.93495,0,0,-1.75084,4.04008,7.06879,-5.93495,3646.62,7.01702,-5.92842,0
1411.16,7.06582,-5.87323,0,0,-0.247202,5.13794,7.06582,-5.87323,3644.85,7.05653,-5.75189,0
1419.16,7.06393,-5.80459,0,0,-0.236182,8.57946,7.06393,-5.80459,3641.91,7.0188,-5.78808,0
1430.46,7.06338,-5.75279,0,0,-0.0492658,4.58713,7.06338,-5.75279,3638.54,7.0722,-5.70542,0
1439.19,7.06303,-5.7183,0,0,-0.0403014,3.9467,7.06303,-5.7183,3636.05,7.07463,-5.67822,0
1450.74,7.06255,-5.69013,0,0,-0.0408392,2.43968,7.06255,-5.69013,3634.88,7.06732,-5.70584,0
1459.17,7.06905,-5.66148,0,0,0.77107,3.40046,7.06905,-5.66148,3634.45,7.04173,-5.60171,0
1471.19,7.06896,-5.62537,0,0,-0.0075442,3.00428,7.06896,-5.62537,3634.27,6.98771,-5.61731,0
1479.15,7.06717,-5.57824,0,0,-0.224675,5.91577,7.06717,-5.57824,3634.43,7.08356,-5.5602,0
1490.47,7.0664,-5.51823,0,0,-0.0683384,5.30369,7.0664,-5.51823,3635.21,7.08644,-5.49807,0
1499.16,7.07406,-5.44524,0,0,0.88128,8.39798,7.07406,-5.44524,3636.8,7.03422,-5.33597,0
1510.75,7.07337,-5.35861,0,0,-0.0592186,7.47736,7.07337,-5.35861,3639.29,7.0455,-5.31383,0
1519.19,7.06266,-5.26982,0,0,-1.2681,10.5159,7.06266,-5.26982,3642.45,7.09004,-5.17203,0
1531.15,7.01906,-5.19146,0,0,-3.64385,6.5489,7.01906,-5.19146,3645.65,6.97669,-5.10801,0
1539.17,6.95466,-5.12065,0,0,-8.03464,8.83358,6.95466,-5.12065,3648.38,6.8872,-5.1642,0
1550.46,6.89793,-5.0374,0,0,-5.02583,7.37598,6.89793,-5.0374,3650.96,6.82615,-4.92828,0
1559.15,6.8604,-4.93406,0,0,-4.31586,11.882,6.8604,-4.93406,3654.23,6.82287,-4.77168,0
1570.77,6.84966,-4.82818,0,0,-0.923943,9.11147,6.84966,-4.82818,3658.42,6.86172,-4.76238,0
1579.17,6.83851,-4.73299,0,0,-1.32768,11.3339,6.83851,-4.73299,3662.62,6.84225,-4.67783,0
1591.18,6.83743,-4.64876,0,0,-0.0900695,7.01392,6.83743,-4.64876,3665.6,6.8082,-4.56854,0
1602.48,6.82894,-4.56,0,0,-0.751576,7.85736,6.82894,-4.56,3667.09,6.76507,-4.4843,0
1610.45,6.82909,-4.45962,0,0,0.0189859,12.5877,6.82909,-4.45962,3667.74,6.86758,-4.40825,0
1622.76,6.84629,-4.35393,0,0,1.39786,8.59054,6.84629,-4.35393,3668.23,6.81237,-4.28379,0
1631.42,6.86785,-4.2551,0,0,2.48874,11.4081,6.86785,-4.2551,3669,6.93542,-4.19274,0
1642.46,6.87023,-4.16761,0,0,0.216171,7.92257,6.87023,-4.16761,3670.56,6.88499,-4.13259,0
1651.16,6.87717,-4.0879,0,0,0.797923,9.1681,6.87717,-4.0879,3673.26,6.85495,-4.06347,0
1663.17,6.87718,-4.00353,0,0,0.00126674,7.02357,6.87718,-4.00353,3676.47,6.84986,-3.80902,0
1671.19,6.87024,-3.91648,0,0,-0.865575,10.85,6.87024,-3.91648,3678.87,6.90712,-3.85708,0
1682.34,6.86746,-3.83955,0,0,-0.249531,6.8991,6.86746,-3.83955,3680.19,6.86145,-3.82134,0
1691.17,6.86324,-3.77736,0,0,-0.478085,7.0441,6.86324,-3.77736,3681.33,6.86863,-3.724,0
1702.75,6.85814,-3.73333,0,0,-0.44022,3.80187,6.85814,-3.73333,3682.59,6.8507,-3.63544,0
1711.16,6.85257,-3.71079,0,0,-0.662783,2.68068,6.85257,-3.71079,3684.1,6.82984,-3.57638,0
1723.17,6.84483,-3.70888,0,0,-0.64418,0.159023,6.84483,-3.70888,3687,6.85978,-3.4338,0
1731.16,6.82543,-3.75135,0,0,-2.42846,-5.31519,6.82543,-3.75135,3692.31,6.81505,-3.39081,0
1742.45,6.76581,-3.92224,0,0,-5.2806,-15.1375,6.76581,-3.92224,3698.97,6.72914,-3.71702,0
1751.13,6.57772,-4.29963,0,0,-21.6596,-43.4582,6.57772,-4.29963,3704.3,6.1439,-5.17165,0
1762.76,6.28395,-4.80646,0,0,-25.2551,-43.5718,6.28395,-4.80646,3707.13,6.06724,-5.94294,0
1771.18,6.12623,-5.23373,0,0,-18.7412,-50.7685,6.12623,-5.23373,3708.5,6.09808,-5.72487,0
1783.16,6.11199,-5.45102,0,0,-1.18852,-18.1382,6.11199,-5.45102,3709.63,6.147,-5.52902,0
1791.16,6.1037,-5.51134,0,0,-1.03577,-7.53516,6.1037,-5.51134,3710.79,6.1098,-5.56278,0
1802.47,6.1012,-5.5174,0,0,-0.220806,-0.535926,6.1012,-5.5174,3711.86,6.09456,-5.53681,0
1811.15,6.06443,-5.49654,0,0,-4.23478,2.40175,6.06443,-5.49654,3712.79,6.02149,-5.50934,0
1822.76,6.02839,-5.44247,0,0,-3.10434,4.65781,6.02839,-5.44247,3713.78,5.98089,-5.48164,0
1831.22,6.02663,-5.35596,0,0,-0.207929,10.2325,6.02663,-5.35596,3715.22,6.02609,-5.22737,0
1843.17,6.0264,-5.25961,0,0,-0.0194377,8.06282,6.0264,-5.25961,3717.61,6.02703,-5.21142,0
1855.17,6.02623,-5.17547,0,0,-0.0135365,7.00757,6.02623,-5.17547,3721.39,6.03397,-5.13922,0
1862.95,6.02586,-5.09292,0,0,-0.0483509,10.6091,6.02586,-5.09292,3726.82,6.02751,-5.03803,0
1874.49,6.01945,-4.99459,0,0,-0.555838,8.52454,6.01945,-4.99459,3733.52,5.97755,-4.83758,0
1883.23,6.00603,-4.88697,0,0,-1.53477,12.3125,6.00603,-4.88697,3740.06,5.99898,-4.78596,0
1894.75,5.99192,-4.79029,0,0,-1.22471,8.39251,5.99192,-4.79029,3744.82,5.98368,-4.75624,0
1903.16,5.98893,-4.7087,0,0,-0.355341,9.69711,5.98893,-4.7087,3747.75,5.98416,-4.56432,0
1915.14,5.98872,-4.62826,0,0,-0.017614,6.71494,5.98872,-4.62826,3750.63,5.91851,-4.59308,0
1923.16,5.98436,-4.53464,0,0,-0.54453,11.6778,5.98436,-4.53464,3755.15,6.00378,-4.47141,0
1934.45,5.98098,-4.39601,0,0,-0.298786,12.2828,5.98098,-4.39601,3761.18,6.04722,-4.3721,0
1943.16,5.86017,-4.10908,0,0,-13.866,32.9316,5.86017,-4.10908,3767.76,5.81175,-4.32174,0
1954.74,4.83577,-3.48082,0,0,-88.463,54.254,4.83577,-3.48082,3774.39,3.90278,-3.18179,0
1963.2,3.34756,-2.63968,0,0,-175.87,99.4024,3.34756,-2.63968,3780.7,2.73127,-1.88426,0
1975.21,2.71627,-1.97645,0,0,-52.5588,55.2186,2.71627,-1.97645,3786.5,2.36667,-1.41854,0
1983.18,2.63655,-1.61037,0,0,-10.0106,45.9659,2.63655,-1.61037,3791.36,2.60665,-1.5144,0
1994.48,2.5952,-1.44059,0,0,-3.65773,15.0197,2.5952,-1.44059,3794.83,2.60396,-1.38699,0
2003.2,2.57656,-1.33442,0,0,-2.13633,12.1702,2.57656,-1.33442,3797.43,2.57126,-1.23924,0
2014.77,2.54839,-1.18275,0,0,-2.43682,13.1169,2.54839,-1.18275,3799.7,2.52301,-1.21445,0
2023.19,2.50941,-0.917804,0,0,-4.62593,31.4435,2.50941,-0.917804,3800.93,2.44069,-0.966826,0
2035.18,2.40895,-0.554268,0,0,-8.37894,30.32,2.40895,-0.554268,3800.68,2.23273,-3.10368e-05,0
2043.17,2.28731,-0.229815,0,0,-15.2286,40.6227,2.28731,-0.229815,3799.67,2.34007,-0.0295064,0
2054.49,2.23993,-0.0478858,0,0,-4.18781,16.0786,2.23993,-0.0478858,3798.04,2.26454,-0.0194822,0
2063.19,2.22456,0.0400237,0,0,-1.76579,10.1022,2.22456,0.0400237,3795.2,2.21486,0.0515212,0
2074.8,2.21167,0.115867,0,0,-1.11083,6.53318,2.21167,0.115867,3791.54,2.19824,0.285662,0
2083.19,2.2158,0.207502,0,0,0.492432,10.9218,2.2158,0.207502,3788.18,2.28433,0.216068,0
2095.19,2.22139,0.306732,0,0,0.465243,8.2644,2.22139,0.306732,3785.19,2.19182,0.435941,0
2106.37,2.23319,0.394228,0,0,1.05671,7.8303,2.23319,0.394228,3781.71,2.2576,0.394529,0
2114.35,2.25548,0.469148,0,0,2.79187,9.38605,2.25548,0.469148,3776.31,2.2461,0.578726,0
2126.97,2.26257,0.582935,0,0,0.561389,9.01361,2.26257,0.582935,3764.32,2.27393,0.558946,0
2134.96,2.27523,0.892323,0,0,1.58601,38.7557,2.27523,0.892323,3737.48,2.27863,0.659717,0
2146.95,2.19392,1.69584,0,0,-6.77988,67.0043,2.19392,1.69584,3695.5,1.85428,1.91253,0
2155.19,1.86059,3.16852,0,0,-40.4278,178.615,1.86059,3.16852,3655.34,1.21643,4.11213,0
2167.16,1.42809,4.99799,0,0,-36.1502,152.915,1.42809,4.99799,3632.33,1.27144,6.28585,0
2175.2,1.27298,6.59498,0,0,-19.2875,198.581,1.27298,6.59498,3623.19,1.30674,7.96029,0
2186.38,1.31918,7.63452,0,0,4.1327,92.9911,1.31918,7.63452,3618.4,1.30617,8.71552,0
2195.22,1.35622,8.18313,0,0,4.19164,62.0807,1.35622,8.18313,3613.82,1.38206,8.33135,0
2206.81,1.38575,8.46277,0,0,2.54616,24.1151,1.38575,8.46277,3609.04,1.39233,8.52173,0
2215.82,1.36714,8.6245,0,0,-2.06661,17.9559,1.36714,8.6245,3604.31,1.34386,8.73718,0
2226.39,1.33628,8.71941,0,0,-2.91936,8.97941,1.33628,8.71941,3599.71,1.32598,8.76388,0
2234.38,1.31463,8.77593,0,0,-2.70935,7.07128,1.31463,8.77593,3594.42,1.25751,8.80169,0
2247.01,1.29018,8.82037,0,0,-1.93589,3.51961,1.29018,8.82037,3586.96,1.2521,8.95146,0
2255.53,1.29504,8.85986,0,0,0.570341,4.6362,1.29504,8.85986,3576.44,1.29841,8.89704,0
2266.53,1.30001,8.89123,0,0,0.451447,2.85018,1.30001,8.89123,3562.95,1.2868,8.90283,0
2275.26,1.30529,8.91537,0,0,0.606075,2.76646,1.30529,8.91537,3548.67,1.37218,8.99419,0
2287.24,1.32286,8.94098,0,0,1.46627,2.13819,1.32286,8.94098,3536.26,1.32754,8.9979,0
2295.24,1.33746,8.97714,0,0,1.82509,4.52091,1.33746,8.97714,3525.79,1.32812,8.92386,0
2306.59,1.34948,9.02585,0,0,1.05943,4.29087,1.34948,9.02585,3516.09,1.36516,9.0893,0
2315.22,1.35944,9.08502,0,0,1.15305,6.85182,1.35944,9.08502,3506.54,1.35609,9.13939,0
2327.24,1.37815,9.15185,0,0,1.55792,5.56396,1.37815,9.15185,3496.51,1.41014,9.22568,0
2335.23,1.39557,9.22428,0,0,2.17863,9.05833,1.39557,9.22428,3485.62,1.48639,9.25679,0
2347.24,1.41451,9.29849,0,0,1.57617,6.17689,1.41451,9.29849,3474.49,1.47872,9.3484,0
2359.25,1.42698,9.37148,0,0,1.03926,6.08049,1.42698,9.37148,3463.81,1.42464,9.42005,0
2367.27,1.44308,9.43925,0,0,2.00613,8.44461,1.44308,9.43925,3454.43,1.45427,9.51171,0
2379.04,1.44386,9.49366,0,0,0.0660932,4.626,1.44386,9.49366,3447.66,1.43126,9.53358,0
2387.03,1.43702,9.53083,0,0,-0.855694,4.65176,1.43702,9.53083,3443.59,1.4602,9.53025,0
2398.5,1.43195,9.56269,0,0,-0.442454,2.77553,1.43195,9.56269,3440.56,1.415,9.59027,0
2407.25,1.43743,9.60241,0,0,0.627373,4.54186,1.43743,9.60241,3436.67,1.4448,9.66853,0
2419.26,1.44589,9.65272,0,0,0.70386,4.18879,1.44589,9.65272,3431.64,1.38951,9.63445,0
2427.22,1.45616,9.71305,0,0,1.28992,7.5766,1.45616,9.71305,3427.23,1.53759,9.77057,0
2438.4,1.46847,9.77841,0,0,1.10236,5.84943,1.46847,9.77841,3424.9,1.49243,9.85927,0
2447.31,1.48414,9.83155,0,0,1.7584,5.96477,1.48414,9.83155,3424.26,1.55439,9.86623,0
2458.83,1.50066,9.85971,0,0,1.43386,2.44439,1.50066,9.85971,3424.57,1.44724,9.87618,0
2467.08,1.504,9.86904,0,0,0.404138,1.12984,1.504,9.86904,3425.99,1.49527,10.0257,0
2479.03,1.5329,9.86973,0,0,2.41994,0.0574931,1.5329,9.86973,3428.9,1.61572,9.97558,0
2487.07,1.5606,9.86715,0,0,3.44199,-0.320364,1.5606,9.86715,3433.44,1.47346,10.0906,0
2498.51,1.74996,9.85339,0,0,16.5516,-1.20295,1.74996,9.85339,3441.38,2.16625,9.91395,0
2507.26,2.2917,9.81688,0,0,61.9338,-4.17401,2.2917,9.81688,3455.48,3.22554,9.61312,0
2518.81,2.97059,9.76489,0,0,58.7631,-4.49949,2.97059,9.76489,3473.9,3.30138,9.40892,0
2527.01,3.27315,9.72595,0,0,36.9202,-4.75247,3.27315,9.72595,3490.37,3.34697,9.59286,0
2539.06,3.29652,9.70656,0,0,1.9397,-1.60877,3.29652,9.70656,3502.26,3.26584,9.67306,0
2547.07,3.30336,9.69843,0,0,0.853599,-1.01517,3.30336,9.69843,3512.68,3.30008,9.70166,0
2558.52,3.31138,9.69844,0,0,0.700488,0.000554645,3.31138,9.69844,3524.86,3.35789,9.72641,0
2567.26,3.33574,9.70778,0,0,2.78552,1.06836,3.33574,9.70778,3539.24,3.31292,9.6893,0
2578.83,3.37131,9.7335,0,0,3.07437,2.22247,3.37131,9.7335,3554.85,3.3999,9.6845,0
2586.84,3.4167,9.77705,0,0,5.67245,5.44279,3.4167,9.77705,3571.47,3.48231,9.85539,0
2599.24,3.47939,9.82761,0,0,5.0532,4.07629,3.47939,9.82761,3588.86,3.50918,9.8156,0
2611.25,3.51834,9.87247,0,0,3.24374,3.7357,3.51834,9.87247,3606.3,3.528,9.92866,0
2619.03,3.55538,9.90162,0,0,4.76228,3.7472,3.55538,9.90162,3624.51,3.60056,9.911,0
2630.39,3.57059,9.91501,0,0,1.33874,1.17924,3.57059,9.91501,3644.04,3.64209,10.0115,0
2639.67,3.57238,9.91671,0,0,0.193382,0.182716,3.57238,9.91671,3663.19,3.5867,9.94805,0
2651.24,3.59032,9.87908,0,0,1.55029,-3.25343,3.59032,9.87908,3679.97,3.52362,9.93868,0
2659.23,3.57596,9.66446,0,0,-1.7955,-26.8372,3.57596,9.66446,3698.02,3.41061,10.1091,0
2671.39,3.62578,8.9505,0,0,4.09895,-58.7326,3.62578,8.9505,3731.63,3.78258,9.31233,0
2679.1,4.39329,7.37854,0,0,99.4946,-203.781,4.39329,7.37854,3797.33,5.09743,6.14027,0
2690.54,5.59501,4.91968,0,0,105.083,-215.01,5.59501,4.91968,3894.98,6.08316,1.93713,0
2699.08,6.27974,1.95161,0,0,80.2067,-347.671,6.27974,1.95161,4002.31,6.78428,-2.38985,0
2710.88,6.91614,-0.982736,0,0,53.9321,-248.674,6.91614,-0.982736,4092.24,7.4582,-4.92146,0
2719.41,7.40119,-3.1939,0,0,56.8708,-259.252,7.40119,-3.1939,4154.95,7.57609,-5.54472,0
2731.39,7.42344,-4.34814,0,0,1.8572,-96.3314,7.42344,-4.34814,4198.41,7.41936,-4.70452,0
2739.42,7.42563,-4.76644,0,0,0.27227,-52.079,7.42563,-4.76644,4231.77,7.254,-5.06035,0
2750.31,7.42627,-4.86435,0,0,0.0591422,-8.99076,7.42627,-4.86435,4257.75,7.40788,-5.05149,0
2759.14,7.42642,-4.8772,0,0,0.0163803,-1.45515,7.42642,-4.8772,4277.09,7.36836,-5.03465,0
2770.96,7.42834,-4.87197,0,0,0.162766,0.442989,7.42834,-4.87197,4292.97,7.46484,-4.932,0
2779.15,7.44378,-4.8498,0,0,1.88564,2.70738,7.44378,-4.8498,4308.85,7.43669,-4.83286,0
2791.15,7.44863,-4.7949,0,0,0.403633,4.57253,7.44863,-4.7949,4324.86,7.44625,-4.77337,0
2798.72,7.45593,-4.70647,0,0,0.964319,11.6773,7.45593,-4.70647,4339.42,7.55098,-4.55635,0
2810.44,7.44863,-4.5971,0,0,-0.622643,9.33325,7.44863,-4.5971,4352.07,7.44887,-4.51346,0
2818.45,7.47229,-4.50175,0,0,2.95385,11.9036,7.47229,-4.50175,4363.06,7.54112,-4.39152,0
2830.44,7.50209,-4.44148,0,0,2.48634,5.02821,7.50209,-4.44148,4372.87,7.4362,-4.45097,0
2838.46,7.50433,-4.41373,0,0,0.278495,3.462,7.50433,-4.41373,4382.34,7.51124,-4.32311,0
2850.43,7.52918,-4.41497,0,0,2.07585,-0.104366,7.52918,-4.41497,4391.3,7.58478,-4.12661,0
2863.14,7.53187,-4.46393,0,0,0.212218,-3.85037,7.53187,-4.46393,4398.86,7.60568,-4.08524,0
2871.43,7.56466,-4.68306,0,0,3.95721,-26.4521,7.56466,-4.68306,4405.61,7.57024,-4.12337,0
2882.28,7.58519,-5.23785,0,0,1.89098,-51.0905,7.58519,-5.23785,4412.11,7.49324,-5.96301,0
2891.11,7.61925,-6.14013,0,0,3.86032,-102.253,7.61925,-6.14013,4417.07,7.79062,-8.95154,0
2902.92,7.6749,-7.08566,0,0,4.71263,-80.0819,7.6749,-7.08566,4419.41,7.94408,-8.86906,0
2911.13,7.69779,-7.71359,0,0,2.78916,-76.4838,7.69779,-7.71359,4419.57,7.67805,-8.06655,0
2923.14,7.70887,-7.97474,0,0,0.921105,-21.7284,7.70887,-7.97474,4417.9,7.72211,-8.42437,0
2931.13,7.70739,-8.03777,0,0,-0.184472,-7.88934,7.70739,-8.03777,4414.42,7.7229,-8.20901,0
2942.32,7.70739,-8.0362,0,0,-0.000196012,0.140112,7.70739,-8.0362,4409.85,7.59318,-8.15773,0
2951.16,7.71037,-8.00199,0,0,0.33771,3.87242,7.71037,-8.00199,4405.12,7.69753,-7.98329,0
2962.74,7.70507,-7.93695,0,0,-0.458107,5.61646,7.70507,-7.93695,4400.27,7.74347,-7.82893,0
2971.76,7.70196,-7.86538,0,0,-0.3447,7.9339,7.70196,-7.86538,4394.6,7.71043,-7.86989,0
2982.21,7.66864,-7.80219,0,0,-3.18653,6.04389,7.66864,-7.80219,4386.92,7.54959,-7.69871,0
2990.22,7.60838,-7.74039,0,0,-7.52725,7.71942,7.60838,-7.74039,4375.85,7.5601,-7.62594,0
3003.85,7.5989,-7.67894,0,0,-0.695377,4.5076,7.5989,-7.67894,4362.94,7.534,-7.554,0
3012.62,7.56802,-7.61262,0,0,-3.52295,7.56733,7.56802,-7.61262,4351.66,7.59151,-7.73669,0
3022.57,7.558,-7.55677,0,0,-1.00663,5.61003,7.558,-7.55677,4341.9,7.62128,-7.54072,0
3030.57,7.55381,-7.50108,0,0,-0.524158,6.96491,7.55381,-7.50108,4331.13,7.51945,-7.47937,0
3042.58,7.55343,-7.42979,0,0,-0.0316574,5.9358,7.55343,-7.42979,4319.61,7.55342,-7.38375,0
3051.14,7.55175,-7.34293,0,0,-0.195772,10.1477,7.55175,-7.34293,4309.05,7.51647,-7.29094,0
3062.74,7.55028,-7.25655,0,0,-0.126963,7.44149,7.55028,-7.25655,4299.13,7.54618,-7.18799,0
3071.17,7.55392,-7.18714,0,0,0.431855,8.2346,7.55392,-7.18714,4288.88,7.55668,-7.10621,0
3082.58,7.55851,-7.14317,0,0,0.402214,3.8541,7.55851,-7.14317,4279.39,7.56106,-7.0644,0
3091.21,7.56006,-7.12337,0,0,0.179235,2.29379,7.56006,-7.12337,4272.68,7.57891,-6.91182,0
3103.15,7.56008,-7.12095,0,0,0.00244277,0.20282,7.56008,-7.12095,4268.87,7.55706,-6.92404,0
3115.13,7.56072,-7.14515,0,0,0.0529332,-2.02034,7.56072,-7.14515,4266.1,7.69504,-6.87935,0
3122.91,7.56643,-7.24013,0,0,0.734276,-12.2086,7.56643,-7.24013,4262.2,7.55634,-7.03444,0
3134.42,7.56389,-7.44394,0,0,-0.2205,-17.709,7.56389,-7.44394,4254.79,7.50161,-8.67865,0
3143.14,7.52389,-7.70037,0,0,-4.58683,-29.3998,7.52389,-7.70037,4243.21,7.60111,-8.58854,0
3154.73,7.47556,-7.89408,0,0,-4.17042,-16.7152,7.47556,-7.89408,4231.13,7.45888,-8.21549,0
3163.14,7.43572,-7.97938,0,0,-4.73765,-10.1433,7.43572,-7.97938,4221.97,7.34696,-8.08906,0
3175.16,7.40253,-7.99732,0,0,-2.76061,-1.49251,7.40253,-7.99732,4214.36,7.37277,-8.09612,0
3183.19,7.40025,-7.99265,0,0,-0.283551,0.582034,7.40025,-7.99265,4206.33,7.4025,-8.01408,0
3194.94,7.3925,-7.96684,0,0,-0.659052,2.19549,7.3925,-7.96684,4199.15,7.39666,-7.83631,0
3204.22,7.39356,-7.92331,0,0,0.113595,4.69317,7.39356,-7.92331,4194.31,7.40682,-7.88488,0
3215.14,7.39778,-7.87605,0,0,0.386816,4.32867,7.39778,-7.87605,4191.14,7.30801,-7.83756,0
3223.4,7.39739,-7.83271,0,0,-0.0472521,5.24204,7.39739,-7.83271,4188.64,7.36658,-7.81131,0
3235.39,7.40391,-7.7848,0,0,0.544004,3.99616,7.40391,-7.7848,4186.21,7.45541,-7.76136,0
3243.13,7.41334,-7.71749,0,0,1.21833,8.70211,7.41334,-7.71749,4182.62,7.51667,-7.63179,0
3254.91,7.41192,-7.62651,0,0,-0.119985,7.72223,7.41192,-7.62651,4176.83,7.47819,-7.57924,0
3262.96,7.40901,-7.52545,0,0,-0.361771,12.5474,7.40901,-7.52545,4170.07,7.41184,-7.40877,0
3274.6,7.38599,-7.42777,0,0,-1.97855,8.39741,7.38599,-7.42777,4164.62,7.3316,-7.41734,0
3282.96,7.35734,-7.33979,0,0,-3.42429,10.5137,7.35734,-7.33979,4160.83,7.37629,-7.28438,0
3294.91,7.35469,-7.25899,0,0,-0.221688,6.76209,7.35469,-7.25899,4157.25,7.33692,-7.17302,0
3302.93,7.35351,-7.17205,0,0,-0.146899,10.8511,7.35351,-7.17205,4153.02,7.35047,-7.1618,0
3314.9,7.36124,-7.07806,0,0,0.645318,7.85011,7.36124,-7.07806,4148.78,7.47814,-6.98368,0
3322.92,7.36463,-6.99026,0,0,0.423079,10.9482,7.36463,-6.99026,4145.7,7.35699,-6.92964,0
3334.43,7.36366,-6.92142,0,0,-0.0843401,5.97938,7.36366,-6.92142,4144.16,7.37496,-6.87452,0
3342.91,7.36285,-6.87292,0,0,-0.0955119,5.72038,7.36285,-6.87292,4143.48,7.3616,-6.70068,0
3354.91,7.36217,-6.8457,0,0,-0.057037,2.26758,7.36217,-6.8457,4142.92,7.35006,-6.63635,0
3366.93,7.35664,-6.83507,0,0,-0.459964,0.884757,7.35664,-6.83507,4141.97,7.35027,-6.66555,0
3374.76,7.35716,-6.84393,0,0,0.0663499,-1.13255,7.35716,-6.84393,4139.45,7.38591,-6.59396,0
3386.92,7.38223,-6.91754,0,0,2.06112,-6.05219,7.38223,-6.91754,4132.74,7.23998,-6.51392,0
3394.9,7.64833,-7.17931,0,0,33.3627,-32.8201,7.64833,-7.17931,4120.52,8.31246,-7.22963,0
3406.43,8.47509,-7.68682,0,0,71.6992,-44.0119,8.47509,-7.68682,4106.28,9.84743,-8.74052,0
3414.89,9.4893,-8.21382,0,0,119.812,-62.2564,9.4893,-8.21382,4094.47,10.3622,-9.49542,0
3426.93,9.9047,-8.48381,0,0,34.519,-22.4363,9.9047,-8.48381,4085.7,9.94741,-8.77924,0
3434.74,9.95615,-8.55403,0,0,6.58419,-8.98615,9.95615,-8.55403,4078.42,9.98008,-8.67054,0
3446.73,9.95628,-8.55457,0,0,0.0110207,-0.0450002,9.95628,-8.55457,4070.93,9.88986,-8.66927,0
3455.44,9.92316,-8.519,0,0,-3.79923,4.08015,9.92316,-8.519,4062.69,9.98926,-8.43226,0
3466.44,9.88819,-8.46264,0,0,-3.18045,5.12645,9.88819,-8.46264,4054.99,9.88539,-8.45205,0
3475.14,9.8818,-8.40862,0,0,-0.734742,6.20581,9.8818,-8.40862,4048.61,9.88804,-8.39406,0
3487.75,9.86576,-8.35576,0,0,-1.27183,4.19204,9.86576,-8.35576,4042.83,9.84354,-8.32033,0
3493.96,9.85034,-8.29802,0,0,-2.48265,9.2941,9.85034,-8.29802,4037.12,9.83295,-8.27594,0
3505.89,9.8475,-8.23083,0,0,-0.237963,5.63317,9.8475,-8.23083,4031.42,9.88558,-8.17063,0
3513.9,9.84578,-8.14909,0,0,-0.21486,10.2084,9.84578,-8.14909,4025.91,9.84213,-7.99849,0
3525.89,9.86704,-8.05913,0,0,1.77337,7.50507,9.86704,-8.05913,4021.4,9.91615,-8.02878,0
3533.88,9.88949,-7.96085,0,0,2.81047,12.3,9.88949,-7.96085,4018.2,9.89305,-7.91444,0
3545.9,9.88693,-7.84823,0,0,-0.213533,9.36732,9.88693,-7.84823,4015.78,9.896,-7.7319,0
3555.4,9.88301,-7.7324,0,0,-0.411868,12.1879,9.88301,-7.7324,4013.85,9.89358,-7.60021,0
3567.42,9.87455,-7.63634,0,0,-0.704178,7.98991,9.87455,-7.63634,4012.42,9.86011,-7.56979,0
3574.62,9.86158,-7.56932,0,0,-1.80201,9.31784,9.86158,-7.56932,4011.38,9.86575,-7.54632,0
3586.94,9.84548,-7.51102,0,0,-1.30625,4.72987,9.84548,-7.51102,4010.72,9.80998,-7.48996,0
3595.73,9.80816,-7.43489,0,0,-4.24859,8.66686,9.80816,-7.43489,4010.42,9.71472,-7.37014,0
3606.74,9.76825,-7.34166,0,0,-3.62501,8.46784,9.76825,-7.34166,4010.3,9.77853,-7.23684,0
3618.94,9.75076,-7.25138,0,0,-1.43283,7.39545,9.75076,-7.25138,4010.12,9.74318,-7.21398,0
3626.43,9.74765,-7.16939,0,0,-0.415035,10.9492,9.74765,-7.16939,4009.72,9.74618,-7.10487,0
3639.21,9.74524,-7.0886,0,0,-0.18888,6.32432,9.74524,-7.0886,4008.94,9.82069,-7.01133,0
3647.38,9.74057,-7.01555,0,0,-0.570747,8.93659,9.74057,-7.01555,4007.6,9.74099,-6.94463,0
3658.72,9.73918,-6.957,0,0,-0.123354,5.16278,9.73918,-6.957,4005.72,9.68183,-6.94117,0
3667.42,9.73762,-6.89972,0,0,-0.178705,6.58579,9.73762,-6.89972,4003.1,9.71679,-6.83535,0
3678.94,9.73557,-6.83215,0,0,-0.178122,5.86294,9.73557,-6.83215,3999.27,9.7484,-6.77713,0
3687.15,9.72894,-6.7576,0,0,-0.808711,9.09032,9.72894,-6.7576,3994.01,9.81214,-6.69018,0
3698.92,9.736,-6.68355,0,0,0.600054,6.288,9.736,-6.68355,3987.89,9.76571,-6.66722,0
3706.91,9.7344,-6.60674,0,0,-0.201245,9.61699,9.7344,-6.60674,3982.49,9.70088,-6.51534,0
3718.4,9.73218,-6.52946,0,0,-0.192455,6.72488,9.73218,-6.52946,3978.87,9.75432,-6.53817,0
3727.13,9.7301,-6.44747,0,0,-0.239116,9.39022,9.7301,-6.44747,3976.32,9.71865,-6.27977,0
3739.18,9.72837,-6.35433,0,0,-0.143332,7.7289,9.72837,-6.35433,3973.87,9.65212,-6.29611,0
3746.45,9.74014,-6.25794,0,0,1.61998,13.2626,9.74014,-6.25794,3971.68,9.77543,-6.19377,0
3758.73,9.75256,-6.17045,0,0,1.01117,7.12284,9.75256,-6.17045,3970.28,9.797,-6.09975,0
3767.69,9.7556,-6.09424,0,0,0.338983,8.50661,9.7556,-6.09424,3969.59,9.75212,-6.11401,0
3778.43,9.75409,-6.0219,0,0,-0.140607,6.73667,9.75409,-6.0219,3969.18,9.75923,-5.86468,0
3787.12,9.75144,-5.95939,0,0,-0.305306,7.19437,9.75144,-5.95939,3968.86,9.74706,-5.84199,0
3799.11,9.72307,-5.91983,0,0,-2.36514,3.29857,9.72307,-5.91983,3968.69,9.66047,-5.81331,0
3806.33,9.72166,-5.91081,0,0,-0.195402,1.24855,9.72166,-5.91081,3968.72,9.65,-5.75609,0
3818.57,9.72594,-5.92729,0,0,0.350057,-1.34664,9.72594,-5.92729,3968.96,9.71845,-5.52829,0
3827.36,9.8363,-6.00261,0,0,12.5477,-8.56393,9.8363,-6.00261,3969.57,9.93441,-5.57119,0
3838.73,10.326,-6.18429,0,0,43.0964,-15.9887,10.326,-6.18429,3970.87,11.4071,-6.57292,0
3847.09,11.165,-6.4236,0,0,100.282,-28.6049,11.165,-6.4236,3973.07,12.0821,-7.02855,0
3858.73,11.7559,-6.57952,0,0,50.7918,-13.4014,11.7559,-6.57952,3976.21,11.9534,-6.846,0
3870.83,11.8737,-6.61758,0,0,9.72589,-3.14444,11.8737,-6.61758,3980.34,11.889,-6.6937,0
3878.57,11.887,-6.61693,0,0,1.72596,0.0848026,11.887,-6.61693,3985.15,11.8251,-6.67357,0
3891.11,11.9044,-6.59983,0,0,1.39044,1.36294,11.9044,-6.59983,3989.75,11.8635,-6.47687,0
3899.09,11.9047,-6.563,0,0,0.0313977,4.61353,11.9047,-6.563,3993.34,11.9201,-6.51978,0
3910.28,11.9218,-6.51978,0,0,1.52979,3.8648,11.9218,-6.51978,3995.81,11.9507,-6.53377,0
3919.12,11.9484,-6.46891,0,0,3.01319,5.75496,11.9484,-6.46891,3997.71,11.9819,-6.49117,0
3931.12,11.9632,-6.39623,0,0,1.22836,6.05783,11.9632,-6.39623,4000,12.0119,-6.36378,0
3938.42,11.9861,-6.31089,0,0,3.14468,11.6836,11.9861,-6.31089,4003.14,11.94,-6.19349,0
3950.29,11.995,-6.23065,0,0,0.746071,6.75893,11.995,-6.23065,4006.25,12.0059,-6.22944,0
3959.72,11.9994,-6.15772,0,0,0.463895,7.73355,11.9994,-6.15772,4008.33,11.9816,-6.14488,0
3970.59,12.0151,-6.08335,0,0,1.44548,6.84538,12.0151,-6.08335,4009.52,12.1019,-5.99549,0
3978.89,12.0137,-6.01689,0,0,-0.170754,8.00043,12.0137,-6.01689,4010.25,12.0792,-5.93598,0
3991.15,12.012,-5.98082,0,0,-0.138943,2.94351,12.012,-5.98082,4010.54,12.0333,-5.83448,0
3998.42,11.9999,-5.96884,0,0,-1.65961,1.64557,11.9999,-5.96884,4010.31,11.9576,-5.86203,0
4010.73,11.9997,-5.97824,0,0,-0.0166562,-0.763781,11.9997,-5.97824,4009.61,11.8753,-5.69601,0
4019.38,12.0266,-6.04949,0,0,3.10936,-8.23448,12.0266,-6.04949,4008.67,11.8904,-5.73127,0
4030.27,12.6409,-6.37332,0,0,56.4074,-29.7371,12.6409,-6.37332,4007.56,13.2696,-6.48433,0
4039.66,13.7587,-7.04703,0,0,119.049,-71.7472,13.7587,-7.04703,4005.49,15.158,-8.07046,0
4050.53,15.1792,-7.98602,0,0,130.728,-86.4155,15.1792,-7.98602,4001.76,17.0404,-9.04557,0
4058.53,17.0417,-8.98193,0,0,232.641,-124.395,17.0417,-8.98193,3997.39,19.0112,-10.2932,0
4071.24,18.5323,-9.70292,0,0,117.253,-56.7172,18.5323,-9.70292,3993.89,19.5769,-10.7818,0
4079.1,19.1963,-10.0448,0,0,84.5716,-43.5473,19.1963,-10.0448,3991.54,19.1432,-10.2976,0
4090.19,19.3176,-10.1433,0,0,10.9333,-8.87432,19.3176,-10.1433,3990.31,19.337,-10.2712,0
4099.11,19.3411,-10.1635,0,0,2.62911,-2.26252,19.3411,-10.1635,3989.91,19.3276,-10.2641,0
4111.39,19.344,-10.1555,0,0,0.24076,0.651618,19.344,-10.1555,3989.83,19.3632,-10.2149,0
4122.91,19.4077,-10.1294,0,0,5.52622,2.2669,19.4077,-10.1294,3989.73,19.4533,-10.059,0
4130.57,19.47,-10.0629,0,0,8.1325,8.67489,19.47,-10.0629,3989.4,19.4846,-10.0183,0
4143.12,19.5116,-9.96411,0,0,3.3139,7.86746,19.5116,-9.96411,3988.61,19.5312,-9.74485,0
4151.35,19.5365,-9.85813,0,0,3.03017,12.8901,19.5365,-9.85813,3987.09,19.5481,-9.79392,0
4162.33,19.5317,-9.75637,0,0,-0.43788,9.26813,19.5317,-9.75637,3984.52,19.5219,-9.71915,0
4171.77,19.5245,-9.66009,0,0,-0.75963,10.2007,19.5245,-9.66009,3980.6,19.6202,-9.62642,0
4181.9,19.5158,-9.56171,0,0,-0.865669,9.7036,19.5158,-9.56171,3974.86,19.5202,-9.51213,0
4191.11,19.5132,-9.46293,0,0,-0.276686,10.7306,19.5132,-9.46293,3966.91,19.4861,-9.28939,0
4203.71,19.5088,-9.36508,0,0,-0.354366,7.76475,19.5088,-9.36508,3956.67,19.4333,-9.21397,0
4211.42,19.5276,-9.27322,0,0,2.45024,11.9173,19.5276,-9.27322,3944.94,19.5624,-9.32251,0
4222.18,19.5533,-9.18412,0,0,2.38767,8.27964,19.5533,-9.18412,3934.35,19.6374,-9.04445,0
4231.09,19.5481,-9.09369,0,0,-0.58228,10.1451,19.5481,-9.09369,3927.14,19.6063,-8.99069,0
4243.11,19.5419,-9.00852,0,0,-0.515412,7.0854,19.5419,-9.00852,3922.12,19.545,-9.01667,0
4251.42,19.5349,-8.92564,0,0,-0.845249,9.9774,19.5349,-8.92564,3916.1,19.5017,-8.82186,0
4262.29,19.5293,-8.84735,0,0,-0.520222,7.2054,19.5293,-8.84735,3907.17,19.5467,-8.83065,0
4272.15,19.5246,-8.77161,0,0,-0.474815,7.68227,19.5246,-8.77161,3896.08,19.4793,-8.71194,0
4282.54,19.537,-8.6959,0,0,1.19091,7.28718,19.537,-8.6959,3884.42,19.5719,-8.60406,0
4290.88,19.5643,-8.63071,0,0,3.27921,7.81578,19.5643,-8.63071,3872.36,19.5751,-8.60293,0
4302,19.5755,-8.58233,0,0,1.00268,4.34841,19.5755,-8.58233,3859.02,19.5741,-8.46221,0
4309.87,19.5802,-8.54018,0,0,0.600285,5.35679,19.5802,-8.54018,3842.67,19.4809,-8.30967,0
4321.9,19.6837,-8.50374,0,0,8.60222,3.02967,19.6837,-8.50374,3821.38,19.8454,-8.24183,0
4329.88,20.5968,-8.60906,0,0,114.468,-13.2036,20.5968,-8.60906,3795.88,21.446,-8.68582,0
4341.86,21.7147,-8.77067,0,0,93.2433,-13.4796,21.7147,-8.77067,3770.73,22.6306,-9.20485,0
4349.86,22.2464,-8.84674,0,0,66.542,-9.51958,22.2464,-8.84674,3751.28,22.6455,-9.19777,0
4361.9,22.4829,-8.88229,0,0,19.6318,-2.9514,22.4829,-8.88229,3739.22,22.4711,-8.83139,0
4373.92,22.5179,-8.88178,0,0,2.91263,0.042627,22.5179,-8.88178,3732.32,22.4545,-8.8681,0
4381.86,22.5381,-8.86809,0,0,2.54388,1.72436,22.5381,-8.86809,3728.14,22.4984,-8.9075,0
4393.93,22.5422,-8.83215,0,0,0.34104,2.97673,22.5422,-8.83215,3724.89,22.5403,-8.73649,0
4401.89,22.5518,-8.7838,0,0,1.20907,6.07071,22.5518,-8.7838,3720.22,22.562,-8.80977,0
4413.89,22.5576,-8.73467,0,0,0.478409,4.09516,22.5576,-8.73467,3713.12,22.5626,-8.71918,0
4421.87,22.5543,-8.68835,0,0,-0.412961,5.80528,22.5543,-8.68835,3705.77,22.5397,-8.61095,0
4433.87,22.5501,-8.64274,0,0,-0.348042,3.79984,22.5501,-8.64274,3700.59,22.6173,-8.51865,0
4441.86,22.5332,-8.58771,0,0,-2.11792,6.88798,22.5332,-8.58771,3697.73,22.4741,-8.59421,0
4453.91,22.5243,-8.51473,0,0,-0.734105,6.05756,22.5243,-8.51473,3696.32,22.4785,-8.43445,0
4461.88,22.5164,-8.41543,0,0,-0.996859,12.4567,22.5164,-8.41543,3695.68,22.4994,-8.36137,0
4473.91,22.5074,-8.29864,0,0,-0.750119,9.70647,22.5074,-8.29864,3695.26,22.5896,-8.19344,0
4481.86,22.5017,-8.18334,0,0,-0.708112,14.5142,22.5017,-8.18334,3694.92,22.5316,-8.12196,0
4493.88,22.4932,-8.07155,0,0,-0.711134,9.2987,22.4932,-8.07155,3695.08,22.5568,-8.00641,0
4501.99,22.472,-7.95074,0,0,-2.61164,14.8909,22.472,-7.95074,3696.65,22.4661,-7.83743,0
4515.31,22.0867,-7.74637,0,0,-28.9307,15.3442,22.0867,-7.74637,3700.66,21.3041,-7.57828,0
4523.35,19.5888,-7.12863,0,0,-310.641,76.8236,19.5888,-7.12863,3708.55,17.3253,-6.5621,0
4534.16,16.1651,-6.35922,0,0,-316.954,71.229,16.1651,-6.35922,3723.6,14.8498,-5.8657,0
4543.12,14.1993,-5.87279,0,0,-219.392,54.2885,14.1993,-5.87279,3751.66,12.1879,-5.61546,0
4555.13,12.5089,-5.48596,0,0,-140.739,32.2067,12.5089,-5.48596,3793.78,10.7488,-5.14523,0
4563.15,11.1823,-5.19645,0,0,-165.405,36.0977,11.1823,-5.19645,3837.27,10.725,-5.03249,0
4574.3,10.81,-5.06872,0,0,-33.3888,11.4541,10.81,-5.06872,3867.04,10.8161,-5.06172,0
4583.12,10.7308,-4.99668,0,0,-8.97986,8.16724,10.7308,-4.99668,3881.31,10.6348,-4.87107,0
4594.7,10.6709,-4.93171,0,0,-5.1648,5.6082,10.6709,-4.93171,3887.46,10.679,-4.90785,0
4603.13,10.6533,-4.87222,0,0,-2.09277,7.05758,10.6533,-4.87222,3891.4,10.662,-4.85657,0
4614.9,10.6451,-4.81558,0,0,-0.697034,4.81562,10.6451,-4.81558,3894.64,10.6319,-4.74549,0
4627.1,10.6434,-4.76494,0,0,-0.138614,4.14734,10.6434,-4.76494,3897.44,10.6496,-4.74071,0
4634.42,10.6337,-4.7099,0,0,-1.32646,7.52656,10.6337,-4.7099,3900.4,10.5736,-4.74805,0
4647.1,10.6053,-4.6323,0,0,-2.24511,6.12077,10.6053,-4.6323,3903.31,10.6262,-4.57393,0
4655.69,10.5764,-4.53794,0,0,-3.35408,10.9784,10.5764,-4.53794,3905.67,10.5685,-4.46849,0
4666.25,10.5676,-4.44747,0,0,-0.83255,8.567,10.5676,-4.44747,3908.01,10.5905,-4.42805,0
4675.11,10.5556,-4.36506,0,0,-1.35636,9.30654,10.5556,-4.36506,3910.79,10.4849,-4.28476,0
4687.13,10.5347,-4.29004,0,0,-1.74154,6.23822,10.5347,-4.29004,3913.7,10.5222,-4.22482,0
4694.43,10.5326,-4.22236,0,0,-0.285698,9.27783,10.5326,-4.22236,3916.41,10.5417,-4.21037,0
4706.42,10.5319,-4.15495,0,0,-0.0571316,5.62182,10.5319,-4.15495,3919.39,10.5124,-4.05104,0
4714.38,10.5446,-4.09847,0,0,1.59909,7.08845,10.5446,-4.09847,3923.25,10.6016,-4.0928,0
4726.4,10.5829,-4.06812,0,0,3.18348,2.52696,10.5829,-4.06812,3927.32,10.5302,-3.96715,0
4735.37,10.6005,-4.05666,0,0,1.9567,1.27675,10.6005,-4.05666,3930.45,10.6146,-4.04377,0
4747.13,10.6004,-4.05544,0,0,-0.000999415,0.10366,10.6004,-4.05544,3932.7,10.6286,-3.86959,0
4754.48,10.5841,-4.06584,0,0,-2.22417,-1.41456,10.5841,-4.06584,3935.6,10.5964,-3.76004,0
4766.7,10.5518,-4.10907,0,0,-2.64284,-3.53951,10.5518,-4.10907,3940.67,10.4641,-3.81497,0
4774.77,10.1061,-4.16111,0,0,-55.2705,-6.45238,10.1061,-4.16111,3947.49,8.96622,-4.18825,0
4786.59,9.15226,-4.20405,0,0,-80.6316,-3.6298,9.15226,-4.20405,3953.52,7.87054,-4.73753,0
4795.37,8.40404,-4.26724,0,0,-85.2672,-7.20096,8.40404,-4.26724,3956.81,8.17009,-4.73446,0
4806.73,8.19537,-4.33381,0,0,-18.3689,-5.86058,8.19537,-4.33381,3957.87,8.19674,-4.46726,0
4814.53,8.1676,-4.3627,0,0,-3.55944,-3.70169,8.1676,-4.3627,3958.01,8.15574,-4.48822,0
4827.09,8.13581,-4.36407,0,0,-2.5309,-0.109354,8.13581,-4.36407,3957.68,8.0814,-4.39896,0
4835.09,8.09204,-4.35258,0,0,-5.47394,1.43739,8.09204,-4.35258,3956.46,8.00669,-4.381,0
4846.26,8.06573,-4.32781,0,0,-2.35491,2.2167,8.06573,-4.32781,3953.89,8.04753,-4.22861,0
4855.2,8.06015,-4.2847,0,0,-0.624705,4.82155,8.06015,-4.2847,3949.88,8.14893,-4.16244,0
4867.16,8.05166,-4.22209,0,0,-0.709544,5.23668,8.05166,-4.22209,3944.54,8.06462,-4.25166,0
4879.11,8.04127,-4.14737,0,0,-0.869721,6.25341,8.04127,-4.14737,3938.12,8.03571,-4.03202,0
4886.46,8.01984,-4.07865,0,0,-2.91506,9.34851,8.01984,-4.07865,3931.02,7.97714,-4.06603,0
4899.11,7.96616,-4.03234,0,0,-4.24405,3.66133,7.96616,-4.03234,3924.18,7.91652,-3.98181,0
4907.69,7.9296,-4.01321,0,0,-4.26171,2.22953,7.9296,-4.01321,3918.86,7.92369,-3.84877,0
4918.24,7.92788,-4.01519,0,0,-0.16317,-0.186841,7.92788,-4.01519,3915.17,7.89499,-3.72078,0
4927.08,7.92289,-4.0525,0,0,-0.56332,-4.21673,7.92289,-4.0525,3911.86,7.9379,-3.70255,0
4939.09,7.91269,-4.19589,0,0,-0.850206,-11.9453,7.91269,-4.19589,3907.98,7.99696,-3.67928,0
4946.68,7.63586,-4.4935,0,0,-36.4681,-39.206,7.63586,-4.4935,3903.9,6.84571,-4.51829,0
4958.68,6.82473,-4.88864,0,0,-67.5939,-32.928,6.82473,-4.88864,3899.92,5.49093,-5.82639,0
4967.43,6.01517,-5.28797,0,0,-92.5638,-45.6587,6.01517,-5.28797,3895.37,5.66018,-6.27694,0
4978.53,5.70661,-5.58722,0,0,-27.7927,-26.9543,5.70661,-5.58722,3890.66,5.64304,-5.84208,0
4986.88,5.6632,-5.72818,0,0,-5.19568,-16.872,5.6632,-5.72818,3886.82,5.73521,-5.8447,0
4999.69,5.66168,-5.76563,0,0,-0.118805,-2.92493,5.66168,-5.76563,3884,5.62181,-5.85407,0
5005.99,5.65629,-5.7661,0,0,-0.854349,-0.0745872,5.65629,-5.7661,3882.02,5.64965,-5.77052,0
5017.86,5.65517,-5.75107,0,0,-0.094626,1.26682,5.65517,-5.75107,3880.44,5.68186,-5.66797,0
5025.91,5.63541,-5.716,0,0,-2.45611,4.35935,5.63541,-5.716,3878.28,5.62088,-5.70506,0
5038.01,5.62223,-5.66172,0,0,-1.08894,4.48419,5.62223,-5.66172,3875.28,5.59217,-5.64853,0
5045.9,5.60629,-5.58188,0,0,-2.02177,10.1233,5.60629,-5.58188,3872,5.62379,-5.58338,0
5057.85,5.58957,-5.47925,0,0,-1.39832,8.58665,5.58957,-5.47925,3869,5.58154,-5.36686,0
5065.84,5.57747,-5.37246,0,0,-1.51587,13.3774,5.57747,-5.37246,3866.86,5.55909,-5.328,0
5077.86,5.54384,-5.27233,0,0,-2.79618,8.32458,5.54384,-5.27233,3865.39,5.51451,-5.19231,0
5086.06,5.54236,-5.18924,0,0,-0.180917,10.1427,5.54236,-5.18924,3863.6,5.46783,-5.09211,0
5097.87,5.54118,-5.12112,0,0,-0.0998639,5.76418,5.54118,-5.12112,3861.09,5.49857,-5.06245,0
5107.36,5.5425,-5.07355,0,0,0.138886,5.01436,5.5425,-5.07355,3858.51,5.58023,-5.00204,0
5118.9,5.57283,-5.05352,0,0,2.62922,1.73628,5.57283,-5.05352,3856.62,5.55589,-4.77328,0
5131.37,5.57986,-5.05032,0,0,0.563935,0.256414,5.57986,-5.05032,3855.57,5.62594,-4.88309,0
5138.35,5.57983,-5.07851,0,0,-0.00428175,-4.03932,5.57983,-5.07851,3855.04,5.5804,-4.79083,0
5150.51,5.53924,-5.19806,0,0,-3.33798,-9.83087,5.53924,-5.19806,3854.76,5.58127,-4.73928,0
5159.66,4.66418,-5.39197,0,0,-95.6242,-21.1902,4.66418,-5.39197,3854.65,3.84371,-5.29226,0
5170.39,2.70216,-5.59683,0,0,-182.786,-19.085,2.70216,-5.59683,3854.64,1.51372,-6.07559,0
5179.09,1.23073,-5.82123,0,0,-169.188,-25.8024,1.23073,-5.82123,3854.68,0.485996,-6.6329,0
5191.1,0.824978,-5.99236,0,0,-33.7928,-14.2526,0.824978,-5.99236,3854.78,0.843868,-6.32192,0
5198.41,0.772288,-6.05738,0,0,-7.19914,-8.88305,0.772288,-6.05738,3854.95,0.766638,-6.29563,0
5210.69,0.752727,-6.06846,0,0,-1.59367,-0.903051,0.752727,-6.06846,3855.12,0.770182,-6.14461,0
5219.36,0.750469,-6.06815,0,0,-0.260451,0.0364458,0.750469,-6.06815,3855.24,0.688865,-6.09737,0
5230.38,0.716226,-6.05505,0,0,-3.10847,1.18926,0.716226,-6.05505,3855.23,0.695577,-6.04114,0
5239.12,0.697392,-6.02362,0,0,-2.15344,3.59366,0.697392,-6.02362,3855.09,0.697923,-6.04543,0
5251.36,0.671507,-5.96149,0,0,-2.11445,5.07516,0.671507,-5.96149,3854.74,0.630218,-5.90996,0
5258.32,0.641743,-5.87491,0,0,-4.28005,12.45,0.641743,-5.87491,3853.81,0.64052,-5.76973,0
5270.56,0.632994,-5.78035,0,0,-0.714895,7.72697,0.632994,-5.78035,3851.45,0.658426,-5.73925,0
5279.35,0.5595,-5.68079,0,0,-8.35354,11.3163,0.5595,-5.68079,3846.84,0.425105,-5.55965,0
5290.38,-0.113982,-5.52514,0,0,-61.0979,14.1202,-0.113982,-5.52514,3840,-1.74616,-5.33192,0
5299.08,-1.95394,-5.25248,0,0,-211.489,31.3397,-1.95394,-5.25248,3833.12,-4.4951,-4.87026,0
5311.1,-4.98616,-4.86392,0,0,-252.223,32.3215,-4.98616,-4.86392,3828.99,-6.8935,-4.51532,0
5318.42,-6.96415,-4.60355,0,0,-270.107,35.555,-6.96415,-4.60355,3827.67,-7.51427,-4.57315,0
5330.7,-7.21414,-4.52343,0,0,-20.3655,6.52657,-7.21414,-4.52343,3827.69,-7.17344,-4.57332,0
5339.41,-7.2822,-4.46149,0,0,-7.80731,7.106,-7.2822,-4.46149,3828.73,-7.25896,-4.40097,0
5350.38,-7.30763,-4.40759,0,0,-2.31918,4.91477,-7.30763,-4.40759,3831.3,-7.31827,-4.42137,0
5359.12,-7.30569,-4.35603,0,0,0.222356,5.90263,-7.30569,-4.35603,3834.9,-7.27792,-4.33298,0
5371.14,-7.31929,-4.29456,0,0,-1.13169,5.11265,-7.31929,-4.29456,3838.03,-7.33778,-4.2222,0
5382.91,-7.37357,-4.21383,0,0,-4.60956,6.8568,-7.37357,-4.21383,3840.04,-7.42302,-4.16392,0
5390.57,-7.42932,-4.11362,0,0,-7.28144,13.0868,-7.42932,-4.11362,3841.15,-7.48085,-3.96371,0
5403.14,-7.43732,-4.00243,0,0,-0.636281,8.84757,-7.43732,-4.00243,3841.58,-7.45398,-3.93374,0
5411.44,-7.43235,-3.89045,0,0,0.598463,13.4842,-7.43235,-3.89045,3841.32,-7.40594,-3.79736,0
5422.29,-7.43323,-3.78591,0,0,-0.0815243,9.63893,-7.43323,-3.78591,3839.31,-7.43563,-3.69185,0
5431.12,-7.43582,-3.65822,0,0,-0.293122,14.4483,-7.43582,-3.65822,3832.83,-7.36187,-3.66006,0
5442.4,-7.54001,-3.40104,0,0,-9.2372,22.8015,-7.54001,-3.40104,3818.81,-7.79779,-3.58601,0
5450.36,-8.42571,-2.87921,0,0,-111.311,65.5813,-8.42571,-2.87921,3799.2,-9.24076,-2.45285,0
5462.39,-9.38224,-2.26769,0,0,-79.4923,50.8203,-9.38224,-2.26769,3782.09,-9.948,-1.67663,0
5470.41,-9.59684,-1.83326,0,0,-26.7545,54.1612,-9.59684,-1.83326,3772.66,-9.67759,-1.38037,0
5482.38,-9.62669,-1.5964,0,0,-2.4942,19.7948,-9.62669,-1.5964,3768.79,-9.53462,-1.58532,0
5490.4,-9.62277,-1.48121,0,0,0.488507,14.3596,-9.62277,-1.48121,3766.81,-9.61142,-1.50762,0
5502.4,-9.61589,-1.41679,0,0,0.572809,5.36686,-9.61589,-1.41679,3764.88,-9.61834,-1.44068,0
5510.39,-9.61152,-1.3722,0,0,0.547198,5.58382,-9.61152,-1.3722,3761.66,-9.60697,-1.33126,0
5522.4,-9.62194,-1.32887,0,0,-0.867321,3.60677,-9.62194,-1.32887,3755.81,-9.66293,-1.30118,0
5530.38,-9.6449,-1.27107,0,0,-2.87861,7.24743,-9.6449,-1.27107,3747.53,-9.65861,-1.23975,0
5542.4,-9.65512,-1.19138,0,0,-0.84971,6.62793,-9.65512,-1.19138,3738.93,-9.66141,-1.15406,0
5550.39,-9.65175,-1.09409,0,0,0.422328,12.1874,-9.65175,-1.09409,3730.63,-9.65324,-1.02365,0
5563.4,-9.63711,-0.964711,0,0,1.12474,9.94364,-9.63711,-0.964711,3719.15,-9.63795,-0.939256,0
5570.37,-9.60013,-0.660207,0,0,5.30652,43.6941,-9.60013,-0.660207,3699.07,-9.65013,-0.857113,0
5582.27,-9.46219,0.164121,0,0,11.5897,69.2596,-9.46219,0.164121,3668.3,-9.49013,-0.27164,0
5591.65,-9.00233,1.75429,0,0,49.0354,169.564,-9.00233,1.75429,3631.96,-8.33659,2.62957,0
5602.34,-7.75335,3.76417,0,0,116.825,187.997,-7.75335,3.76417,3599.03,-6.65613,5.62905,0
5610.85,-6.51156,5.57718,0,0,145.785,212.844,-6.51156,5.57718,3575.49,-5.66906,7.35878,0
5622.9,-5.65152,6.87103,0,0,71.4139,107.436,-5.65152,6.87103,3562.04,-4.45275,8.14782,0
5634.9,-4.6428,7.66143,0,0,84.0113,65.8282,-4.6428,7.66143,3555.07,-4.06302,8.23643,0
5642.51,-4.05966,8.08724,0,0,76.6783,55.9909,-4.05966,8.08724,3549.36,-3.8522,8.32543,0
5654.92,-3.89473,8.31204,0,0,13.2921,18.1168,-3.89473,8.31204,3543.04,-3.80874,8.31042,0
5663.4,-3.77898,8.53464,0,0,13.6387,26.2284,-3.77898,8.53464,3536.58,-3.77611,8.5098,0
5674.31,-3.59988,8.93634,0,0,16.4205,36.8295,-3.59988,8.93634,3526.77,-3.44441,8.77629,0
5682.88,-2.96728,9.57898,0,0,73.8334,75.0056,-2.96728,9.57898,3510.85,-2.4345,10.0597,0
5694.9,-2.09485,10.3514,0,0,72.5754,64.2565,-2.09485,10.3514,3493.25,-1.02852,11.5965,0
5702.46,-0.999877,11.0385,0,0,144.761,90.8342,-0.999877,11.0385,3480.18,-0.0838542,11.7019,0
5714.9,-0.203296,11.506,0,0,64.039,37.5861,-0.203296,11.506,3471.98,-0.120035,11.7987,0
5723.47,-0.104294,11.7649,0,0,11.5563,30.2215,-0.104294,11.7649,3464.97,-0.196772,11.8438,0
5734.32,-0.0537534,11.9083,0,0,4.65938,13.2148,-0.0537534,11.9083,3457.26,-0.027866,11.9944,0
5743.82,-0.00978793,12.0163,0,0,4.62843,11.3731,-0.00978793,12.0163,3448.39,0.0601783,12.1418,0
5754.49,0.049293,12.1132,0,0,5.53347,9.07428,0.049293,12.1132,3437.14,0.0876256,12.1644,0
5762.44,0.0804253,12.1999,0,0,3.91552,10.9022,0.0804253,12.1999,3424.31,0.0809426,12.2767,0
5775.22,0.128212,12.2701,0,0,3.74062,5.49709,0.128212,12.2701,3413.71,0.221861,12.4034,0
5783.16,0.208702,12.324,0,0,10.1399,6.78674,0.208702,12.324,3407.64,0.283101,12.4347,0
5794.22,0.267436,12.3753,0,0,5.31137,4.6431,0.267436,12.3753,3404.8,0.297038,12.4971,0
5802.22,0.313091,12.4327,0,0,5.70129,7.16878,0.313091,12.4327,3402.49,0.377546,12.3401,0
5814.21,0.383008,12.4844,0,0,5.83463,4.3168,0.383008,12.4844,3399.13,0.427033,12.5304,0
5822.91,0.42752,12.5173,0,0,5.11219,3.76861,0.42752,12.5173,3395.19,0.509473,12.5317,0
5834.93,0.434475,12.5397,0,0,0.578999,1.865,0.434475,12.5397,3391.79,0.451138,12.5296,0
5842.93,0.443074,12.5763,0,0,1.0741,4.57867,0.443074,12.5763,3389.34,0.541681,12.5288,0
5854.31,0.450178,12.637,0,0,0.624337,5.33154,0.450178,12.637,3387.75,0.396886,12.7463,0
5863.15,0.469347,12.6972,0,0,2.16773,6.80933,0.469347,12.6972,3386.6,0.414573,12.7344,0
5875.17,0.456613,12.731,0,0,-1.05941,2.81283,0.456613,12.731,3385.5,0.451692,12.8376,0
5886.97,0.448373,12.7413,0,0,-0.69866,0.874371,0.448373,12.7413,3384.66,0.594942,12.8647,0
5894.46,0.450549,12.7416,0,0,0.290507,0.0363725,0.450549,12.7416,3384.55,0.472409,12.8004,0
5906.92,0.511816,12.7313,0,0,4.91705,-0.826978,0.511816,12.7313,3385.56,0.515589,13.047,0
5915.41,0.66779,12.6892,0,0,18.365,-4.95851,0.66779,12.6892,3389.47,1.04399,12.7326,0
5926.29,1.36313,12.5798,0,0,63.916,-10.0536,1.36313,12.5798,3400.9,2.87721,12.4635,0
5934.92,2.79604,12.3919,0,0,166.134,-21.7897,2.79604,12.3919,3422.77,4.49885,11.7728,0
5947.77,4.04329,12.1903,0,0,97.0626,-15.6886,4.04329,12.1903,3449.36,4.42978,11.7593,0
5954.31,4.46493,12.059,0,0,64.4706,-20.0715,4.46493,12.059,3470.68,4.46959,11.8991,0
5965.89,4.48095,11.9999,0,0,1.3833,-5.10637,4.48095,11.9999,3483.87,4.44668,11.92,0
5973.89,4.49464,11.9781,0,0,1.70964,-2.7186,4.49464,11.9781,3493.77,4.5118,11.9773,0
5985.97,4.51936,11.9743,0,0,2.04746,-0.313078,4.51936,11.9743,3505.33,4.55651,11.9935,0
5993.87,4.54027,11.9829,0,0,2.64699,1.08437,4.54027,11.9829,3520.17,4.56345,12.0761,0
6005.9,4.56964,12.0062,0,0,2.43993,1.93942,4.56964,12.0062,3537.91,4.5754,11.9671,0
6013.89,4.6245,12.0433,0,0,6.8738,4.64134,4.6245,12.0433,3557.65,4.65372,12.0061,0
6025.92,4.6715,12.0854,0,0,3.90534,3.50182,4.6715,12.0854,3577.89,4.69853,12.1501,0
6033.85,4.68768,12.124,0,0,2.04217,4.86346,4.68768,12.124,3597.44,4.63879,12.0764,0
6045.94,4.69877,12.158,0,0,0.916925,2.81688,4.69877,12.158,3618.08,4.72837,12.1569,0
6053.89,4.71158,12.1916,0,0,1.60981,4.22258,4.71158,12.1916,3642.1,4.71147,12.2479,0
6065.9,4.73034,12.2244,0,0,1.56267,2.73153,4.73034,12.2244,3667.75,4.7384,12.2276,0
6073.91,4.73712,12.258,0,0,0.846256,4.19443,4.73712,12.258,3691.85,4.78265,12.2299,0
6086.08,4.74436,12.2975,0,0,0.59522,3.24539,4.74436,12.2975,3714.93,4.81416,12.3383,0
6093.86,4.74849,12.3419,0,0,0.530556,5.70943,4.74849,12.3419,3739.14,4.75259,12.4146,0
6105.88,4.71805,12.3875,0,0,-2.53262,3.78801,4.71805,12.3875,3763.43,4.66887,12.3572,0
6113.89,4.70474,12.4344,0,0,-1.66405,5.85878,4.70474,12.4344,3786.24,4.65725,12.4473,0
6125.87,4.71364,12.4888,0,0,0.742763,4.54082,4.71364,12.4888,3807.96,4.72812,12.5045,0
6137.96,4.71415,12.5559,0,0,0.0420457,5.55237,4.71415,12.5559,3828.85,4.75181,12.6594,0
6145.88,4.74055,12.6286,0,0,3.33204,9.17222,4.74055,12.6286,3848.78,4.81426,12.8298,0
6157.91,4.75274,12.6904,0,0,1.01338,5.14117,4.75274,12.6904,3868.2,4.73786,12.7908,0
6165.85,4.74991,12.7283,0,0,-0.356075,4.76915,4.74991,12.7283,3888.43,4.77233,12.7339,0
6177.92,4.73274,12.7441,0,0,-1.42239,1.30862,4.73274,12.7441,3910.55,4.75558,12.8457,0
6186.04,4.72808,12.7473,0,0,-0.573001,0.398483,4.72808,12.7473,3934.02,4.73724,12.8531,0
6197.89,4.72898,12.7369,0,0,0.0752091,-0.878233,4.72898,12.7369,3957.08,4.73617,12.9921,0
6205.87,4.72365,12.6713,0,0,-0.667214,-8.22576,4.72365,12.6713,3979.91,4.71471,12.9406,0
6217.9,4.89987,12.4415,0,0,14.6557,-19.108,4.89987,12.4415,4010.01,5.4974,12.638,0
6226.27,6.04815,11.919,0,0,137.092,-62.3817,6.04815,11.919,4056.8,7.00576,10.9093,0
6238.35,7.16772,11.1969,0,0,92.6869,-59.7855,7.16772,11.1969,4114.53,7.52089,9.82874,0
6246.27,7.42324,10.6048,0,0,32.247,-74.7132,7.42324,10.6048,4162.37,7.63863,9.86604,0
6258.31,7.53873,10.3073,0,0,9.59643,-24.7247,7.53873,10.3073,4188.41,7.52256,10.2271,0
6266.3,7.56457,10.223,0,0,3.2329,-10.5433,7.56457,10.223,4198.51,7.55912,10.0058,0
6279.79,7.59046,10.2118,0,0,1.91987,-0.831586,7.59046,10.2118,4202.07,7.60055,10.14,0
6288.04,7.63144,10.2194,0,0,4.96696,0.920774,7.63144,10.2194,4203.67,7.7212,10.2497,0
6298.72,7.69494,10.2395,0,0,5.94455,1.88248,7.69494,10.2395,4205.33,7.82278,10.2812,0
6306.72,7.75372,10.2762,0,0,7.34657,4.58557,7.75372,10.2762,4208.42,7.72815,10.234,0
6318.71,7.82377,10.3292,0,0,5.84297,4.42101,7.82377,10.3292,4213.31,7.92966,10.3762,0
6326.57,7.85692,10.3902,0,0,4.21881,7.77188,7.85692,10.3902,4219.26,7.87882,10.4294,0
6338.77,7.86455,10.4436,0,0,0.625306,4.37601,7.86455,10.4436,4225.48,7.91567,10.4795,0
6346.72,7.87264,10.4825,0,0,1.01831,4.88479,7.87264,10.4825,4230.97,7.85513,10.5007,0
6358.42,7.86144,10.511,0,0,-0.957026,2.44156,7.86144,10.511,4234.73,7.82485,10.5299,0
6366.79,7.86316,10.534,0,0,0.205309,2.74182,7.86316,10.534,4237.48,7.86912,10.5432,0
6378.75,7.85607,10.5597,0,0,-0.592521,2.15259,7.85607,10.5597,4241.97,7.79583,10.5602,0
6390.76,7.84964,10.5926,0,0,-0.53579,2.73307,7.84964,10.5926,4250.65,7.9079,10.7432,0
6398.64,7.85234,10.6243,0,0,0.343989,4.02489,7.85234,10.6243,4262.34,7.91347,10.675,0
6410.75,7.83388,10.6438,0,0,-1.52535,1.61425,7.83388,10.6438,4272.57,7.75871,10.7203,0
6418.79,7.75358,10.6477,0,0,-9.97888,0.480576,7.75358,10.6477,4279.33,7.68477,10.6943,0
6430.39,7.7269,10.5989,0,0,-2.29958,-4.20476,7.7269,10.5989,4286.6,7.62706,10.758,0
6438.7,7.69793,10.3693,0,0,-3.48768,-27.6364,7.69793,10.3693,4303.19,7.62456,10.771,0
6450.65,7.65124,9.70229,0,0,-3.90849,-55.8439,7.65124,9.70229,4341.36,7.86025,9.81299,0
6458.5,8.26119,8.28338,0,0,77.6905,-180.729,8.26119,8.28338,4405.65,8.83309,6.22673,0
6470.65,9.026,6.08679,0,0,62.911,-180.686,9.026,6.08679,4480.66,9.577,2.81807,0
6478.7,9.38838,3.58831,0,0,45.0552,-310.64,9.38838,3.58831,4546.84,9.56096,-0.316595,0
6490.68,9.62849,1.51139,0,0,20.0416,-173.351,9.62849,1.51139,4596.22,9.90887,-0.605001,0
6498.13,9.66845,0.315501,0,0,5.36293,-160.522,9.66845,0.315501,4626.95,9.67015,-0.13619,0
6511.64,9.66601,-0.151455,0,0,-0.18013,-34.5484,9.66601,-0.151455,4641.59,9.69602,-0.376909,0
6517.97,9.66501,-0.274992,0,0,-0.158867,-19.5254,9.66501,-0.274992,4647.03,9.65273,-0.313069,0
6529.83,9.66369,-0.299013,0,0,-0.11096,-2.02554,9.66369,-0.299013,4648.88,9.63552,-0.305687,0
6537.9,9.66348,-0.299281,0,0,-0.0262759,-0.0332806,9.66348,-0.299281,4649.56,9.61832,-0.330539,0
6549.85,9.65961,-0.284101,0,0,-0.323351,1.26987,9.65961,-0.284101,4649.96,9.69845,-0.141823,0
6557.88,9.65206,-0.249379,0,0,-0.940972,4.32249,9.65206,-0.249379,4650.34,9.70666,-0.308085,0
6569.9,9.65118,-0.202311,0,0,-0.0729932,3.91835,9.65118,-0.202311,4650.66,9.62026,-0.230321,0
6577.81,9.62972,-0.155201,0,0,-2.71259,5.95501,9.62972,-0.155201,4650.9,9.60052,-0.158571,0
6589.82,9.59966,-0.115014,0,0,-2.50218,3.34507,9.59966,-0.115014,4651.24,9.55227,-0.00926112,0
6597.81,9.58122,-0.0741689,0,0,-2.30778,5.11198,9.58122,-0.0741689,4651.73,9.50921,-0.0686144,0
6609.82,9.55938,-0.0203753,0,0,-1.81837,4.47795,9.55938,-0.0203753,4652.31,9.59848,0.00954579,0
6617.84,9.54912,0.0466213,0,0,-1.2796,8.35578,9.54912,0.0466213,4652.82,9.56702,0.120696,0
6629.85,9.55661,0.127945,0,0,0.623872,6.77415,9.55661,0.127945,4653.04,9.48518,0.187668,0
6641.85,9.57916,0.230236,0,0,1.87879,8.5221,9.57916,0.230236,4652.96,9.52483,0.335156,0
6649.79,9.58181,0.352449,0,0,0.333773,15.3824,9.58181,0.352449,4652.66,9.60633,0.471737,0
6661.85,9.591,0.46872,0,0,0.762073,9.64344,9.591,0.46872,4652.14,9.59774,0.645891,0
6669.88,9.59258,0.566883,0,0,0.197022,12.22,9.59258,0.566883,4651.08,9.59544,0.5789,0
6681.84,9.59375,0.655394,0,0,0.0978831,7.40489,9.59375,0.655394,4648.17,9.59072,0.683163,0
6689.81,9.595,0.746079,0,0,0.156681,11.3697,9.595,0.746079,4641.92,9.57639,0.895668,0
6701.94,9.59599,0.836665,0,0,0.0813698,7.46854,9.59599,0.836665,4633,9.54663,0.806666,0
6709.81,9.58983,0.91762,0,0,-0.782434,10.2945,9.58983,0.91762,4623.93,9.61895,0.976148,0
6721.85,9.5857,0.988094,0,0,-0.343322,5.8533,9.5857,0.988094,4615.23,9.60527,1.00229,0
6729.82,9.59656,1.06894,0,0,1.36212,10.138,9.59656,1.06894,4604.86,9.4969,1.03681,0
6741.84,9.59701,1.17812,0,0,0.0376706,9.08259,9.59701,1.17812,4591.35,9.56802,1.33902,0
6749.8,9.58885,1.28583,0,0,-1.02603,13.5349,9.58885,1.28583,4575.57,9.6534,1.41002,0
6761.88,9.58728,1.35206,0,0,-0.129839,5.48485,9.58728,1.35206,4559.96,9.57603,1.36702,0
6769.92,9.58794,1.37783,0,0,0.0816191,3.20377,9.58794,1.37783,4545.32,9.58843,1.34022,0
6783.68,9.59451,1.38369,0,0,0.477137,0.425843,9.59451,1.38369,4527.7,9.58354,1.50619,0
6792.09,9.591,1.37632,0,0,-0.416924,-0.876887,9.591,1.37632,4502.23,9.62352,1.56504,0
6802.67,9.58933,1.29671,0,0,-0.15762,-7.51978,9.58933,1.29671,4471.8,9.62606,1.63506,0
6810.12,9.57281,0.960314,0,0,-2.22024,-45.19,9.57281,0.960314,4446.24,9.59664,1.37954,0
6822.11,9.32411,0.143623,0,0,-20.7366,-68.0972,9.32411,0.143623,4430.58,8.62894,-0.742476,0
6830.85,8.60546,-1.05299,0,0,-82.2345,-136.928,8.60546,-1.05299,4421.18,7.95557,-2.9228,0
6843.06,8.0751,-2.15489,0,0,-43.423,-90.216,8.0751,-2.15489,4413.34,8.08659,-3.8176,0
6851.06,8.02653,-2.77231,0,0,-6.07603,-77.2459,8.02653,-2.77231,4405.18,8.15199,-2.91737,0
6862.22,7.98934,-2.95741,0,0,-3.3316,-16.5809,7.98934,-2.95741,4395.6,7.95214,-3.18229,0
6871.08,7.9848,-2.98834,0,0,-0.511855,-3.48988,7.9848,-2.98834,4383.34,8.03369,-3.03033,0
6883.05,7.95301,-2.98272,0,0,-2.65599,0.469066,7.95301,-2.98272,4367.56,7.94996,-3.13127,0
6894.86,7.95166,-2.96523,0,0,-0.114315,1.48057,7.95166,-2.96523,4348.59,7.84607,-2.9907,0
6902.68,7.95241,-2.92308,0,0,0.0965036,5.39185,7.95241,-2.92308,4327.79,7.96791,-2.85127,0
6914.64,7.95273,-2.8505,0,0,0.0262025,6.06964,7.95273,-2.8505,4307.72,7.93994,-2.76084,0
6923.05,7.95866,-2.75093,0,0,0.705095,11.8312,7.95866,-2.75093,4292.4,8.02049,-2.7221,0
6934.23,7.98983,-2.63652,0,0,2.78948,10.24,7.98983,-2.63652,4284.12,7.96166,-2.52826,0
6943.05,8.01867,-2.52388,0,0,3.26724,12.7606,8.01867,-2.52388,4281.04,8.01901,-2.45124,0
6955.66,8.01937,-2.42794,0,0,0.0559587,7.61022,8.01937,-2.42794,4279.92,8.09105,-2.22294,0
6961.97,8.00176,-2.35241,0,0,-2.79317,11.9782,8.00176,-2.35241,4278.75,8.0281,-2.26709,0
6973.85,8.00337,-2.29723,0,0,0.135046,4.64215,8.00337,-2.29723,4276.83,7.93713,-2.29608,0
6981.82,7.98615,-2.25202,0,0,-2.16133,5.67678,7.98615,-2.25202,4274.61,7.85715,-2.28018,0
6993.83,7.97329,-2.21049,0,0,-1.07063,3.45765,7.97329,-2.21049,4273.01,7.9893,-2.2098,0
7001.98,7.96296,-2.16711,0,0,-1.26652,5.31841,7.96296,-2.16711,4272.23,7.96289,-2.12763,0
7013.88,7.9486,-2.12934,0,0,-1.20729,3.17464,7.9486,-2.12934,4271.5,7.88975,-2.0261,0
7021.81,7.94308,-2.10912,0,0,-0.696854,2.55102,7.94308,-2.10912,4270.1,7.90544,-1.89892,0
7033.81,7.91556,-2.1028,0,0,-2.29196,0.525793,7.91556,-2.1028,4267.95,7.88422,-1.73264,0
7041.84,7.89727,-2.12897,0,0,-2.27789,-3.25815,7.89727,-2.12897,4265.3,7.95718,-1.72345,0
7054.02,7.88588,-2.2539,0,0,-0.934998,-10.2555,7.88588,-2.2539,4262.54,7.89804,-1.76733,0
7063.1,7.62196,-2.5365,0,0,-29.0888,-31.1468,7.62196,-2.5365,4259.32,6.9506,-2.42573,0
7074.37,6.53972,-2.87706,0,0,-96.0283,-30.2187,6.53972,-2.87706,4253.79,5.61271,-3.4246,0
7082.34,5.6804,-3.20338,0,0,-107.846,-40.9536,5.6804,-3.20338,4243.75,5.56336,-3.89161,0
7095.32,5.64232,-3.43475,0,0,-2.9328,-17.8198,5.64232,-3.43475,4229.75,5.7842,-3.53508,0
7103.33,5.64219,-3.51073,0,0,-0.0159615,-9.49014,5.64219,-3.51073,4216.18,5.65106,-3.55869,0
7114.09,5.65591,-3.52599,0,0,1.27431,-1.41774,5.65591,-3.52599,4205.6,5.66115,-3.56494,0
7122.8,5.65855,-3.52295,0,0,0.302435,0.349428,5.65855,-3.52295,4195.76,5.6637,-3.55081,0
7134.87,5.6588,-3.50485,0,0,0.0211983,1.49914,5.6588,-3.50485,4184.78,5.68589,-3.52837,0
7147.07,5.65885,-3.4647,0,0,0.0041099,3.29206,5.65885,-3.4647,4173.35,5.62176,-3.36519,0
7154.4,5.65144,-3.40603,0,0,-1.01092,8.00332,5.65144,-3.40603,4162.75,5.64933,-3.33795,0
7166.79,5.64066,-3.34209,0,0,-0.869716,5.15923,5.64066,-3.34209,4153.62,5.64513,-3.30156,0
7175.65,5.64087,-3.27629,0,0,0.0233948,7.43097,5.64087,-3.27629,4144.28,5.60978,-3.26634,0
7186.36,5.64242,-3.19962,0,0,0.145104,7.15543,5.64242,-3.19962,4132.96,5.61841,-3.14323,0
7194.83,5.66031,-3.11306,0,0,2.11092,10.2178,5.66031,-3.11306,4121.73,5.69892,-3.08468,0
7207.33,5.67703,-3.01939,0,0,1.33832,7.49449,5.67703,-3.01939,4113.2,5.69528,-2.96529,0
7214.28,5.67891,-2.92071,0,0,0.269497,14.1994,5.67891,-2.92071,4106.8,5.68859,-2.80956,0
7226.48,5.67942,-2.82581,0,0,0.0422127,7.77655,5.67942,-2.82581,4101.24,5.65673,-2.72694,0
7235.66,5.66397,-2.74274,0,0,-1.68354,9.04816,5.66397,-2.74274,4096.6,5.6526,-2.71268,0
7246.32,5.65466,-2.67352,0,0,-0.873475,6.49517,5.65466,-2.67352,4093.32,5.64301,-2.64247,0
7255.07,5.65513,-2.61164,0,0,0.0539109,7.07634,5.65513,-2.61164,4091.4,5.7036,-2.51284,0
7267.08,5.65608,-2.56232,0,0,0.079097,4.10492,5.65608,-2.56232,4090.45,5.65371,-2.42739,0
7274.41,5.66147,-2.53671,0,0,0.735417,3.49281,5.66147,-2.53671,4089.78,5.65939,-2.44877,0
7286.81,5.66002,-2.53167,0,0,-0.11661,0.406485,5.66002,-2.53167,4089.06,5.67654,-2.397,0
7295.66,5.65647,-2.56691,0,0,-0.401965,-3.98239,5.65647,-2.56691,4088.38,5.73738,-2.22803,0
7306.22,5.58516,-2.73234,0,0,-6.74867,-15.6551,5.58516,-2.73234,4087.52,5.41116,-2.36235,0
7314.99,5.12187,-3.14134,0,0,-52.8505,-46.6583,5.12187,-3.14134,4086.1,4.13002,-3.38243,0
7326.87,4.01512,-3.73673,0,0,-93.1762,-50.1256,4.01512,-3.73673,4084.1,3.20465,-4.84467,0
7334.55,3.25692,-4.31508,0,0,-98.6728,-75.2666,3.25692,-4.31508,4081.22,3.04861,-5.23629,0
7347.03,3.21024,-4.66548,0,0,-3.73949,-28.0722,3.21024,-4.66548,4076.32,3.22256,-4.84955,0
7355.32,3.16349,-4.76503,0,0,-5.64422,-12.0172,3.16349,-4.76503,4068.28,3.1343,-4.8203,0
7366.19,3.11845,-4.77294,0,0,-4.14277,-0.727416,3.11845,-4.77294,4057.74,3.10659,-4.80521,0
7375.07,3.10946,-4.76114,0,0,-1.01177,1.32853,3.10946,-4.76114,4047.3,3.11319,-4.73802,0
7387.34,3.08821,-4.73364,0,0,-1.73228,2.24137,3.08821,-4.73364,4038.58,3.03256,-4.73915,0
7398.34,3.0508,-4.69219,0,0,-3.39993,3.76747,3.0508,-4.69219,4030.55,3.03138,-4.61639,0
7406.34,3.01978,-4.64241,0,0,-3.87618,6.22126,3.01978,-4.64241,4021.66,2.9198,-4.60108,0
7419.33,2.98286,-4.58369,0,0,-2.84387,4.52304,2.98286,-4.58369,4012.07,3.04525,-4.48299,0
7427.3,2.9608,-4.51408,0,0,-2.76729,8.73296,2.9608,-4.51408,4003.65,2.98933,-4.53415,0
7438.11,2.96224,-4.43251,0,0,0.133287,7.54528,2.96224,-4.43251,3997.73,2.89343,-4.36644,0
7447.04,2.98539,-4.35177,0,0,2.5906,9.03557,2.98539,-4.35177,3993.24,2.96841,-4.28086,0
7459.31,2.98455,-4.28625,0,0,-0.0687747,5.34003,2.98455,-4.28625,3988.56,3.04658,-4.24461,0
7466.28,2.98597,-4.24489,0,0,0.204394,5.94041,2.98597,-4.24489,3983.75,3.14492,-4.19059,0
7478.49,3.00435,-4.21438,0,0,1.50508,2.49806,3.00435,-4.21438,3979.43,2.95645,-4.22209,0
7487.45,3.00494,-4.16836,0,0,0.0652476,5.13705,3.00494,-4.16836,3975.87,2.94104,-4.13041,0
7498.33,2.9807,-4.09466,0,0,-2.22812,6.77401,2.9807,-4.09466,3973.3,3.05122,-4.00286,0
7506.84,2.95274,-3.99969,0,0,-3.28506,11.1601,2.95274,-3.99969,3971.92,2.97657,-3.94015,0
7519.32,2.95107,-3.90428,0,0,-0.134448,7.64544,2.95107,-3.90428,3971.55,2.87635,-3.73621,0
7526.33,2.95223,-3.8322,0,0,0.165693,10.2816,2.95223,-3.8322,3971.8,2.94611,-3.80358,0
7538.5,2.95077,-3.79653,0,0,-0.119856,2.93073,2.95077,-3.79653,3972.69,2.9601,-3.72686,0
7547.65,2.95105,-3.78886,0,0,0.0307017,0.83779,2.95105,-3.78886,3974.14,2.94005,-3.55725,0
7558.34,2.95549,-3.81154,0,0,0.414978,-2.1224,2.95549,-3.81154,3975.42,2.95709,-3.43739,0
7567.04,2.96582,-3.91839,0,0,1.18814,-12.2863,2.96582,-3.91839,3976.1,2.97417,-3.49043,0
7579.04,3.22888,-4.23056,0,0,21.924,-26.0166,3.22888,-4.23056,3976.48,3.94527,-4.62593,0
7586.44,4.11432,-4.81376,0,0,119.637,-78.8001,4.11432,-4.81376,3976.73,4.79242,-5.92249,0
7599.01,4.86303,-5.42565,0,0,59.5734,-48.6862,4.86303,-5.42565,3976.84,5.26747,-6.39767,0
7607.31,5.00273,-5.80256,0,0,16.8205,-45.3836,5.00273,-5.80256,3976.76,4.97298,-6.00051,0
7618.47,5.02782,-5.96081,0,0,2.24907,-14.1863,5.02782,-5.96081,3976.4,4.99834,-6.11116,0
7627.04,5.04699,-6.00307,0,0,2.23569,-4.92719,5.04699,-6.00307,3975.46,5.05769,-6.03197,0
7639.17,5.04918,-6.00649,0,0,0.179824,-0.28153,5.04918,-6.00649,3973.3,5.11884,-6.01692,0
7650.83,5.08105,-5.99832,0,0,2.73394,0.700357,5.08105,-5.99832,3968.9,5.04598,-6.05764,0
7658.51,5.09689,-5.96382,0,0,2.06358,4.49401,5.09689,-5.96382,3962.2,5.07763,-5.94462,0
7671.23,5.10802,-5.89618,0,0,0.874864,5.31719,5.10802,-5.89618,3954.95,5.13249,-5.76137,0
7679.36,5.11085,-5.80327,0,0,0.348453,11.4279,5.11085,-5.80327,3949.04,5.11391,-5.73042,0
7690.1,5.12332,-5.70488,0,0,1.16089,9.16011,5.12332,-5.70488,3944.85,5.13151,-5.59818,0
7699.63,5.12791,-5.61323,0,0,0.481493,9.6173,5.12791,-5.61323,3942.03,5.12473,-5.50956,0
7711.08,5.12846,-5.5401,0,0,0.0479242,6.38449,5.12846,-5.5401,3940.62,5.16768,-5.5286,0
7718.38,5.13593,-5.48885,0,0,1.02481,7.02359,5.13593,-5.48885,3940.53,5.15773,-5.46053,0
7731,5.13325,-5.44701,0,0,-0.212952,3.31676,5.13325,-5.44701,3941.08,5.06871,-5.42611,0
7739.07,5.1342,-5.40244,0,0,0.117918,5.52208,5.1342,-5.40244,3941.96,5.1671,-5.37843,0
7750.18,5.11783,-5.34362,0,0,-1.47267,5.29236,5.11783,-5.34362,3943.08,5.09746,-5.2075,0
7759.03,5.107,-5.27769,0,0,-1.22339,7.44896,5.107,-5.27769,3944.16,5.11592,-5.23609,0
7771.34,5.1058,-5.21806,0,0,-0.0982023,4.84578,5.1058,-5.21806,3945.51,5.14217,-5.166,0
7778.27,5.08286,-5.17272,0,0,-3.31011,6.54301,5.08286,-5.17272,3948.42,5.06262,-5.05424,0
7790.45,5.023,-5.14418,0,0,-4.91297,2.34243,5.023,-5.14418,3954.27,4.98123,-4.85323,0
7799.6,5.00467,-5.13726,0,0,-2.00304,0.756729,5.00467,-5.13726,3962.4,4.97525,-4.87935,0
7810.3,5.00393,-5.15132,0,0,-0.0693998,-1.31436,5.00393,-5.15132,3969.92,4.93515,-4.82524,0
7818.99,5.01985,-5.2182,0,0,1.83188,-7.69778,5.01985,-5.2182,3974.98,5.08353,-4.73279,0
7830.8,5.44547,-5.43415,0,0,36.0333,-18.2816,5.44547,-5.43415,3978.79,6.47722,-5.58129,0
7838.34,6.86139,-5.86032,0,0,187.813,-56.5295,6.86139,-5.86032,3983.14,7.93906,-6.35617,0
7850.3,8.39562,-6.28105,0,0,128.365,-35.2017,8.39562,-6.28105,3988.15,9.11854,-7.04806,0
7859.28,8.95336,-6.46692,0,0,62.0952,-20.6937,8.95336,-6.46692,3993.16,8.97045,-6.69403,0
7870.47,9.00652,-6.50483,0,0,4.75008,-3.38655,9.00652,-6.50483,3997.94,8.91962,-6.59561,0
7879.02,9.03087,-6.50913,0,0,2.84884,-0.503727,9.03087,-6.50913,4002.47,9.04791,-6.52492,0
7891.29,9.03214,-6.49469,0,0,0.10341,1.17673,9.03214,-6.49469,4006.42,9.06741,-6.56682,0
7902.82,9.0456,-6.46258,0,0,1.16693,2.78455,9.0456,-6.46258,4009.22,9.09915,-6.44867,0
7910.47,9.06511,-6.41086,0,0,2.55156,6.76333,9.06511,-6.41086,4010.63,9.08955,-6.35691,0
7922.77,9.06472,-6.33516,0,0,-0.0312338,6.15532,9.06472,-6.33516,4011.09,9.03354,-6.40512,0
7931.25,9.07148,-6.23944,0,0,0.797086,11.2842,9.07148,-6.23944,4011.21,9.0951,-6.1491,0
7942.18,9.06899,-6.13957,0,0,-0.228295,9.14197,9.06899,-6.13957,4011.39,9.03151,-6.01701,0
7950.98,9.0676,-6.05835,0,0,-0.157356,9.22165,9.0676,-6.05835,4011.86,9.06639,-6.05652,0
7963.28,9.0731,-5.98613,0,0,0.446852,5.87505,9.0731,-5.98613,4013.06,9.06741,-6.02265,0
7970.3,9.06435,-5.89535,0,0,-1.24698,12.9353,9.06435,-5.89535,4015.53,9.09148,-5.81214,0
7982.75,9.06076,-5.7937,0,0,-0.287701,8.16463,9.06076,-5.7937,4019.59,9.09666,-5.7271,0
7991.59,9.02865,-5.70112,0,0,-3.63138,10.4671,9.02865,-5.70112,4025.61,8.97911,-5.64114,0
8002.17,9.00569,-5.63333,0,0,-2.17014,6.40887,9.00569,-5.63333,4032.95,8.98378,-5.56188,0
8011,8.98913,-5.58939,0,0,-1.87592,4.97714,8.98913,-5.58939,4038.95,9.00039,-5.4838,0
8023.28,8.98224,-5.56844,0,0,-0.560656,1.70587,8.98224,-5.56844,4041.9,9.01303,-5.41361,0
8030.26,8.9887,-5.56492,0,0,0.924779,0.503698,8.9887,-5.56492,4042.69,8.92058,-5.17633,0
8042.44,9.01036,-5.58134,0,0,1.77866,-1.34754,9.01036,-5.58134,4042.53,8.93636,-5.14535,0
8051.64,9.21016,-5.67201,0,0,21.7259,-9.86049,9.21016,-5.67201,4041.74,9.67667,-5.25755,0
8062.3,10.4274,-6.00561,0,0,114.133,-31.2794,10.4274,-6.00561,4040.61,11.508,-6.16788,0
8071.02,11.9916,-6.48335,0,0,179.36,-54.7804,11.9916,-6.48335,4039.8,13.3917,-7.00664,0
8083.02,13.7498,-6.98642,0,0,146.532,-41.9262,13.7498,-6.98642,4039.54,15.1548,-7.67788,0
8090.27,15.0107,-7.32081,0,0,173.933,-46.1291,15.0107,-7.32081,4039.62,15.1497,-7.60132,0
8102.76,15.0648,-7.37502,0,0,4.33767,-4.34134,15.0648,-7.37502,4039.96,14.9453,-7.42533,0
8111.58,15.0645,-7.38345,0,0,-0.0343861,-0.954468,15.0645,-7.38345,4040.46,15.0247,-7.30783,0
8122.18,15.0474,-7.37667,0,0,-1.61362,0.63886,15.0474,-7.37667,4040.82,15.0668,-7.40945,0
8130.77,15.0457,-7.35974,0,0,-0.202409,1.97201,15.0457,-7.35974,4040.94,15.1557,-7.47977,0
8143.27,15.0408,-7.32672,0,0,-0.39226,2.64128,15.0408,-7.32672,4040.9,14.9986,-7.29105,0
8154.82,15.0384,-7.283,0,0,-0.203357,3.78361,15.0384,-7.283,4040.51,15.0675,-7.27802,0
8162.49,15.0373,-7.23157,0,0,-0.152309,6.7055,15.0373,-7.23157,4039.03,14.9956,-7.15358,0
8175.01,15.0669,-7.17953,0,0,2.37114,4.15746,15.0669,-7.17953,4035.64,15.1337,-7.1365,0
8183.25,15.0649,-7.1233,0,0,-0.249598,6.8246,15.0649,-7.1233,4030.64,15.0995,-7.07586,0
8194.17,15.0465,-7.06327,0,0,-1.68087,5.49545,15.0465,-7.06327,4025.63,15.1037,-7.06847,0
8202.98,15.0333,-6.98719,0,0,-1.49845,8.63916,15.0333,-6.98719,4022.04,14.9695,-6.90421,0
8215.6,14.9727,-6.88267,0,0,-4.80952,8.28486,14.9727,-6.88267,4020.02,14.9351,-6.76936,0
8221.94,14.9656,-6.7867,0,0,-1.11437,15.1233,14.9656,-6.7867,4018.8,14.9405,-6.70756,0
8233.78,14.9624,-6.70829,0,0,-0.272579,6.62317,14.9624,-6.70829,4017.64,15.0583,-6.63528,0
8241.79,14.9716,-6.64459,0,0,1.14885,7.95744,14.9716,-6.64459,4016.48,14.9815,-6.60053,0
8253.8,14.9689,-6.57789,0,0,-0.218899,5.55084,14.9689,-6.57789,4015.47,14.9928,-6.59348,0
8261.79,14.9653,-6.50193,0,0,-0.451322,9.51134,14.9653,-6.50193,4014.57,15.0099,-6.4224,0
8273.81,14.9609,-6.42278,0,0,-0.364192,6.58574,14.9609,-6.42278,4013.66,14.9479,-6.39591,0
8281.76,14.9521,-6.34593,0,0,-1.11156,9.66873,14.9521,-6.34593,4012.43,14.9014,-6.31415,0
8293.76,14.9481,-6.2721,0,0,-0.330577,6.15119,14.9481,-6.2721,4010.16,14.9716,-6.20905,0
8301.88,14.9371,-6.20414,0,0,-1.35283,8.36372,14.9371,-6.20414,4006.1,14.9302,-6.16661,0
8313.78,14.9238,-6.14614,0,0,-1.12027,4.87331,14.9238,-6.14614,4000.56,14.9889,-6.11716,0
8321.8,14.9207,-6.09615,0,0,-0.391979,6.23816,14.9207,-6.09615,3994.64,14.901,-6.00289,0
8333.74,14.9092,-6.05505,0,0,-0.961658,3.44214,14.9092,-6.05505,3988.66,14.9063,-5.97839,0
8341.74,14.9057,-6.03349,0,0,-0.430524,2.69415,14.9057,-6.03349,3982.44,14.8788,-5.85485,0
8353.8,14.9033,-6.03155,0,0,-0.200279,0.161522,14.9033,-6.03155,3977.24,14.8955,-5.78239,0
8361.78,14.8916,-6.07513,0,0,-1.46454,-5.46035,14.8916,-6.07513,3974.48,14.8949,-5.75288,0
8373.77,14.5728,-6.22748,0,0,-26.5839,-12.7018,14.5728,-6.22748,3973.92,14.3577,-5.93163,0
8381.75,12.7304,-6.46241,0,0,-231.052,-29.4611,12.7304,-6.46241,3975.53,11.111,-6.84213,0
8393.77,10.4299,-6.95358,0,0,-191.335,-40.8531,10.4299,-6.95358,3980.99,8.41017,-7.57491,0
8405.79,7.94496,-7.46968,0,0,-206.72,-42.9328,7.94496,-7.46968,3990.47,6.0775,-8.57422,0
8413.77,6.08267,-7.83882,0,0,-233.37,-46.2587,6.08267,-7.83882,4000.49,5.53921,-8.53958,0
8425.77,5.90197,-8.1444,0,0,-15.0595,-25.4673,5.90197,-8.1444,4007.62,5.85201,-8.37717,0
8433.73,5.75617,-8.24749,0,0,-18.3073,-12.9444,5.75617,-8.24749,4011.18,5.65265,-8.39366,0
8445.81,5.6615,-8.26331,0,0,-7.83764,-1.30923,5.6615,-8.26331,4012.63,5.66603,-8.27052,0
8453.82,5.64224,-8.25714,0,0,-2.40537,0.770039,5.64224,-8.25714,4013.51,5.62712,-8.26499,0
8465.77,5.61746,-8.22832,0,0,-2.07337,2.41174,5.61746,-8.22832,4014.54,5.61025,-8.26122,0
8473.78,5.5763,-8.17535,0,0,-5.14218,6.6179,5.5763,-8.17535,4016.28,5.54203,-8.09368,0
8485.84,5.54064,-8.11619,0,0,-2.9571,4.90495,5.54064,-8.11619,4019.22,5.53451,-8.05057,0
8493.74,5.53501,-8.06154,0,0,-0.711759,6.91469,5.53501,-8.06154,4023.53,5.53667,-8.0811,0
8505.84,5.52752,-7.9912,0,0,-0.618945,5.81273,5.52752,-7.9912,4029.2,5.51203,-7.88541,0
8515.37,5.49416,-7.89506,0,0,-3.49889,10.0842,5.49416,-7.89506,4035.91,5.41974,-7.74772,0
8525.8,5.45115,-7.79294,0,0,-4.12544,9.79369,5.45115,-7.79294,4043.56,5.36389,-7.71827,0
8533.74,5.4216,-7.70242,0,0,-3.72262,11.4037,5.4216,-7.70242,4051.66,5.37463,-7.55361,0
8545.78,5.40686,-7.61727,0,0,-1.22381,7.07084,5.40686,-7.61727,4059.2,5.43354,-7.6201,0
8553.79,5.40052,-7.52286,0,0,-0.791857,11.7896,5.40052,-7.52286,4066.12,5.43066,-7.42333,0
8565.81,5.39326,-7.41423,0,0,-0.603294,9.03319,5.39326,-7.41423,4073.6,5.37705,-7.30774,0
8573.82,5.40279,-7.30828,0,0,1.19109,13.2426,5.40279,-7.30828,4083.12,5.34776,-7.17412,0
8586.08,5.40253,-7.2237,0,0,-0.0215233,6.89633,5.40253,-7.2237,4094.09,5.38081,-7.15496,0
8593.74,5.40337,-7.16338,0,0,0.109019,7.87208,5.40337,-7.16338,4102.94,5.46622,-7.212,0
8605.76,5.403,-7.10721,0,0,-0.0304597,4.6736,5.403,-7.10721,4107.34,5.46769,-7.07752,0
8613.76,5.41866,-7.04966,0,0,1.95664,7.19097,5.41866,-7.04966,4108.58,5.40305,-6.93196,0
8626.51,5.42904,-6.99709,0,0,0.814814,4.12458,5.42904,-6.99709,4108.59,5.39885,-6.96132,0
8634.05,5.41492,-6.95236,0,0,-1.87154,5.92743,5.41492,-6.95236,4107.85,5.43339,-7.00608,0
8646.53,5.40174,-6.91516,0,0,-1.05691,2.98262,5.40174,-6.91516,4106.01,5.4261,-6.89486,0
8658.82,5.41161,-6.8808,0,0,0.803364,2.79461,5.41161,-6.8808,4103.24,5.38811,-6.87443,0
8666.35,5.41062,-6.83664,0,0,-0.132684,5.86579,5.41062,-6.83664,4100.45,5.39071,-6.75765,0
8678.97,5.39841,-6.78399,0,0,-0.966864,4.17147,5.39841,-6.78399,4098.13,5.43343,-6.72191,0
8687.99,5.39767,-6.74134,0,0,-0.0825613,4.72796,5.39767,-6.74134,4095.49,5.377,-6.65044,0
8698.55,5.3991,-6.7194,0,0,0.135538,2.07753,5.3991,-6.7194,4091.01,5.40025,-6.60123,0
8706.64,5.39906,-6.71372,0,0,-0.00471131,0.702182,5.39906,-6.71372,4083.27,5.39597,-6.49925,0
8718.57,5.3974,-6.72163,0,0,-0.138948,-0.66249,5.3974,-6.72163,4072.16,5.43733,-6.48399,0
8726.58,5.36224,-6.76135,0,0,-4.39364,-4.96448,5.36224,-6.76135,4059.29,5.37932,-6.41168,0
8738.66,4.57532,-6.78622,0,0,-65.1267,-2.05823,4.57532,-6.78622,4046.84,3.79682,-6.64734,0
8746.54,3.34234,-6.87492,0,0,-156.489,-11.2575,3.34234,-6.87492,4035.73,2.01567,-7.14758,0
8758.27,1.90007,-7.0119,0,0,-122.893,-11.672,1.90007,-7.0119,4025.18,0.738129,-7.63793,0
8766.58,0.904946,-7.1606,0,0,-119.822,-17.9044,0.904946,-7.1606,4014.94,0.810021,-7.60969,0
8778.6,0.848991,-7.30474,0,0,-4.654,-11.9887,0.848991,-7.30474,4006.22,0.929382,-7.54353,0
8786.6,0.847799,-7.35559,0,0,-0.14907,-6.35855,0.847799,-7.35559,3999.2,0.896155,-7.48724,0
8798.57,0.847689,-7.36491,0,0,-0.00921772,-0.778419,0.847689,-7.36491,3992.79,0.83957,-7.42039,0
8807.23,0.846833,-7.35907,0,0,-0.0988978,0.675458,0.846833,-7.35907,3987.14,0.870687,-7.37741,0
8818.29,0.824797,-7.3315,0,0,-1.99078,2.49026,0.824797,-7.3315,3983.66,0.77944,-7.28969,0
8827.5,0.793615,-7.27433,0,0,-3.38859,6.21265,0.793615,-7.27433,3982.54,0.773082,-7.21277,0
8837.76,0.771729,-7.19221,0,0,-2.13188,7.99912,0.771729,-7.19221,3982.51,0.759662,-7.1005,0
8846.83,0.756395,-7.09528,0,0,-1.69101,10.69,0.756395,-7.09528,3982.63,0.748057,-6.97003,0
8858.66,0.733961,-6.99159,0,0,-1.89622,8.76445,0.733961,-6.99159,3982.93,0.720243,-6.95059,0
8866.6,0.717688,-6.89119,0,0,-2.05,12.6479,0.717688,-6.89119,3983.9,0.707424,-6.7361,0
8878.3,0.71109,-6.80594,0,0,-0.564064,7.28799,0.71109,-6.80594,3986.01,0.661058,-6.81237,0
8887.02,0.711754,-6.7438,0,0,0.0761514,7.12658,0.711754,-6.7438,3989.59,0.724536,-6.71894,0
8898.99,0.713012,-6.6951,0,0,0.105086,4.06771,0.713012,-6.6951,3995.13,0.759333,-6.70995,0
8910.81,0.725198,-6.64402,0,0,1.03096,4.32118,0.725198,-6.64402,4002.39,0.693946,-6.59139,0
8918.45,0.739068,-6.58373,0,0,1.81392,7.88568,0.739068,-6.58373,4009.85,0.741289,-6.57487,0
8930.95,0.747696,-6.5188,0,0,0.690721,5.19745,0.747696,-6.5188,4016.27,0.751834,-6.37374,0
8939.59,0.75961,-6.46485,0,0,1.37813,6.24006,0.75961,-6.46485,4022.01,0.788945,-6.36931,0
8949.76,0.773604,-6.43609,0,0,1.37686,2.82993,0.773604,-6.43609,4028.54,0.79412,-6.21784,0
8957.75,0.780692,-6.42792,0,0,0.886288,1.02119,0.780692,-6.42792,4036.19,0.784223,-6.12288,0
8969.83,0.780755,-6.44046,0,0,0.00522466,-1.03826,0.780755,-6.44046,4042.74,0.867515,-6.17202,0
8978.86,0.774713,-6.52197,0,0,-0.668994,-9.02376,0.774713,-6.52197,4046.18,0.844162,-6.06767,0
8990.99,0.629873,-6.75609,0,0,-11.9436,-19.3055,0.629873,-6.75609,4047.11,0.26783,-6.48493,0
8999.59,-0.210172,-7.08605,0,0,-97.7251,-38.3853,-0.210172,-7.08605,4046.64,-0.980369,-7.68337,0
9009.76,-0.967082,-7.42222,0,0,-74.36,-33.0262,-0.967082,-7.42222,4044.47,-1.27437,-8.22795,0
9018.86,-1.04458,-7.6578,0,0,-8.51864,-25.8942,-1.04458,-7.6578,4040.21,-1.07418,-8.10603,0
9031.27,-1.09225,-7.73061,0,0,-3.84098,-5.86658,-1.09225,-7.73061,4035.05,-1.12155,-7.8758,0
9038.28,-1.11806,-7.7408,0,0,-3.68369,-1.4551,-1.11806,-7.7408,4030.56,-1.12258,-7.9178,0
9050.16,-1.11903,-7.73749,0,0,-0.0821762,0.278583,-1.11903,-7.73749,4026.69,-1.16114,-7.75332,0
9059.26,-1.11834,-7.72202,0,0,0.0756457,1.70074,-1.11834,-7.72202,4022.63,-1.12003,-7.69492,0
9070.46,-1.10857,-7.69174,0,0,0.872809,2.7037,-1.10857,-7.69174,4018.52,-1.04751,-7.6384,0
9079.02,-1.09843,-7.64889,0,0,1.18474,5.00601,-1.09843,-7.64889,4015.45,-1.09065,-7.63909,0
9090.84,-1.09423,-7.5972,0,0,0.355234,4.37252,-1.09423,-7.5972,4013.99,-1.10279,-7.51661,0
9098.39,-1.0897,-7.53882,0,0,0.600511,7.73778,-1.0897,-7.53882,4013.6,-1.11479,-7.48467,0
9110.29,-1.0912,-7.47219,0,0,-0.126286,5.5999,-1.0912,-7.47219,4013.7,-1.04162,-7.41995,0
9118.99,-1.09227,-7.3919,0,0,-0.122479,9.22497,-1.09227,-7.3919,4014.42,-1.07349,-7.36186,0
9130.57,-1.09095,-7.29521,0,0,0.113608,8.34635,-1.09095,-7.29521,4016.62,-1.08808,-7.21683,0
9139.03,-1.10489,-7.19632,0,0,-1.64794,11.6872,-1.10489,-7.19632,4020.82,-1.25559,-7.09413,0
9150.98,-1.13349,-7.1163,0,0,-2.3928,6.69627,-1.13349,-7.1163,4025.99,-1.17705,-7.06939,0
9162.82,-1.15422,-7.0519,0,0,-1.75251,5.44355,-1.15422,-7.0519,4030.91,-1.11773,-7.05672,0
9170.37,-1.17015,-6.97351,0,0,-2.10746,10.3743,-1.17015,-6.97351,4035.78,-1.20463,-6.91436,0
9183.19,-1.15966,-6.87437,0,0,0.818182,7.73488,-1.15966,-6.87437,4041.67,-1.15405,-6.74417,0
9191.66,-1.16065,-6.77968,0,0,-0.116697,11.1795,-1.16065,-6.77968,4050.14,-1.2285,-6.6794,0
9202.07,-1.16823,-6.71894,0,0,-0.727664,5.83298,-1.16823,-6.71894,4061.3,-1.12751,-6.69217,0
9211,-1.1689,-6.69166,0,0,-0.0755076,3.05654,-1.1689,-6.69166,4071.72,-1.15913,-6.65835,0
9223.27,-1.19055,-6.67948,0,0,-1.76343,0.992065,-1.19055,-6.67948,4078.12,-1.20987,-6.46223,0
9230.25,-1.18423,-6.67932,0,0,0.90595,0.0224947,-1.18423,-6.67932,4081.21,-1.20079,-6.46654,0
9242.41,-1.17548,-6.69813,0,0,0.719261,-1.54567,-1.17548,-6.69813,4083.43,-1.20036,-6.32843,0
9251.58,-0.932998,-6.81595,0,0,26.4657,-12.8601,-0.932998,-6.81595,4087.31,-0.711005,-6.39706,0
9262.26,0.159389,-7.19373,0,0,102.255,-35.3629,0.159389,-7.19373,4096.4,2.5099,-7.77049,0
9270.97,3.15383,-7.97344,0,0,343.951,-89.5598,3.15383,-7.97344,4114.29,5.45602,-9.11072,0
9283.23,6.13129,-8.75081,0,0,242.721,-63.3705,6.13129,-8.75081,4139.8,7.63158,-9.90607,0
9290.26,6.99766,-9.06967,0,0,123.204,-45.3452,6.99766,-9.06967,4164.92,7.07016,-9.31832,0
9303.45,7.05175,-9.1335,0,0,4.1019,-4.83976,7.05175,-9.1335,4183.11,7.00609,-9.18315,0
9310.15,7.06065,-9.13524,0,0,1.32759,-0.260502,7.06065,-9.13524,4195.07,7.09682,-9.20158,0
9323,7.06155,-9.10726,0,0,0.0699972,2.17793,7.06155,-9.10726,4203.68,7.04377,-8.96959,0
9331.57,7.09071,-9.05681,0,0,3.40147,5.88438,7.09071,-9.05681,4209.95,7.12531,-9.01992,0
9342.64,7.1258,-8.99239,0,0,3.17018,5.82052,7.1258,-8.99239,4214.07,7.13191,-8.94844,0
9350.42,7.14169,-8.91495,0,0,2.04412,9.95907,7.14169,-8.91495,4216.91,7.17501,-8.8807,0
9363.21,7.18968,-8.81476,0,0,3.75287,7.83499,7.18968,-8.81476,4220.11,7.24028,-8.77936,0
9371.36,7.20771,-8.67694,0,0,2.20997,16.8983,7.20771,-8.67694,4224.4,7.23797,-8.52306,0
9382.14,7.20519,-8.53733,0,0,-0.233258,12.9484,7.20519,-8.53733,4228.35,7.2118,-8.43984,0
9390.78,7.20179,-8.4333,0,0,-0.394302,12.0457,7.20179,-8.4333,4230.34,7.15351,-8.33266,0
9403.36,7.17817,-8.35656,0,0,-1.87772,6.10019,7.17817,-8.35656,4230.68,7.11418,-8.30788,0
9414.79,7.17567,-8.28854,0,0,-0.218551,5.9489,7.17567,-8.28854,4230.52,7.13716,-8.23057,0
9422.34,7.17448,-8.21163,0,0,-0.157049,10.1914,7.17448,-8.21163,4230.17,7.19926,-8.10241,0
9435.14,7.18509,-8.12789,0,0,0.828397,6.54284,7.18509,-8.12789,4229.14,7.20502,-8.07236,0
9443.59,7.19317,-8.03916,0,0,0.956061,10.4973,7.19317,-8.03916,4226.59,7.21877,-7.9886,0
9454.42,7.19154,-7.94135,0,0,-0.150258,9.03371,7.19154,-7.94135,4221.38,7.19955,-7.76222,0
9462.76,7.18959,-7.83427,0,0,-0.233495,12.8335,7.18959,-7.83427,4213.01,7.18054,-7.7727,0
9474.79,7.1804,-7.71912,0,0,-0.76455,9.57348,7.1804,-7.71912,4203.63,7.13278,-7.69874,0
9482.34,7.1778,-7.60428,0,0,-0.344355,15.2066,7.1778,-7.60428,4196.23,7.17593,-7.47032,0
9494.74,7.17442,-7.50689,0,0,-0.272424,7.85783,7.17442,-7.50689,4191.13,7.16984,-7.4335,0
9502.76,7.1666,-7.43289,0,0,-0.973892,9.21775,7.1666,-7.43289,4187.3,7.2122,-7.43652,0
9514.76,7.16382,-7.3627,0,0,-0.231797,5.8519,7.16382,-7.3627,4184.63,7.1489,-7.35016,0
9522.77,7.1333,-7.2806,0,0,-3.80773,10.243,7.1333,-7.2806,4182.9,7.09292,-7.16937,0
9534.77,7.10139,-7.20831,0,0,-2.66065,6.02829,7.10139,-7.20831,4180.46,7.10767,-7.1846,0
9542.52,7.08357,-7.16032,0,0,-2.29863,6.18839,7.08357,-7.16032,4174.75,7.05661,-7.14317,0
9554.99,7.08252,-7.12511,0,0,-0.0843119,2.82342,7.08252,-7.12511,4164.18,7.08817,-7.10549,0
9564.08,7.08705,-7.08846,0,0,0.498823,4.03296,7.08705,-7.08846,4150.38,7.05088,-7.00126,0
9574.07,7.08859,-7.05355,0,0,0.154301,3.49312,7.08859,-7.05355,4137.14,7.11352,-6.83092,0
9582.98,7.16918,-7.03983,0,0,9.04452,1.53971,7.16918,-7.03983,4125.33,7.21018,-6.93954,0
9595.25,8.09457,-7.15488,0,0,75.4495,-9.38025,8.09457,-7.15488,4111.58,8.98273,-7.26956,0
9602.39,9.51928,-7.35006,0,0,199.568,-27.3394,9.51928,-7.35006,4094.98,11.1705,-7.86288,0
9614.27,10.7462,-7.52306,0,0,103.258,-14.5597,10.7462,-7.52306,4080.62,12.042,-8.06498,0
9622.77,11.5347,-7.63374,0,0,92.7192,-13.0156,11.5347,-7.63374,4072.72,11.4582,-7.74278,0
9634.56,11.6761,-7.64408,0,0,11.9924,-0.876773,11.6761,-7.64408,4069.77,11.6928,-7.64572,0
9643.06,11.6904,-7.62265,0,0,1.6874,2.52381,11.6904,-7.62265,4068.66,11.7377,-7.6371,0
9654.81,11.6894,-7.57243,0,0,-0.0870287,4.27141,11.6894,-7.57243,4068.14,11.6435,-7.53884,0
9667.18,11.6974,-7.49758,0,0,0.642753,6.05276,11.6974,-7.49758,4067.92,11.679,-7.39246,0
9674.41,11.7052,-7.41748,0,0,1.08183,11.0738,11.7052,-7.41748,4067.74,11.7723,-7.38794,0
9686.57,11.7169,-7.34342,0,0,0.96377,6.09244,11.7169,-7.34342,4067.56,11.7265,-7.29344,0
9695.26,11.7583,-7.26884,0,0,4.76829,8.5796,11.7583,-7.26884,4067.41,11.7902,-7.21909,0
9706.28,11.7888,-7.18283,0,0,2.76095,7.80832,11.7888,-7.18283,4067.38,11.7951,-7.15072,0
9714.75,11.7869,-7.09265,0,0,-0.216384,10.6469,11.7869,-7.09265,4067.73,11.7701,-7.0038,0
9727.22,11.7867,-7.01586,0,0,-0.0211999,6.15402,11.7867,-7.01586,4068.56,11.7868,-6.98371,0
9734.22,11.7866,-6.952,0,0,-0.0119198,9.12773,11.7866,-6.952,4069.61,11.7539,-6.88874,0
9746.39,11.7822,-6.8898,0,0,-0.362153,5.11196,11.7822,-6.8898,4070.51,11.7942,-6.7992,0
9755.59,11.7785,-6.82608,0,0,-0.397533,6.92565,11.7785,-6.82608,4071.15,11.7855,-6.79898,0
9766.27,11.7663,-6.76427,0,0,-1.14037,5.78526,11.7663,-6.76427,4071.75,11.6848,-6.65897,0
9774.99,11.769,-6.71812,0,0,0.30562,5.29318,11.769,-6.71812,4072.42,11.7589,-6.59833,0
9787.49,11.7607,-6.69228,0,0,-0.663934,2.06678,11.7607,-6.69228,4073.23,11.7409,-6.53153,0
9795.24,11.7548,-6.68413,0,0,-0.755981,1.05198,11.7548,-6.68413,4074.7,11.7607,-6.55899,0
9806.98,11.7426,-6.68797,0,0,-1.04561,-0.326701,11.7426,-6.68797,4077.23,11.8283,-6.3441,0
9814.94,11.5197,-6.69857,0,0,-27.9939,-1.33174,11.5197,-6.69857,4080.41,11.3536,-6.3332,0
9826.12,10.3936,-6.68217,0,0,-100.723,1.46665,10.3936,-6.68217,4084.17,7.70959,-6.39529,0
9834.94,7.76544,-6.61156,0,0,-297.945,8.0046,7.76544,-6.61156,4089.97,4.36534,-6.66061,0
9847.25,4.47902,-6.54615,0,0,-267.145,5.31724,4.47902,-6.54615,4098.29,2.64651,-6.97818,0
9854.25,2.8091,-6.62381,0,0,-238.322,-11.0836,2.8091,-6.62381,4105.93,2.70173,-6.9768,0
9866.14,2.73315,-6.75445,0,0,-6.39026,-10.9907,2.73315,-6.75445,4109.98,2.77937,-6.8081,0
9874.16,2.71995,-6.78993,0,0,-1.64479,-4.42125,2.71995,-6.78993,4111.13,2.65931,-6.83475,0
9886.16,2.72855,-6.78736,0,0,0.717173,0.214415,2.72855,-6.78736,4110.9,2.78258,-6.85012,0
9895.98,2.72967,-6.75586,0,0,0.113796,3.20628,2.72967,-6.75586,4109.25,2.74806,-6.75216,0
9905.75,2.72428,-6.69257,0,0,-0.551015,6.47989,2.72428,-6.69257,4105.21,2.72363,-6.62111,0
9917.73,2.72433,-6.61028,0,0,0.0034854,6.86786,2.72433,-6.61028,4098.62,2.72719,-6.60217,0
9925.75,2.71913,-6.52218,0,0,-0.648233,10.9932,2.71913,-6.52218,4091.07,2.6174,-6.3914,0
9937.76,2.70854,-6.43588,0,0,-0.881985,7.18493,2.70854,-6.43588,4084.71,2.70456,-6.47883,0
9945.75,2.66622,-6.34737,0,0,-5.29463,11.0742,2.66622,-6.34737,4080.3,2.62804,-6.32101,0
9957.75,2.61312,-6.25401,0,0,-4.42455,7.77896,2.61312,-6.25401,4077.48,2.59525,-6.19112,0
9965.71,2.59339,-6.16474,0,0,-2.47969,11.2213,2.59339,-6.16474,4075.74,2.58604,-6.10947,0
9977.76,2.58352,-6.08431,0,0,-0.819223,6.67458,2.58352,-6.08431,4074.62,2.57696,-6.04318,0
9985.86,2.5653,-6.007,0,0,-2.24815,9.54052,2.5653,-6.007,4074,2.55345,-5.93709,0
9997.74,2.55393,-5.92207,0,0,-0.957249,7.15055,2.55393,-5.92207,4073.78,2.45865,-5.82475,0
10005.7,2.5541,-5.82299,0,0,0.020822,12.372,2.5541,-5.82299,4073.8,2.55511,-5.73495,0
10017.7,2.55211,-5.71825,0,0,-0.165877,8.74046,2.55211,-5.71825,4074.12,2.54359,-5.62487,0
10025.7,2.55302,-5.63578,0,0,0.113081,10.2853,2.55302,-5.63578,4075.05,2.55563,-5.47262,0
10039,2.55359,-5.59357,0,0,0.04281,3.17546,2.55359,-5.59357,4076.44,2.54649,-5.58977,0
10046,2.55412,-5.58308,0,0,0.0764866,1.51185,2.55412,-5.58308,4077.87,2.58813,-5.10275,0
10057.8,2.55395,-5.59692,0,0,-0.0140398,-1.17334,2.55395,-5.59692,4079.84,2.56843,-5.11834,0
10066.5,2.50541,-5.65212,0,0,-5.58743,-6.35282,2.50541,-5.65212,4082.9,2.59181,-5.29172,0
10078,1.34825,-5.64812,0,0,-99.9186,0.345489,1.34825,-5.64812,4086.12,0.188365,-5.60897,0
10087.6,-0.353306,-5.6452,0,0,-178.435,0.305933,-0.353306,-5.6452,4088.21,-1.98915,-5.80067,0
10098.8,-1.96172,-5.65253,0,0,-143.775,-0.655673,-1.96172,-5.65253,4088.74,-3.45953,-6.03752,0
10106.5,-3.02843,-5.65771,0,0,-137.765,-0.668266,-3.02843,-5.65771,4087.98,-3.06837,-5.8487,0
10119,-3.14423,-5.69964,0,0,-9.29832,-3.36749,-3.14423,-5.69964,4087.38,-3.08242,-5.76549,0
10127.3,-3.21042,-5.70485,0,0,-7.92556,-0.622812,-3.21042,-5.70485,4088.27,-3.21955,-5.76502,0
10138.2,-3.21342,-5.69628,0,0,-0.276705,0.790475,-3.21342,-5.69628,4090.31,-3.2109,-5.74105,0
10146.7,-3.22617,-5.65983,0,0,-1.48811,4.25439,-3.22617,-5.65983,4092.61,-3.23738,-5.67309,0
10158.8,-3.24244,-5.58965,0,0,-1.34293,5.79295,-3.24244,-5.58965,4094.65,-3.29837,-5.52254,0
10171,-3.24882,-5.50486,0,0,-0.526242,6.98577,-3.24882,-5.50486,4096.27,-3.24546,-5.44166,0
10178.4,-3.26317,-5.42666,0,0,-1.94351,10.5919,-3.26317,-5.42666,4097.79,-3.24363,-5.38977,0
10190.9,-3.28308,-5.3567,0,0,-1.58106,5.5581,-3.28308,-5.3567,4099.49,-3.27684,-5.34384,0
10199.6,-3.27747,-5.28341,0,0,0.649261,8.4826,-3.27747,-5.28341,4101.38,-3.36863,-5.25258,0
10210.1,-3.27425,-5.19485,0,0,0.304634,8.38075,-3.27425,-5.19485,4103.32,-3.33325,-5.13601,0
10218.8,-3.29303,-5.09761,0,0,-2.17891,11.2778,-3.29303,-5.09761,4105.53,-3.26624,-4.97523,0
10231.2,-3.31648,-5.0087,0,0,-1.88246,7.1383,-3.31648,-5.0087,4108.79,-3.21945,-5.03211,0
10238.3,-3.30238,-5.0103,0,0,2.00693,-0.226822,-3.30238,-5.0103,4108.79,-3.30406,-4.89627,0
10250.4,-3.29487,-5.01114,0,0,0.619067,-0.0699818,-3.29487,-5.01114,4108.79,-3.42506,-4.82576,0
10258.4,-3.29487,-5.01114,0,0,0,0,-3.29487,-5.01114,4108.79,-3.28464,-4.80408,0
