Resolution,1920,1080,Distance,60,Width,48,Subject,alejandro,Test,TOPTVD-09252019-123448,Calibration,CC9-09252019-123400,Analizer, 1.0.0
Time(ms),GazeX(deg),GazeY(deg),StimulusX(deg),StimulusY(deg),GazeVelX(deg/s),GazeVelY(deg/s),ErrorX(deg),ErrorY(deg),PupilArea(px^2),GazeRawX(deg),GazeRawY(deg),Blinks
0,-0.974987,-0.441294,0,0,0,0,-0.974987,-0.441294,4777.61,-0.837866,-0.475658,0
10.2,-0.974987,-0.441294,0,0,0,0,-0.974987,-0.441294,4777.61,-1.0281,-0.359117,0
20.155,-0.974987,-0.441294,0,0,0,0,-0.974987,-0.441294,4777.61,-0.944217,-0.513423,0
28.107,-0.974987,-0.441294,0,0,0,0,-0.974987,-0.441294,4777.61,-0.97646,-0.385356,0
39.465,-1.00168,-0.393296,0,0,-2.34978,4.22592,-1.00168,-0.393296,4771.11,-0.958095,-0.501476,0
48.053,-1.03147,-0.369633,0,0,-3.46932,2.7554,-1.03147,-0.369633,4752.51,-1.07266,-0.245702,0
60.173,-1.05444,-0.356379,0,0,-1.8954,1.09354,-1.05444,-0.356379,4730.86,-1.04236,-0.352048,0
68.245,-1.06939,-0.345358,0,0,-1.85134,1.36541,-1.06939,-0.345358,4712.1,-1.07555,-0.364614,0
80.093,-1.08,-0.332854,0,0,-0.895585,1.05536,-1.08,-0.332854,4698.15,-1.09414,-0.321263,0
88.06,-1.08947,-0.317217,0,0,-1.18945,1.96265,-1.08947,-0.317217,4685.59,-1.09014,-0.242482,0
99.33,-1.10034,-0.29729,0,0,-0.963973,1.76821,-1.10034,-0.29729,4672.85,-1.16864,-0.248479,0
108.079,-1.11546,-0.27802,0,0,-1.72868,2.20245,-1.11546,-0.27802,4662.11,-1.0915,-0.292377,0
120.362,-1.13377,-0.265887,0,0,-1.49037,0.987834,-1.13377,-0.265887,4654.67,-1.10264,-0.204599,0
127.579,-1.14875,-0.261734,0,0,-2.07529,0.575391,-1.14875,-0.261734,4648.47,-1.1651,-0.359407,0
139.913,-1.15624,-0.263083,0,0,-0.607663,-0.10933,-1.15624,-0.263083,4640.52,-1.13794,-0.212691,0
148.125,-1.15875,-0.26714,0,0,-0.305521,-0.494129,-1.15875,-0.26714,4630.69,-1.20805,-0.340197,0
160.125,-1.16061,-0.271131,0,0,-0.155412,-0.332509,-1.16061,-0.271131,4621.57,-1.18986,-0.217524,0
168.048,-1.16385,-0.273923,0,0,-0.407917,-0.352432,-1.16385,-0.273923,4614.56,-1.22077,-0.2388,0
180.112,-1.1685,-0.275043,0,0,-0.385459,-0.092825,-1.1685,-0.275043,4609.33,-1.1501,-0.184763,0
188.242,-1.17463,-0.274375,0,0,-0.754385,0.0821144,-1.17463,-0.274375,4605.66,-1.14874,-0.313964,0
199.59,-1.18263,-0.273315,0,0,-0.704965,0.0934029,-1.18263,-0.273315,4603.37,-1.19995,-0.315345,0
207.53,-1.19158,-0.272171,0,0,-1.1272,0.144155,-1.19158,-0.272171,4601.66,-1.20456,-0.303298,0
219.586,-1.19882,-0.268912,0,0,-0.6002,0.270289,-1.19882,-0.268912,4599.73,-1.27946,-0.340172,0
227.542,-1.20264,-0.262127,0,0,-0.481076,0.852844,-1.20264,-0.262127,4597.13,-1.2921,-0.24077,0
239.331,-1.20393,-0.253779,0,0,-0.109189,0.708109,-1.20393,-0.253779,4594.11,-1.18309,-0.267903,0
251.392,-1.20406,-0.247465,0,0,-0.0105098,0.523466,-1.20406,-0.247465,4591.3,-1.20846,-0.246803,0
259.632,-1.20352,-0.244522,0,0,0.0657124,0.357205,-1.20352,-0.244522,4588.73,-1.21649,-0.241175,0
272.283,-1.20294,-0.243702,0,0,0.0458529,0.0648425,-1.20294,-0.243702,4586.11,-1.26692,-0.223734,0
281.063,-1.20352,-0.243694,0,0,-0.0660659,0.000876177,-1.20352,-0.243694,4583.63,-1.17152,-0.229816,0
292.786,-1.20642,-0.244436,0,0,-0.24814,-0.0633183,-1.20642,-0.244436,4581.6,-1.18681,-0.249274,0
300.942,-1.21229,-0.246918,0,0,-0.719243,-0.304307,-1.21229,-0.246918,4579.47,-1.16134,-0.273502,0
311.341,-1.22038,-0.251951,0,0,-0.777701,-0.48397,-1.22038,-0.251951,4575.87,-1.18077,-0.213142,0
319.405,-1.22829,-0.258775,0,0,-0.980908,-0.846282,-1.22829,-0.258775,4568.79,-1.28513,-0.264665,0
331.566,-1.23433,-0.266105,0,0,-0.497049,-0.602741,-1.23433,-0.266105,4555.76,-1.33631,-0.224763,0
340.14,-1.23941,-0.274273,0,0,-0.592175,-0.952567,-1.23941,-0.274273,4533.7,-1.23506,-0.230314,0
352.655,-1.24511,-0.285652,0,0,-0.455345,-0.909273,-1.24511,-0.285652,4499.62,-1.21742,-0.279368,0
359.582,-1.25235,-0.301832,0,0,-1.04596,-2.33573,-1.25235,-0.301832,4453.77,-1.24401,-0.345181,0
371.542,-1.26058,-0.31961,0,0,-0.688027,-1.48645,-1.26058,-0.31961,4397.29,-1.29145,-0.333571,0
380.092,-1.26921,-0.333703,0,0,-1.00915,-1.6483,-1.26921,-0.333703,4327.25,-1.18195,-0.349885,0
392.189,-1.27826,-0.342973,0,0,-0.747626,-0.766306,-1.27826,-0.342973,4241.15,-1.32789,-0.356805,0
400.106,-1.28609,-0.350933,0,0,-0.989128,-1.00541,-1.28609,-0.350933,4140.96,-1.28743,-0.303775,0
411.552,-1.29261,-0.363367,0,0,-0.569692,-1.08639,-1.29261,-0.363367,4031.17,-1.26277,-0.336882,0
420.442,-1.3014,-0.384416,0,0,-0.988642,-2.36768,-1.3014,-0.384416,3917.83,-1.34025,-0.461651,0
431.569,-1.31642,-0.411831,0,0,-1.35031,-2.46381,-1.31642,-0.411831,3806.23,-1.36887,-0.451486,0
439.544,-1.33756,-0.438676,0,0,-2.6508,-3.36614,-1.33756,-0.438676,3697.57,-1.42331,-0.406813,0
451.377,-1.35815,-0.458845,0,0,-1.74033,-1.70449,-1.35815,-0.458845,3591.22,-1.28034,-0.534061,0
459.435,-1.37293,-0.471491,0,0,-1.83381,-1.56933,-1.37293,-0.471491,3487.69,-1.43727,-0.514035,0
471.598,-1.38359,-0.47989,0,0,-0.87634,-0.690541,-1.38359,-0.47989,3386.31,-1.41678,-0.539962,0
479.861,-1.39171,-0.4855,0,0,-0.982115,-0.678943,-1.39171,-0.4855,3284.03,-1.37315,-0.489877,0
491.547,-1.39642,-0.488166,0,0,-0.403636,-0.228179,-1.39642,-0.488166,3179.15,-1.43553,-0.401357,0
503.474,-1.39846,-0.488891,0,0,-0.17118,-0.0607633,-1.39846,-0.488891,3073.25,-1.31906,-0.385768,0
512.16,-1.39958,-0.48876,0,0,-0.128037,0.0150431,-1.39958,-0.48876,2970.07,-1.34333,-0.48602,0
524.006,-1.39989,-0.487256,0,0,-0.0267439,0.127034,-1.39989,-0.487256,2875.24,-1.40962,-0.479478,0
532.02,-1.39797,-0.482066,0,0,0.240195,0.647598,-1.39797,-0.482066,2792.27,-1.40408,-0.551109,0
544.151,-1.39133,-0.468214,0,0,0.5471,1.14181,-1.39133,-0.468214,2716.56,-1.39555,-0.579272,0
552.248,-1.3798,-0.441191,0,0,1.42407,3.33744,-1.3798,-0.441191,2636.48,-1.40818,-0.610636,0
563.548,-1.36523,-0.396248,0,0,1.2893,3.97732,-1.36523,-0.396248,2548.59,-1.36102,-0.0398404,0
572.188,-1.34882,-0.33785,0,0,1.89988,6.75893,-1.34882,-0.33785,2466.42,-1.21053,-0.30897,0
584.17,-1.33403,-0.282761,0,0,1.23386,4.5977,-1.33403,-0.282761,2398.48,-1.50189,-0.00960054,0
592.134,-1.32448,-0.2422,0,0,1.19915,5.09303,-1.32448,-0.2422,2337.39,-1.34208,0.239486,0
603.492,-1.3197,-0.220573,0,0,0.421293,1.90412,-1.3197,-0.220573,2280.62,-1.29263,-0.0351497,0
611.96,-1.31693,-0.214669,0,0,0.326899,0.697185,-1.31693,-0.214669,2234.9,-1.31704,-0.207133,0
623.579,-1.31448,-0.216771,0,0,0.211121,-0.180938,-1.31448,-0.216771,2199.95,-1.18622,-0.372297,0
631.547,-1.3119,-0.221505,0,0,0.323143,-0.594032,-1.3119,-0.221505,2166.42,-1.3175,-0.226506,0
643.339,-1.30939,-0.225669,0,0,0.213318,-0.35312,-1.30939,-0.225669,2127.85,-1.33777,-0.247597,0
651.354,-1.30741,-0.229485,0,0,0.246104,-0.476118,-1.30741,-0.229485,2085.61,-1.30921,-0.0827763,0
663.409,-1.30559,-0.234263,0,0,0.151282,-0.396356,-1.30559,-0.234263,2043.88,-1.29924,-0.244782,0
671.558,-1.30342,-0.239695,0,0,0.266834,-0.666645,-1.30342,-0.239695,2005.53,-1.2654,-0.260104,0
683.987,-1.30143,-0.247438,0,0,0.159985,-0.622979,-1.30143,-0.247438,1973.03,-1.18549,-0.197979,0
691.736,-1.30034,-0.261454,0,0,0.140333,-1.80869,-1.30034,-0.261454,1948.61,-1.35944,-0.111977,0
704.056,-1.30126,-0.281815,0,0,-0.0751277,-1.65267,-1.30126,-0.281815,1931.17,-1.3899,-0.360634,0
712.179,-1.30716,-0.301307,0,0,-0.725982,-2.39968,-1.30716,-0.301307,1916.94,-1.20421,-0.329773,0
725.005,-1.32016,-0.312725,0,0,-1.01355,-0.890214,-1.32016,-0.312725,1903.62,-1.20635,-0.454413,0
731.55,-1.33688,-0.314787,0,0,-2.55432,-0.315011,-1.33688,-0.314787,1889.8,-1.32196,-0.617761,0
744.793,-1.35304,-0.301994,0,0,-1.22063,0.966036,-1.35304,-0.301994,1874.54,-1.174,-0.401689,0
757.301,-1.37442,-0.256466,0,0,-1.70868,3.6399,-1.37442,-0.256466,1860.31,-1.46373,-0.599046,0
764.817,-1.4168,-0.173452,0,0,-5.63923,11.0449,-1.4168,-0.173452,1850.11,-1.40021,0.0780402,0
775.402,-1.48547,-0.0887419,0,0,-6.48736,8.00288,-1.48547,-0.0887419,1843.24,-1.65119,-0.0342515,0
784.047,-1.56096,-0.038724,0,0,-8.73262,5.78576,-1.56096,-0.038724,1837.55,-1.86075,0.207296,0
795.564,-1.61935,-0.0184586,0,0,-5.06995,1.7596,-1.61935,-0.0184586,1831.74,-1.86648,0.00503929,0
804.257,-1.65291,-0.00829811,0,0,-3.8606,1.16882,-1.65291,-0.00829811,1824.28,-1.73817,-0.0320401,0
816.018,-1.66691,-0.000623361,0,0,-1.1898,0.652559,-1.66691,-0.000623361,1813.11,-1.61448,0.295058,0
824.176,-1.67046,0.00550766,0,0,-0.435456,0.751534,-1.67046,0.00550766,1798.04,-1.76628,-0.120202,0
836.153,-1.66914,0.00980179,0,0,0.110385,0.358532,-1.66914,0.00980179,1782.84,-1.66823,-0.0852818,0
844.096,-1.66265,0.0105786,0,0,0.816482,0.0977996,-1.66265,0.0105786,1771.65,-1.77586,0.0694081,0
855.511,-1.65091,0.00833852,0,0,1.02885,-0.196241,-1.65091,0.00833852,1763.76,-1.67531,0.12143,0
864.114,-1.63914,0.00543099,0,0,1.36801,-0.337967,-1.63914,0.00543099,1755.87,-1.53835,0.163124,0
875.529,-1.63232,0.000622555,0,0,0.597381,-0.421239,-1.63232,0.000622555,1747.55,-1.62806,0.0184448,0
884.597,-1.62928,-0.0124335,0,0,0.334954,-1.43979,-1.62928,-0.0124335,1740.52,-1.71037,-0.246913,0
896.13,-1.6264,-0.0394686,0,0,0.250017,-2.34416,-1.6264,-0.0394686,1735.47,-1.62846,-0.129615,0
904.178,-1.62178,-0.0755254,0,0,0.574391,-4.48021,-1.62178,-0.0755254,1731.88,-1.47169,-0.0347116,0
915.385,-1.61529,-0.105695,0,0,0.578638,-2.69199,-1.61529,-0.105695,1729.17,-1.62041,-0.178178,0
925.013,-1.60586,-0.120498,0,0,0.979806,-1.53757,-1.60586,-0.120498,1726.85,-1.68278,-0.126841,0
935.448,-1.59101,-0.122769,0,0,1.42295,-0.217604,-1.59101,-0.122769,1724.18,-1.70917,-0.215851,0
944.17,-1.57142,-0.117433,0,0,2.24584,0.611808,-1.57142,-0.117433,1720.2,-1.58015,-0.327841,0
956.211,-1.55149,-0.106037,0,0,1.65489,0.946378,-1.55149,-0.106037,1713.93,-1.41363,-0.0978447,0
964.207,-1.53194,-0.0873885,0,0,2.44554,2.33229,-1.53194,-0.0873885,1705.47,-1.3948,-0.000395347,0
975.532,-1.50911,-0.0615052,0,0,2.01579,2.2855,-1.50911,-0.0615052,1696.27,-1.52555,-0.163554,0
984.051,-1.48495,-0.0363516,0,0,2.83606,2.95265,-1.48495,-0.0363516,1687.78,-1.45077,-0.0161858,0
995.592,-1.46608,-0.0203799,0,0,1.63513,1.38391,-1.46608,-0.0203799,1680.21,-1.46353,0.0815259,0
1007.77,-1.45455,-0.0131359,0,0,0.946832,0.59474,-1.45455,-0.0131359,1672.87,-1.63615,-0.0748024,0
1016.13,-1.44758,-0.00990381,0,0,0.834121,0.386894,-1.44758,-0.00990381,1666.08,-1.34163,0.353172,0
1027.59,-1.44319,-0.00791958,0,0,0.382543,0.173069,-1.44319,-0.00791958,1661.2,-1.41691,0.0253432,0
1035.64,-1.44122,-0.00596576,0,0,0.244842,0.24262,-1.44122,-0.00596576,1658.51,-1.39013,-0.039404,0
1047.58,-1.44148,-0.00297577,0,0,-0.021303,0.250607,-1.44148,-0.00297577,1656.98,-1.56409,-0.298391,0
1056.11,-1.44419,0.00369314,0,0,-0.318579,0.781819,-1.44419,0.00369314,1655.94,-1.52087,-0.00218659,0
1067.59,-1.44981,0.0194377,0,0,-0.48886,1.37148,-1.44981,0.0194377,1655.27,-1.41716,0.125275,0
1076.17,-1.45836,0.0485565,0,0,-0.9961,3.39262,-1.45836,0.0485565,1655.08,-1.466,-0.0961401,0
1088.2,-1.47151,0.0899558,0,0,-1.09335,3.43962,-1.47151,0.0899558,1655.66,-1.44995,-0.0155819,0
1096.18,-1.49449,0.143254,0,0,-2.87933,6.67897,-1.49449,0.143254,1657.63,-1.51289,0.187777,0
1107.54,-1.53432,0.212201,0,0,-3.50701,6.07138,-1.53432,0.212201,1661.2,-1.48216,0.540357,0
1116.1,-1.58394,0.291624,0,0,-5.79904,9.28168,-1.58394,0.291624,1664.61,-1.8857,0.332595,0
1127.52,-1.62455,0.367028,0,0,-3.55506,6.60165,-1.62455,0.367028,1665.52,-1.93545,0.108793,0
1136.17,-1.64922,0.427698,0,0,-2.85101,7.01144,-1.64922,0.427698,1664.37,-1.78969,0.176904,0
1148.01,-1.65992,0.468796,0,0,-0.904415,3.47229,-1.65992,0.468796,1663.6,-1.68873,0.467109,0
1155.77,-1.65682,0.490617,0,0,0.399576,2.81125,-1.65682,0.490617,1664.17,-1.7625,0.495304,0
1168.47,-1.63651,0.503295,0,0,1.59978,0.99851,-1.63651,0.503295,1664.11,-1.53948,0.68173,0
1175.9,-1.60298,0.519171,0,0,4.50769,2.13472,-1.60298,0.519171,1661.09,-1.60844,0.593361,0
1187.37,-1.57352,0.536372,0,0,2.56932,1.50003,-1.57352,0.536372,1655.98,-1.47644,0.719246,0
1195.38,-1.55763,0.546986,0,0,1.98333,1.32492,-1.55763,0.546986,1651.34,-1.42972,0.769594,0
1207.55,-1.54784,0.551229,0,0,0.804918,0.34883,-1.54784,0.551229,1648.05,-1.75358,0.191793,0
1216.2,-1.5349,0.550188,0,0,1.49622,-0.12042,-1.5349,0.550188,1645.81,-1.40479,0.549979,0
1227.65,-1.51687,0.537067,0,0,1.57463,-1.14572,-1.51687,0.537067,1645.16,-1.44112,0.584582,0
1235.63,-1.4971,0.5047,0,0,2.47797,-4.05705,-1.4971,0.5047,1646.92,-1.69629,0.165061,0
1248.05,-1.48134,0.460958,0,0,1.26804,-3.5205,-1.48134,0.460958,1650.84,-1.61155,0.377055,0
1260.12,-1.47241,0.425742,0,0,0.739978,-2.9169,-1.47241,0.425742,1655.01,-1.26221,1.09031,0
1268.09,-1.46774,0.408046,0,0,0.586011,-2.22222,-1.46774,0.408046,1657.87,-1.46277,0.424614,0
1280.22,-1.46579,0.399831,0,0,0.160971,-0.676909,-1.46579,0.399831,1659.77,-1.49462,0.355534,0
1289.39,-1.46701,0.391656,0,0,-0.13313,-0.891733,-1.46701,0.391656,1661.41,-1.38829,0.610092,0
1300.08,-1.46977,0.38107,0,0,-0.258428,-0.989904,-1.46977,0.38107,1662.9,-1.35824,0.37369,0
1308.09,-1.47429,0.366979,0,0,-0.563855,-1.75944,-1.47429,0.366979,1664.34,-1.74924,0.10972,0
1319.39,-1.48408,0.345625,0,0,-0.866614,-1.89037,-1.48408,0.345625,1666.03,-1.42086,0.450798,0
1327.39,-1.50126,0.319218,0,0,-2.149,-3.30246,-1.50126,0.319218,1668.29,-1.622,-0.164026,0
1339.71,-1.52164,0.295768,0,0,-1.65381,-1.90266,-1.52164,0.295768,1671.21,-1.69696,-0.00214244,0
1347.47,-1.53887,0.275141,0,0,-2.221,-2.65978,-1.53887,0.275141,1675.31,-1.64307,-0.0432759,0
1359.61,-1.55105,0.26295,0,0,-1.00371,-1.00404,-1.55105,0.26295,1679.83,-1.56024,0.371362,0
1368.22,-1.55744,0.268947,0,0,-0.741362,0.696754,-1.55744,0.268947,1681.87,-1.46166,0.364907,0
1379.54,-1.55786,0.286239,0,0,-0.0375083,1.52728,-1.55786,0.286239,1679.76,-1.43216,0.351751,0
1388.08,-1.55449,0.304684,0,0,0.394889,2.15826,-1.55449,0.304684,1675.2,-1.35847,0.432022,0
1400.1,-1.55021,0.317586,0,0,0.355419,1.07359,-1.55021,0.317586,1671.34,-1.55197,-0.126024,0
1407.95,-1.54583,0.319235,0,0,0.558306,0.210055,-1.54583,0.319235,1668.87,-1.59358,0.288316,0
1419.88,-1.53829,0.305541,0,0,0.632142,-1.14812,-1.53829,0.305541,1666.72,-1.54203,0.139131,0
1428.96,-1.52518,0.268094,0,0,1.4445,-4.12369,-1.52518,0.268094,1664.33,-1.54464,0.321336,0
1439.54,-1.50972,0.207159,0,0,1.46018,-5.75889,-1.50972,0.207159,1661.62,-1.4434,0.353525,0
1448.09,-1.49572,0.146058,0,0,1.63914,-7.14882,-1.49572,0.146058,1658.91,-1.61759,-0.0529714,0
1461.07,-1.48306,0.100652,0,0,0.974768,-3.49678,-1.48306,0.100652,1656.49,-1.46094,0.00354271,0
1467.63,-1.47278,0.0634743,0,0,1.56626,-5.66825,-1.47278,0.0634743,1654.59,-1.73358,-0.0440577,0
1479.5,-1.46695,0.0303899,0,0,0.491044,-2.78606,-1.46695,0.0303899,1653.53,-1.46561,0.0348672,0
1488.12,-1.46454,0.00625973,0,0,0.280345,-2.80062,-1.46454,0.00625973,1653.01,-1.46867,0.135515,0
1500.14,-1.46268,-0.00724726,0,0,0.154288,-1.1238,-1.46268,-0.00724726,1652.33,-1.41874,-0.0122345,0
1511.38,-1.45887,-0.0125453,0,0,0.339267,-0.47119,-1.45887,-0.0125453,1651.19,-1.4488,0.101188,0
1519.35,-1.45224,-0.012603,0,0,0.832291,-0.0072395,-1.45224,-0.012603,1649.72,-1.5267,-0.270588,0
1531.39,-1.44491,-0.0103589,0,0,0.608686,0.186468,-1.44491,-0.0103589,1648.06,-1.60062,-0.201502,0
1540.06,-1.43927,-0.0100858,0,0,0.650878,0.0315005,-1.43927,-0.0100858,1646.61,-1.70585,-0.198072,0
1552.17,-1.43301,-0.01684,0,0,0.516366,-0.55765,-1.43301,-0.01684,1645.76,-1.43041,0.0273117,0
1560.11,-1.41913,-0.0337306,0,0,1.74856,-2.12781,-1.41913,-0.0337306,1645.32,-1.35738,-0.00671871,0
1572.16,-1.39553,-0.0518726,0,0,1.9581,-1.50519,-1.39553,-0.0518726,1645,-1.34681,0.0704343,0
1581.52,-1.37227,-0.0588912,0,0,2.48664,-0.750409,-1.37227,-0.0588912,1644.9,-1.35108,0.291827,0
1591.37,-1.3597,-0.0597641,0,0,1.27592,-0.0885748,-1.3597,-0.0597641,1645.42,-1.4836,0.0374927,0
1599.61,-1.35828,-0.066215,0,0,0.17189,-0.782494,-1.35828,-0.066215,1647.13,-1.34692,-0.200751,0
1612.05,-1.36668,-0.0801252,0,0,-0.675104,-1.11899,-1.36668,-0.0801252,1649.77,-1.34339,-0.164464,0
1620.14,-1.38439,-0.0946515,0,0,-2.18911,-1.79492,-1.38439,-0.0946515,1652.23,-1.35102,0.0455438,0
1632.69,-1.40459,-0.104681,0,0,-1.60957,-0.799195,-1.40459,-0.104681,1653.92,-1.48168,-0.162223,0
1639.48,-1.41847,-0.112638,0,0,-2.0423,-1.17073,-1.41847,-0.112638,1654.81,-1.49877,-0.153009,0
1651.56,-1.42534,-0.121549,0,0,-0.569098,-0.737975,-1.42534,-0.121549,1655.11,-1.5433,-0.0673741,0
1659.51,-1.43021,-0.133411,0,0,-0.612204,-1.49158,-1.43021,-0.133411,1655.21,-1.41559,0.111719,0
1671.47,-1.43648,-0.156604,0,0,-0.52446,-1.93999,-1.43648,-0.156604,1655.27,-1.43424,-0.283098,0
1680.05,-1.44586,-0.195471,0,0,-1.09203,-4.52787,-1.44586,-0.195471,1655.3,-1.42972,0.00660603,0
1691.62,-1.4585,-0.236528,0,0,-1.09352,-3.55042,-1.4585,-0.236528,1655.29,-1.60527,-0.246372,0
1701.05,-1.47341,-0.266881,0,0,-1.57953,-3.2167,-1.47341,-0.266881,1655.35,-1.65812,-0.445709,0
1711.48,-1.48783,-0.288342,0,0,-1.38211,-2.05706,-1.48783,-0.288342,1655.72,-1.77154,-0.331794,0
1720.14,-1.49664,-0.303667,0,0,-1.01804,-1.77001,-1.49664,-0.303667,1656.79,-1.66972,-0.433384,0
1732.2,-1.49883,-0.31224,0,0,-0.181542,-0.711094,-1.49883,-0.31224,1658.86,-1.48914,-0.347267,0
1740.19,-1.49705,-0.315472,0,0,0.22273,-0.404706,-1.49705,-0.315472,1662.32,-1.41412,-0.232697,0
1751.65,-1.49343,-0.316141,0,0,0.315236,-0.0582881,-1.49343,-0.316141,1667.02,-1.59341,-0.374265,0
1763.97,-1.48932,-0.316082,0,0,0.333711,0.00479173,-1.48932,-0.316082,1671.22,-1.52999,-0.322261,0
1772.73,-1.48523,-0.315913,0,0,0.467456,0.0192145,-1.48523,-0.315913,1673.62,-1.46827,-0.310766,0
1783.55,-1.48219,-0.315782,0,0,0.281325,0.0121627,-1.48219,-0.315782,1675.05,-1.41223,0.0610472,0
1792.1,-1.48131,-0.315744,0,0,0.102892,0.00444868,-1.48131,-0.315744,1676.75,-1.38836,0.0163619,0
1803.55,-1.48127,-0.315763,0,0,0.00311402,-0.00168377,-1.48127,-0.315763,1678.91,-1.59571,-0.331074,0
1811.58,-1.48016,-0.316047,0,0,0.138016,-0.0353612,-1.48016,-0.316047,1681.19,-1.3382,-0.00304026,0
1823.5,-1.47831,-0.317812,0,0,0.155716,-0.148062,-1.47831,-0.317812,1683.53,-1.51058,-0.47357,0
1831.58,-1.47642,-0.32363,0,0,0.233244,-0.72012,-1.47642,-0.32363,1685.91,-1.50123,-0.444092,0
1843.42,-1.47415,-0.335401,0,0,0.191506,-0.994189,-1.47415,-0.335401,1687.85,-1.48616,-0.311255,0
1853.03,-1.4718,-0.351677,0,0,0.245051,-1.69424,-1.4718,-0.351677,1688.95,-1.37296,-0.340244,0
1863.57,-1.47113,-0.368547,0,0,0.0637887,-1.60043,-1.47113,-0.368547,1689.56,-1.43227,-0.357341,0
1871.88,-1.47386,-0.382908,0,0,-0.328337,-1.72834,-1.47386,-0.382908,1690.22,-1.59278,-0.343193,0
1883.64,-1.47931,-0.393683,0,0,-0.463394,-0.915677,-1.47931,-0.393683,1690.96,-1.42066,-0.475963,0
1891.54,-1.48515,-0.401718,0,0,-0.739589,-1.0174,-1.48515,-0.401718,1691.44,-1.4625,-0.414776,0
1903.59,-1.48979,-0.40793,0,0,-0.38486,-0.515523,-1.48979,-0.40793,1691.61,-1.51461,-0.41275,0
1912.13,-1.49206,-0.41157,0,0,-0.266765,-0.426393,-1.49206,-0.41157,1691.63,-1.6871,-0.440398,0
1924.1,-1.49158,-0.412547,0,0,0.0404239,-0.0816599,-1.49158,-0.412547,1691.62,-1.65301,-0.4643,0
1932.03,-1.48804,-0.411106,0,0,0.446835,0.181756,-1.48804,-0.411106,1691.51,-1.66824,-0.485191,0
1943.76,-1.4782,-0.404407,0,0,0.838794,0.57113,-1.4782,-0.404407,1690.91,-1.65858,-0.423788,0
1952.39,-1.45625,-0.386686,0,0,2.54433,2.05418,-1.45625,-0.386686,1688.94,-1.43746,-0.336487,0
1964.18,-1.42416,-0.354117,0,0,2.72049,2.76169,-1.42416,-0.354117,1685.06,-1.38537,-0.353885,0
1972.15,-1.39328,-0.312671,0,0,3.8764,5.2022,-1.39328,-0.312671,1680.72,-1.15638,-0.238264,0
1984.13,-1.3721,-0.278293,0,0,1.76711,2.86768,-1.3721,-0.278293,1678.04,-1.39883,-0.221503,0
1992.11,-1.36199,-0.260892,0,0,1.26863,2.18307,-1.36199,-0.260892,1677.17,-1.15801,-0.207023,0
2003.71,-1.36011,-0.25652,0,0,0.161495,0.37683,-1.36011,-0.25652,1677.12,-1.19253,-0.262335,0
2016.52,-1.36687,-0.260309,0,0,-0.527808,-0.295757,-1.36687,-0.260309,1677.68,-1.26849,-0.227217,0
2024.67,-1.39089,-0.275502,0,0,-2.94584,-1.86333,-1.39089,-0.275502,1679.36,-1.27178,-0.253834,0
2035.61,-1.43675,-0.304083,0,0,-4.19224,-2.61297,-1.43675,-0.304083,1682.09,-1.52475,-0.410908,0
2044.15,-1.48731,-0.336405,0,0,-5.92031,-3.78434,-1.48731,-0.336405,1684.98,-1.57693,-0.431392,0
2056.13,-1.5193,-0.361044,0,0,-2.67128,-2.05735,-1.5193,-0.361044,1688.12,-1.51263,-0.364231,0
2063.55,-1.53071,-0.375936,0,0,-1.53595,-2.00627,-1.53071,-0.375936,1692.3,-1.60902,-0.474954,0
2075.47,-1.53287,-0.383698,0,0,-0.181432,-0.651453,-1.53287,-0.383698,1696.94,-1.5585,-0.347981,0
2083.88,-1.53292,-0.386812,0,0,-0.00631555,-0.370127,-1.53292,-0.386812,1700.33,-1.56888,-0.388307,0
2095.71,-1.5326,-0.387689,0,0,0.0272808,-0.0741677,-1.5326,-0.387689,1701.83,-1.61867,-0.446011,0
2104.03,-1.53167,-0.387994,0,0,0.111436,-0.0366362,-1.53167,-0.387994,1702.11,-1.41869,-0.295806,0
2115.56,-1.5289,-0.388121,0,0,0.240647,-0.0110168,-1.5289,-0.388121,1701.82,-1.51975,-0.516449,0
2124.11,-1.52319,-0.388053,0,0,0.6679,0.00795236,-1.52319,-0.388053,1701.22,-1.49724,-0.388922,0
2136.79,-1.51477,-0.388082,0,0,0.664115,-0.00227778,-1.51477,-0.388082,1700.42,-1.39476,-0.32467,0
2143.74,-1.50537,-0.388748,0,0,1.35092,-0.0958068,-1.50537,-0.388748,1699.29,-1.52467,-0.388396,0
2155.66,-1.49786,-0.390616,0,0,0.630342,-0.156625,-1.49786,-0.390616,1697.67,-1.70094,-0.502555,0
2165.13,-1.49348,-0.393122,0,0,0.462134,-0.264673,-1.49348,-0.393122,1695.44,-1.4048,-0.350454,0
2175.7,-1.49093,-0.394493,0,0,0.241449,-0.129708,-1.49093,-0.394493,1692.59,-1.47888,-0.484178,0
2184.13,-1.48848,-0.392989,0,0,0.29042,0.178411,-1.48848,-0.392989,1689.21,-1.49261,-0.459112,0
2196.96,-1.48487,-0.385072,0,0,0.281449,0.616991,-1.48487,-0.385072,1684.97,-1.48701,-0.45089,0
2204.37,-1.4792,-0.364562,0,0,0.766124,2.76972,-1.4792,-0.364562,1678.8,-1.55294,-0.470263,0
2215.63,-1.47229,-0.327449,0,0,0.613647,3.296,-1.47229,-0.327449,1670.65,-1.48225,-0.219999,0
2224.22,-1.46542,-0.279954,0,0,0.799429,5.53043,-1.46542,-0.279954,1663.13,-1.43575,-0.205179,0
2235.57,-1.4593,-0.239538,0,0,0.538955,3.55871,-1.4593,-0.239538,1658.6,-1.42986,-0.164241,0
2244.11,-1.45547,-0.218284,0,0,0.448567,2.48869,-1.45547,-0.218284,1656.47,-1.49296,-0.217617,0
2256.12,-1.45425,-0.21182,0,0,0.101576,0.538234,-1.45425,-0.21182,1655.38,-1.2855,-0.0308591,0
2268.23,-1.4547,-0.211081,0,0,-0.037056,0.0610027,-1.4547,-0.211081,1654.91,-1.42211,-0.178412,0
2275.9,-1.45697,-0.213505,0,0,-0.295556,-0.316135,-1.45697,-0.213505,1655.04,-1.45539,-0.401646,0
2288.89,-1.46136,-0.223762,0,0,-0.338148,-0.789589,-1.46136,-0.223762,1655.91,-1.47807,-0.211281,0
2296.05,-1.46671,-0.250416,0,0,-0.746993,-3.7227,-1.46671,-0.250416,1658.36,-1.35495,-0.236389,0
2307.49,-1.47137,-0.295819,0,0,-0.407081,-3.96667,-1.47137,-0.295819,1662.91,-1.54051,-0.333821,0
2316.16,-1.47508,-0.346093,0,0,-0.428868,-5.80266,-1.47508,-0.346093,1668.07,-1.46063,-0.453172,0
2328.15,-1.47909,-0.383258,0,0,-0.334191,-3.0984,-1.47909,-0.383258,1672.25,-1.45732,-0.402584,0
2336.11,-1.48434,-0.403371,0,0,-0.660464,-2.52828,-1.48434,-0.403371,1675.48,-1.52589,-0.492191,0
2347.57,-1.49016,-0.412093,0,0,-0.507152,-0.7609,-1.49016,-0.412093,1677.85,-1.48693,-0.42039,0
2356.17,-1.49475,-0.415065,0,0,-0.533721,-0.345538,-1.49475,-0.415065,1679.14,-1.50352,-0.4345,0
2367.72,-1.4973,-0.415505,0,0,-0.220733,-0.0381458,-1.4973,-0.415505,1679.52,-1.46357,-0.375217,0
2375.68,-1.49882,-0.414582,0,0,-0.191829,0.116022,-1.49882,-0.414582,1679.21,-1.46093,-0.444348,0
2388.2,-1.50028,-0.412729,0,0,-0.116336,0.14802,-1.50028,-0.412729,1678.2,-1.50919,-0.4242,0
2396.14,-1.50149,-0.410747,0,0,-0.152555,0.249403,-1.50149,-0.410747,1676.62,-1.54707,-0.387937,0
2407.48,-1.50199,-0.410081,0,0,-0.0435272,0.0587594,-1.50199,-0.410081,1674.98,-1.5114,-0.416601,0
2416.65,-1.50164,-0.411833,0,0,0.0378142,-0.190862,-1.50164,-0.411833,1673.8,-1.4976,-0.353613,0
2427.63,-1.50082,-0.415941,0,0,0.0745161,-0.374269,-1.50082,-0.415941,1673.13,-1.42518,-0.294379,0
2436.49,-1.4999,-0.422273,0,0,0.10434,-0.715088,-1.4999,-0.422273,1672.69,-1.47769,-0.510645,0
2448.21,-1.49883,-0.430891,0,0,0.0907268,-0.735311,-1.49883,-0.430891,1672.32,-1.55511,-0.464085,0
2456.2,-1.49806,-0.439794,0,0,0.0967606,-1.11362,-1.49806,-0.439794,1672.07,-1.4402,-0.354551,0
2467.65,-1.49944,-0.44737,0,0,-0.120452,-0.661973,-1.49944,-0.44737,1672.03,-1.51658,-0.429078,0
2476.35,-1.50502,-0.454914,0,0,-0.641301,-0.86662,-1.50502,-0.454914,1672.13,-1.39551,-0.507384,0
2488.31,-1.51409,-0.462715,0,0,-0.758265,-0.652374,-1.51409,-0.462715,1672.27,-1.70729,-0.578966,0
2496.22,-1.52239,-0.469722,0,0,-1.04961,-0.88609,-1.52239,-0.469722,1672.45,-1.24925,-0.167188,0
2507.46,-1.52672,-0.475253,0,0,-0.385061,-0.491768,-1.52672,-0.475253,1672.65,-1.57811,-0.658756,0
2519.41,-1.52769,-0.477951,0,0,-0.0814665,-0.225831,-1.52769,-0.477951,1672.79,-1.55465,-0.378863,0
2527.39,-1.52637,-0.476935,0,0,0.165196,0.12729,-1.52637,-0.476935,1672.87,-1.67946,-0.60773,0
2539.79,-1.52191,-0.472631,0,0,0.359639,0.347111,-1.52191,-0.472631,1672.91,-1.40549,-0.264486,0
2547.83,-1.51476,-0.464589,0,0,0.890628,1.001,-1.51476,-0.464589,1672.97,-1.68265,-0.612432,0
2559.71,-1.5072,-0.451172,0,0,0.636224,1.12889,-1.5072,-0.451172,1673.06,-1.42037,-0.467968,0
2568.23,-1.50019,-0.434143,0,0,0.822757,1.99815,-1.50019,-0.434143,1673.26,-1.49377,-0.523315,0
2580.2,-1.4947,-0.419276,0,0,0.458538,1.24265,-1.4947,-0.419276,1673.75,-1.42864,-0.406473,0
2588.19,-1.49157,-0.410904,0,0,0.391877,1.04773,-1.49157,-0.410904,1674.57,-1.38903,-0.303917,0
2599.57,-1.48986,-0.40755,0,0,0.150378,0.294779,-1.48986,-0.40755,1675.33,-1.49925,-0.362515,0
2608.2,-1.48953,-0.405136,0,0,0.0379283,0.27976,-1.48953,-0.405136,1675.96,-1.50129,-0.401348,0
2619.5,-1.4919,-0.402581,0,0,-0.209409,0.225999,-1.4919,-0.402581,1677.07,-1.47086,-0.432236,0
2628.3,-1.4971,-0.400158,0,0,-0.59138,0.275376,-1.4971,-0.400158,1678.71,-1.5312,-0.344525,0
2640.13,-1.5033,-0.397207,0,0,-0.523955,0.249441,-1.5033,-0.397207,1680.2,-1.69158,-0.530952,0
2648.13,-1.50837,-0.393923,0,0,-0.633217,0.41019,-1.50837,-0.393923,1681.11,-1.38176,-0.180073,0
2660.15,-1.51287,-0.39214,0,0,-0.375121,0.148471,-1.51287,-0.39214,1681.64,-1.67469,-0.591835,0
2668.18,-1.51677,-0.39301,0,0,-0.48525,-0.108353,-1.51677,-0.39301,1681.88,-1.72249,-0.452173,0
2679.91,-1.51718,-0.396408,0,0,-0.0350968,-0.289617,-1.51718,-0.396408,1681.86,-1.67668,-0.688949,0
2687.91,-1.51434,-0.400272,0,0,0.355184,-0.483164,-1.51434,-0.400272,1681.6,-1.4945,-0.354334,0
2699.61,-1.51325,-0.403361,0,0,0.0939033,-0.264064,-1.51325,-0.403361,1680.92,-1.33328,-0.280995,0
2708.19,-1.51431,-0.407698,0,0,-0.123758,-0.50538,-1.51431,-0.407698,1680.03,-1.66534,-0.537813,0
2720.14,-1.51286,-0.414673,0,0,0.12108,-0.583463,-1.51286,-0.414673,1678.95,-1.59265,-0.388475,0
2728.16,-1.50895,-0.42303,0,0,0.488158,-1.04237,-1.50895,-0.42303,1677.73,-1.52182,-0.570445,0
2740.44,-1.50607,-0.430971,0,0,0.233957,-0.646563,-1.50607,-0.430971,1677.1,-1.43115,-0.39034,0
2748.18,-1.50556,-0.439396,0,0,0.0665082,-1.08839,-1.50556,-0.439396,1677.6,-1.34989,-0.237023,0
2759.69,-1.50596,-0.450794,0,0,-0.0347392,-0.990418,-1.50596,-0.450794,1678.56,-1.43122,-0.429099,0
2772.14,-1.50605,-0.464263,0,0,-0.00741897,-1.08229,-1.50605,-0.464263,1679.23,-1.56151,-0.448684,0
2779.45,-1.50601,-0.472788,0,0,0.00537625,-1.16628,-1.50601,-0.472788,1679.48,-1.58038,-0.625175,0
2793.09,-1.50563,-0.472806,0,0,0.0281876,-0.00135926,-1.50563,-0.472806,1679.4,-1.49106,-0.528902,0
2800.76,-1.50262,-0.469516,0,0,0.392199,0.42894,-1.50262,-0.469516,1679.23,-1.37791,-0.489798,0
2811.41,-1.49281,-0.466407,0,0,0.920799,0.291744,-1.49281,-0.466407,1679.11,-1.51345,-0.487949,0
2821.08,-1.47376,-0.461269,0,0,1.97006,0.531621,-1.47376,-0.461269,1679.08,-1.52112,-0.492841,0
2832.15,-1.45068,-0.452241,0,0,2.08379,0.815039,-1.45068,-0.452241,1679.19,-1.26303,-0.116019,0
2840.12,-1.42726,-0.439137,0,0,2.93936,1.64443,-1.42726,-0.439137,1679.17,-1.30507,-0.270942,0
2852.15,-1.40256,-0.42476,0,0,2.05367,1.19528,-1.40256,-0.42476,1678.64,-1.35995,-0.368737,0
2860.27,-1.38295,-0.415201,0,0,2.41506,1.17733,-1.38295,-0.415201,1677.64,-1.3832,-0.53138,0
2871.68,-1.37289,-0.411757,0,0,0.881652,0.301755,-1.37289,-0.411757,1676.5,-1.41623,-0.351804,0
2879.9,-1.369,-0.411063,0,0,0.473292,0.0844889,-1.369,-0.411063,1675.29,-1.51956,-0.489352,0
2892.2,-1.36858,-0.411088,0,0,0.0337983,-0.00206647,-1.36858,-0.411088,1673.39,-1.48425,-0.457897,0
2901.04,-1.36949,-0.411636,0,0,-0.102692,-0.0619689,-1.36949,-0.411636,1669.58,-1.32855,-0.467987,0
2912.15,-1.36792,-0.412676,0,0,0.141183,-0.0936512,-1.36792,-0.412676,1663.72,-1.07595,-0.288278,0
2920.21,-1.36161,-0.412026,0,0,0.783683,0.080722,-1.36161,-0.412026,1657.83,-1.27813,-0.272617,0
2931.63,-1.35221,-0.40433,0,0,0.822112,0.673728,-1.35221,-0.40433,1653.85,-1.32295,-0.468029,0
2940.98,-1.34357,-0.38622,0,0,0.924583,1.93769,-1.34357,-0.38622,1651.85,-1.47676,-0.382339,0
2951.65,-1.33686,-0.362316,0,0,0.629284,2.24035,-1.33686,-0.362316,1651.02,-1.37085,-0.393714,0
2960.19,-1.32998,-0.342158,0,0,0.805333,2.36015,-1.32998,-0.342158,1650.85,-1.63277,-0.516742,0
2972.19,-1.32267,-0.330441,0,0,0.609614,0.976433,-1.32267,-0.330441,1650.99,-1.29397,-0.0369135,0
2980.16,-1.31635,-0.324854,0,0,0.792456,0.700565,-1.31635,-0.324854,1651.24,-1.21039,-0.23123,0
2993.09,-1.31163,-0.322419,0,0,0.364856,0.188334,-1.31163,-0.322419,1651.88,-1.36446,-0.27751,0
3000.25,-1.30938,-0.321917,0,0,0.31381,0.0701759,-1.30938,-0.321917,1653.54,-1.30889,-0.331196,0
3011.76,-1.3102,-0.324087,0,0,-0.0711632,-0.188412,-1.3102,-0.324087,1656.49,-1.31039,-0.311894,0
3024.16,-1.31486,-0.33385,0,0,-0.375677,-0.78753,-1.31486,-0.33385,1660.18,-1.26867,-0.262809,0
3032.23,-1.32536,-0.359336,0,0,-1.30088,-3.15772,-1.32536,-0.359336,1664.16,-1.22824,-0.380112,0
3044.16,-1.34439,-0.404234,0,0,-1.59593,-3.76504,-1.34439,-0.404234,1668.87,-1.2889,-0.424074,0
3052.17,-1.37321,-0.461084,0,0,-3.59616,-7.09288,-1.37321,-0.461084,1674.93,-1.41665,-0.584177,0
3063.44,-1.40439,-0.515267,0,0,-2.76583,-4.80652,-1.40439,-0.515267,1682.44,-1.47536,-0.521382,0
3072.29,-1.42692,-0.555739,0,0,-2.54561,-4.57308,-1.42692,-0.555739,1690.49,-1.30288,-0.489686,0
3084.14,-1.44032,-0.579972,0,0,-1.13074,-2.04529,-1.44032,-0.579972,1697.08,-1.44441,-0.599355,0
3092.24,-1.44877,-0.591298,0,0,-1.04356,-1.39863,-1.44877,-0.591298,1700.96,-1.48426,-0.63703,0
3103.6,-1.4527,-0.595103,0,0,-0.346278,-0.335039,-1.4527,-0.595103,1702.69,-1.45047,-0.626443,0
3111.45,-1.45245,-0.595883,0,0,0.0317426,-0.0992362,-1.45245,-0.595883,1703.44,-1.30005,-0.490419,0
3124.06,-1.45002,-0.595576,0,0,0.193164,0.0243418,-1.45002,-0.595576,1703.89,-1.47466,-0.598661,0
3131.72,-1.44648,-0.593041,0,0,0.462201,0.331067,-1.44648,-0.593041,1704.2,-1.53068,-0.597645,0
3143.5,-1.4399,-0.582757,0,0,0.557888,0.872585,-1.4399,-0.582757,1704.49,-1.36193,-0.466011,0
3152.28,-1.42912,-0.552624,0,0,1.22889,3.43401,-1.42912,-0.552624,1705.3,-1.44706,-0.514172,0
3163.66,-1.41688,-0.478575,0,0,1.07528,6.5029,-1.41688,-0.478575,1707.48,-1.35599,-0.597539,0
3172.25,-1.40599,-0.322675,0,0,1.2673,18.1553,-1.40599,-0.322675,1711.77,-1.65257,-0.278293,0
3183.88,-1.39748,-0.0705706,0,0,0.731745,21.6752,-1.39748,-0.0705706,1718.79,-1.40225,0.471713,0
3192.54,-1.39106,0.211927,0,0,0.740945,32.6097,-1.39106,0.211927,1729.62,-1.29892,0.794574,0
3203.78,-1.38424,0.418639,0,0,0.607286,18.3973,-1.38424,0.418639,1743.99,-1.45882,0.535724,0
3212.15,-1.37643,0.513257,0,0,0.932952,11.3071,-1.37643,0.513257,1757.99,-1.39024,0.541001,0
3223.6,-1.37168,0.539085,0,0,0.414863,2.25496,-1.37168,0.539085,1767.35,-1.26246,0.930505,0
3232.14,-1.37347,0.542003,0,0,-0.209143,0.341781,-1.37347,0.542003,1771.79,-1.24809,0.821952,0
3245.13,-1.38387,0.535895,0,0,-0.800064,-0.47004,-1.38387,0.535895,1774,-1.284,0.600554,0
3254.04,-1.40013,0.515668,0,0,-1.82655,-2.27107,-1.40013,0.515668,1776.95,-1.30409,0.547907,0
3264.11,-1.41504,0.478088,0,0,-1.47972,-3.73049,-1.41504,0.478088,1782.4,-1.43293,0.37523,0
3275.66,-1.42522,0.435641,0,0,-0.88162,-3.67665,-1.42522,0.435641,1789.79,-1.48406,0.426229,0
3284.21,-1.43044,0.406085,0,0,-0.610321,-3.45514,-1.43044,0.406085,1796.98,-1.42972,0.448428,0
3296.21,-1.43193,0.393851,0,0,-0.124387,-1.02005,-1.43193,0.393851,1802.36,-1.42912,0.326951,0
3304.2,-1.43139,0.392982,0,0,0.0678662,-0.108767,-1.43139,0.392982,1805.51,-1.51144,0.160891,0
3316.05,-1.42803,0.400808,0,0,0.282961,0.660342,-1.42803,0.400808,1806.85,-1.5298,0.149594,0
3324.2,-1.41905,0.41911,0,0,1.10195,2.24539,-1.41905,0.41911,1807.28,-1.35455,0.278351,0
3335.88,-1.4023,0.449207,0,0,1.43472,2.57748,-1.4023,0.449207,1807.86,-1.08496,0.765957,0
3344.21,-1.3808,0.48484,0,0,2.58045,4.27713,-1.3808,0.48484,1809.57,-1.27538,0.662566,0
3356.24,-1.36028,0.511715,0,0,1.70639,2.23509,-1.36028,0.511715,1812.65,-1.40991,0.544096,0
3364.19,-1.34425,0.523213,0,0,2.01479,1.44462,-1.34425,0.523213,1815.77,-1.40817,0.455885,0
3375.45,-1.33528,0.522496,0,0,0.796715,-0.0637228,-1.33528,0.522496,1817.63,-1.26925,0.55963,0
3384.16,-1.33276,0.510727,0,0,0.289369,-1.35115,-1.33276,0.510727,1818.57,-1.30469,0.644028,0
3396.24,-1.3341,0.489863,0,0,-0.111037,-1.72675,-1.3341,0.489863,1819.86,-1.46296,0.353236,0
3404.11,-1.33774,0.466191,0,0,-0.461029,-3.00597,-1.33774,0.466191,1822.36,-1.18211,0.691852,0
3415.7,-1.34245,0.443166,0,0,-0.406744,-1.98663,-1.34245,0.443166,1825.91,-1.50412,0.210282,0
3424.12,-1.34672,0.422863,0,0,-0.507153,-2.41319,-1.34672,0.422863,1829.59,-1.3856,0.389485,0
3435.54,-1.34834,0.40868,0,0,-0.142369,-1.24224,-1.34834,0.40868,1832.53,-1.37718,0.354445,0
3444.2,-1.34625,0.401138,0,0,0.241742,-0.870685,-1.34625,0.401138,1834.48,-1.31533,0.480914,0
3456.06,-1.34215,0.397975,0,0,0.345085,-0.266651,-1.34215,0.397975,1835.83,-1.33037,0.427594,0
3464.19,-1.33885,0.397925,0,0,0.406152,-0.00614592,-1.33885,0.397925,1836.97,-1.36103,0.297059,0
3475.46,-1.33669,0.399656,0,0,0.192057,0.153557,-1.33669,0.399656,1838.52,-1.28732,0.359809,0
3483.45,-1.33499,0.40069,0,0,0.212401,0.129399,-1.33499,0.40069,1841.18,-1.24997,0.517192,0
3497.17,-1.33458,0.399584,0,0,0.029965,-0.0806077,-1.33458,0.399584,1844.78,-1.25367,0.399818,0
3504.14,-1.33645,0.396958,0,0,-0.269262,-0.377153,-1.33645,0.396958,1848.13,-1.27111,0.428504,0
3516.19,-1.33976,0.39424,0,0,-0.274337,-0.225592,-1.33976,0.39424,1850.48,-1.40658,0.45001,0
3528.23,-1.34262,0.392071,0,0,-0.237506,-0.18011,-1.34262,0.392071,1852.36,-1.33737,0.419358,0
3536.3,-1.345,0.389985,0,0,-0.294615,-0.25846,-1.345,0.389985,1855.17,-1.24713,0.379428,0
3547.63,-1.34738,0.385945,0,0,-0.210115,-0.356594,-1.34738,0.385945,1860.1,-1.37605,0.30292,0
3556.21,-1.34887,0.377491,0,0,-0.17391,-0.985004,-1.34887,0.377491,1866.95,-1.48412,0.21399,0
3567.61,-1.34892,0.364792,0,0,-0.0048075,-1.11396,-1.34892,0.364792,1874.42,-1.3582,0.262031,0
3576.16,-1.34798,0.351778,0,0,0.110832,-1.52182,-1.34798,0.351778,1881.69,-1.32082,0.383833,0
3588.32,-1.34626,0.343001,0,0,0.141428,-0.721537,-1.34626,0.343001,1888.9,-1.3096,0.476637,0
3595.9,-1.34372,0.339327,0,0,0.335096,-0.485139,-1.34372,0.339327,1896.51,-1.44342,0.328309,0
3608.32,-1.34036,0.338512,0,0,0.270642,-0.0656529,-1.34036,0.338512,1904.09,-1.41335,0.340676,0
3616.94,-1.33672,0.338569,0,0,0.422043,0.00664064,-1.33672,0.338569,1910.37,-1.33608,0.269522,0
3627.62,-1.33378,0.338774,0,0,0.274988,0.0192096,-1.33378,0.338774,1915.11,-1.27438,0.188845,0
3636.18,-1.33102,0.338873,0,0,0.322902,0.0115682,-1.33102,0.338873,1919.11,-1.26284,0.3895,0
3648.17,-1.3275,0.338532,0,0,0.293699,-0.028491,-1.3275,0.338532,1923.12,-1.40366,0.190558,0
3656.19,-1.32312,0.337474,0,0,0.545329,-0.131874,-1.32312,0.337474,1927.83,-1.27094,0.363647,0
3667.55,-1.31642,0.336439,0,0,0.589622,-0.0910488,-1.31642,0.336439,1934.29,-1.36828,0.407238,0
3676.33,-1.30593,0.336887,0,0,1.19528,0.0510288,-1.30593,0.336887,1942.96,-1.31632,0.442653,0
3688.2,-1.29449,0.337918,0,0,0.963615,0.0868658,-1.29449,0.337918,1952.07,-1.35305,0.317816,0
3696.17,-1.28594,0.335989,0,0,1.07389,-0.242288,-1.28594,0.335989,1958.77,-1.33083,0.23771,0
3707.59,-1.28062,0.328542,0,0,0.465359,-0.651623,-1.28062,0.328542,1962.25,-1.27545,0.263111,0
3716.25,-1.27776,0.317563,0,0,0.330441,-1.26775,-1.27776,0.317563,1963.94,-1.20708,0.251372,0
3727.8,-1.27662,0.307812,0,0,0.0991809,-0.844292,-1.27662,0.307812,1965.33,-1.27826,0.399019,0
3736.17,-1.27623,0.30306,0,0,0.0465961,-0.568242,-1.27623,0.30306,1967.15,-1.26514,0.340384,0
3747.55,-1.27625,0.30455,0,0,-0.00198239,0.130954,-1.27625,0.30455,1969.79,-1.25563,0.357238,0
3756.28,-1.27714,0.307623,0,0,-0.102523,0.35195,-1.27714,0.307623,1973.21,-1.47421,0.20166,0
3767.48,-1.28016,0.307481,0,0,-0.26898,-0.01266,-1.28016,0.307481,1976.53,-1.34316,0.196043,0
3779.48,-1.28598,0.304543,0,0,-0.485779,-0.244839,-1.28598,0.304543,1979.1,-1.36119,0.267854,0
3787.56,-1.29276,0.299617,0,0,-0.837789,-0.608992,-1.29276,0.299617,1981.44,-1.23406,0.313977,0
3799.86,-1.29834,0.29375,0,0,-0.454068,-0.477316,-1.29834,0.29375,1984.83,-1.31291,0.36435,0
3808.41,-1.30214,0.287462,0,0,-0.444098,-0.735159,-1.30214,0.287462,1989.91,-1.35994,0.145654,0
3820.25,-1.30334,0.27863,0,0,-0.101021,-0.745929,-1.30334,0.27863,1995.61,-1.31384,0.307634,0
3828.19,-1.30119,0.266666,0,0,0.27069,-1.50698,-1.30119,0.266666,2000.05,-1.28358,0.255097,0
3839.59,-1.29634,0.254857,0,0,0.424994,-1.03539,-1.29634,0.254857,2002.73,-1.29123,0.300407,0
3848.15,-1.28962,0.246502,0,0,0.786034,-0.976625,-1.28962,0.246502,2004.47,-1.32364,0.29955,0
3859.48,-1.28161,0.242182,0,0,0.706308,-0.381354,-1.28161,0.242182,2005.86,-1.23978,0.241992,0
3868.45,-1.27456,0.240655,0,0,0.786656,-0.170162,-1.27456,0.240655,2006.99,-1.26163,0.166989,0
3879.6,-1.26982,0.240392,0,0,0.425036,-0.0235521,-1.26982,0.240392,2007.88,-1.26236,0.239581,0
3887.67,-1.26558,0.240692,0,0,0.525298,0.0371804,-1.26558,0.240692,2008.4,-1.20188,0.187774,0
3899.62,-1.2589,0.242253,0,0,0.558577,0.130626,-1.2589,0.242253,2008.56,-1.27654,0.236973,0
3909.13,-1.24796,0.247134,0,0,1.15044,0.513154,-1.24796,0.247134,2008.45,-1.27133,0.0220434,0
3920.21,-1.23377,0.256421,0,0,1.2809,0.838123,-1.23377,0.256421,2007.96,-1.33745,0.268611,0
3927.8,-1.2209,0.26737,0,0,1.69518,1.44225,-1.2209,0.26737,2007.03,-1.15347,0.516932,0
3940.33,-1.21297,0.275548,0,0,0.632865,0.652593,-1.21297,0.275548,2006.02,-1.16076,0.356321,0
3948.27,-1.20772,0.2794,0,0,0.660991,0.485287,-1.20772,0.2794,2005.42,-1.19863,0.333961,0
3959.46,-1.20153,0.280061,0,0,0.553674,0.0591048,-1.20153,0.280061,2005.24,-1.25516,0.208129,0
3968.15,-1.19461,0.277329,0,0,0.796705,-0.314455,-1.19461,0.277329,2005.25,-1.21584,0.26233,0
3979.6,-1.18888,0.268138,0,0,0.499832,-0.802346,-1.18888,0.268138,2005.51,-1.23979,0.309756,0
3988.27,-1.18441,0.250714,0,0,0.515653,-2.01044,-1.18441,0.250714,2006.3,-1.09586,0.239542,0
3999.89,-1.17904,0.227564,0,0,0.461844,-1.99172,-1.17904,0.227564,2007.65,-1.17415,0.0285762,0
4007.78,-1.17262,0.202624,0,0,0.813671,-3.16019,-1.17262,0.202624,2008.97,-1.09505,0.181981,0
4019.7,-1.16797,0.179564,0,0,0.390173,-1.93557,-1.16797,0.179564,2009.71,-1.08811,0.158731,0
4032.18,-1.16644,0.160045,0,0,0.123233,-1.56423,-1.16644,0.160045,2009.96,-1.00968,0.265762,0
4040.25,-1.1691,0.142899,0,0,-0.330175,-2.12277,-1.1691,0.142899,2009.96,-1.11641,0.226153,0
4052.23,-1.18056,0.127177,0,0,-0.956838,-1.31305,-1.18056,0.127177,2009.61,-1.15074,0.0980565,0
4061.17,-1.20313,0.112935,0,0,-2.52302,-1.59221,-1.20313,0.112935,2008.27,-1.26369,0.0612922,0
4071.84,-1.22758,0.100758,0,0,-2.29122,-1.14119,-1.22758,0.100758,2005.37,-1.30104,-0.0014169,0
4079.63,-1.24206,0.0906037,0,0,-1.85912,-1.30317,-1.24206,0.0906037,2000.79,-1.24166,0.0804327,0
4091.63,-1.24562,0.0805153,0,0,-0.296685,-0.841264,-1.24562,0.0805153,1994.86,-1.2917,0.0955607,0
4100.27,-1.24045,0.0695491,0,0,0.598713,-1.26938,-1.24045,0.0695491,1988.55,-1.28598,0.0418546,0
4112.17,-1.22218,0.0599409,0,0,1.53518,-0.807345,-1.22218,0.0599409,1982.97,-1.27226,0.0748323,0
4120.44,-1.19038,0.0533118,0,0,3.84327,-0.80119,-1.19038,0.0533118,1978.31,-1.05653,-0.0296269,0
4132.25,-1.15929,0.048426,0,0,2.63238,-0.413702,-1.15929,0.048426,1974.15,-1.12682,-0.0460782,0
4142.13,-1.14213,0.0436982,0,0,1.73572,-0.478327,-1.14213,0.0436982,1969.67,-1.04128,0.0653883,0
4152.33,-1.13689,0.0391415,0,0,0.513959,-0.44683,-1.13689,0.0391415,1964.23,-1.06629,0.0350241,0
4160.26,-1.13636,0.0358834,0,0,0.0675774,-0.411063,-1.13636,0.0358834,1958.56,-1.14009,-0.0924375,0
4172.18,-1.13768,0.0349257,0,0,-0.111167,-0.0803039,-1.13768,0.0349257,1953.76,-1.13916,0.0122128,0
4180.18,-1.14055,0.0368309,0,0,-0.357991,0.238184,-1.14055,0.0368309,1949.85,-1.13432,0.0513482,0
4191.65,-1.14379,0.0415866,0,0,-0.283227,0.41484,-1.14379,0.0415866,1946.51,-1.25646,-0.00401308,0
4200.05,-1.14596,0.0503505,0,0,-0.257953,1.0427,-1.14596,0.0503505,1943.49,-1.24506,0.10669,0
4212.29,-1.14676,0.0633641,0,0,-0.0656613,1.06303,-1.14676,0.0633641,1939.88,-1.22183,0.0233589,0
4219.51,-1.14552,0.0759853,0,0,0.171895,1.74881,-1.14552,0.0759853,1935.18,-1.19878,0.262514,0
4231.48,-1.13965,0.0836214,0,0,0.490945,0.638257,-1.13965,0.0836214,1930.83,-1.07729,0.178225,0
4239.48,-1.12786,0.0865864,0,0,1.47226,0.370347,-1.12786,0.0865864,1928.45,-1.08462,0.096708,0
4251.54,-1.11486,0.0873075,0,0,1.07805,0.0598018,-1.11486,0.0873075,1927.68,-1.0366,0.0843416,0
4260.14,-1.10657,0.0879432,0,0,0.964222,0.0739375,-1.10657,0.0879432,1927.48,-1.10716,-0.0230422,0
4271.89,-1.10255,0.0898818,0,0,0.342366,0.164958,-1.10255,0.0898818,1927.38,-1.06407,0.209739,0
4285.17,-1.09996,0.0920669,0,0,0.195432,0.164558,-1.09996,0.0920669,1927.33,-1.12845,0.134528,0
4293.37,-1.09869,0.0924463,0,0,0.154585,0.0462713,-1.09869,0.0924463,1927.3,-1.06811,-0.157834,0
4304.89,-1.10006,0.0903283,0,0,-0.119466,-0.183721,-1.10006,0.0903283,1927.3,-1.14471,0.0687864,0
4313.14,-1.10489,0.0850726,0,0,-0.585253,-0.637752,-1.10489,0.0850726,1927.31,-1.11876,0.0548733,0
4323.83,-1.1131,0.0759958,0,0,-0.768052,-0.848856,-1.1131,0.0759958,1927.24,-1.03237,0.291131,0
4331.53,-1.12303,0.0611339,0,0,-1.28919,-1.93011,-1.12303,0.0611339,1926.73,-1.22378,0.0394665,0
4344.22,-1.13048,0.0342243,0,0,-0.587154,-2.12003,-1.13048,0.0342243,1925.09,-1.01028,0.158762,0
4352.21,-1.13315,-0.00928903,0,0,-0.334264,-5.44598,-1.13315,-0.00928903,1922.16,-1.22014,-0.12609,0
4363.68,-1.13545,-0.0610459,0,0,-0.199986,-4.51197,-1.13545,-0.0610459,1919.24,-1.21403,-0.116437,0
4371.64,-1.1427,-0.104754,0,0,-0.911256,-5.49303,-1.1427,-0.104754,1917.63,-1.20601,-0.170989,0
4384.28,-1.15356,-0.135154,0,0,-0.859673,-2.4049,-1.15356,-0.135154,1917.25,-1.08579,-0.140685,0
4391.75,-1.16529,-0.161003,0,0,-1.56934,-3.45942,-1.16529,-0.161003,1917.55,-1.07534,-0.265467,0
4405.48,-1.17823,-0.189986,0,0,-0.942702,-2.11167,-1.17823,-0.189986,1918.28,-1.11976,-0.129943,0
4413.64,-1.19015,-0.21994,0,0,-1.46086,-3.67036,-1.19015,-0.21994,1919.42,-1.19129,-0.159249,0
4424.22,-1.19695,-0.243964,0,0,-0.642693,-2.26949,-1.19695,-0.243964,1920.8,-1.23733,-0.295044,0
4432.19,-1.19902,-0.257967,0,0,-0.259602,-1.75873,-1.19902,-0.257967,1922.11,-1.24569,-0.255259,0
4443.69,-1.19929,-0.262708,0,0,-0.0238591,-0.412038,-1.19929,-0.262708,1923.11,-1.26626,-0.349568,0
4452.3,-1.19896,-0.262371,0,0,0.0391091,0.0392012,-1.19896,-0.262371,1923.66,-1.28772,-0.245988,0
4463.7,-1.19723,-0.260956,0,0,0.151392,0.124042,-1.19723,-0.260956,1923.79,-1.16063,-0.383435,0
4471.77,-1.19284,-0.259499,0,0,0.544125,0.180474,-1.19284,-0.259499,1923.58,-1.17479,-0.330199,0
4484.29,-1.18678,-0.257641,0,0,0.48427,0.148496,-1.18678,-0.257641,1922.82,-1.14509,-0.257131,0
4492.21,-1.18211,-0.255788,0,0,0.590154,0.23401,-1.18211,-0.255788,1921.04,-1.18289,-0.281848,0
4504.2,-1.1799,-0.254756,0,0,0.184289,0.0860996,-1.1799,-0.254756,1917.76,-1.17854,-0.253752,0
4512.22,-1.17903,-0.25464,0,0,0.108037,0.0143754,-1.17903,-0.25464,1912.55,-1.25052,-0.162975,0
4523.73,-1.17857,-0.25486,0,0,0.0399871,-0.0190805,-1.17857,-0.25486,1905.21,-1.18904,0.0301953,0
4536.82,-1.17832,-0.255427,0,0,0.0191982,-0.0433412,-1.17832,-0.255427,1896.99,-1.03861,0.0856732,0
4544.37,-1.1781,-0.258041,0,0,0.0291882,-0.346497,-1.1781,-0.258041,1890.56,-1.08574,-0.247984,0
4556.23,-1.17721,-0.265868,0,0,0.0751665,-0.659739,-1.17721,-0.265868,1887.2,-1.19258,-0.268887,0
4564.27,-1.17478,-0.2797,0,0,0.3023,-1.72165,-1.17478,-0.2797,1885.92,-1.10216,-0.291989,0
4575.62,-1.17146,-0.293879,0,0,0.292614,-1.24926,-1.17146,-0.293879,1885.45,-1.11658,-0.336774,0
4584.09,-1.1694,-0.302094,0,0,0.242399,-0.969446,-1.1694,-0.302094,1885.18,-1.1922,-0.336942,0
4595.66,-1.16975,-0.304484,0,0,-0.0299818,-0.206657,-1.16975,-0.304484,1884.73,-1.17735,-0.385874,0
4604.23,-1.17178,-0.303091,0,0,-0.237027,0.162492,-1.17178,-0.303091,1883.19,-1.14618,-0.3962,0
4616.81,-1.17449,-0.296152,0,0,-0.215702,0.551368,-1.17449,-0.296152,1879.31,-1.09411,-0.305879,0
4624.43,-1.17744,-0.281336,0,0,-0.387307,1.94668,-1.17744,-0.281336,1872.65,-1.12321,-0.20123,0
4635.46,-1.17978,-0.263123,0,0,-0.212109,1.65066,-1.17978,-0.263123,1864.62,-1.31283,-0.207235,0
4644.17,-1.18076,-0.250074,0,0,-0.111803,1.49864,-1.18076,-0.250074,1857.44,-1.17372,-0.214541,0
4656.33,-1.18094,-0.244625,0,0,-0.0147165,0.448077,-1.18094,-0.244625,1852.28,-1.19741,-0.0451945,0
4664.25,-1.1811,-0.244286,0,0,-0.021272,0.0427753,-1.1811,-0.244286,1848.93,-1.25531,-0.244007,0
4676.26,-1.18091,-0.250307,0,0,0.0161632,-0.501316,-1.18091,-0.250307,1846.63,-1.15721,-0.506176,0
4684.87,-1.17944,-0.269894,0,0,0.171099,-2.27499,-1.17944,-0.269894,1844.56,-1.24123,-0.246524,0
4695.68,-1.17638,-0.303639,0,0,0.28285,-3.12195,-1.17638,-0.303639,1842.05,-1.11717,-0.384388,0
4704.2,-1.17136,-0.33694,0,0,0.589665,-3.90846,-1.17136,-0.33694,1838.44,-1.20119,-0.376938,0
4716.12,-1.1648,-0.357153,0,0,0.549739,-1.69577,-1.1648,-0.357153,1833.46,-1.12494,-0.256818,0
4724.33,-1.15931,-0.366235,0,0,0.669846,-1.10687,-1.15931,-0.366235,1828.1,-1.07841,-0.371009,0
4736.21,-1.15741,-0.369932,0,0,0.159281,-0.311028,-1.15741,-0.369932,1823.85,-1.06022,-0.490823,0
4744.53,-1.16128,-0.368494,0,0,-0.464924,0.173057,-1.16128,-0.368494,1821.23,-1.21346,-0.337584,0
4756.2,-1.16972,-0.360737,0,0,-0.723165,0.664717,-1.16972,-0.360737,1819.87,-1.13664,-0.380393,0
4764.15,-1.17825,-0.349259,0,0,-1.07195,1.44251,-1.17825,-0.349259,1819.13,-1.19148,-0.333491,0
4775.65,-1.18444,-0.338462,0,0,-0.538925,0.939066,-1.18444,-0.338462,1818.48,-1.26563,-0.384018,0
4788.15,-1.18795,-0.329082,0,0,-0.280504,0.750417,-1.18795,-0.329082,1817.98,-1.07608,-0.243859,0
4796.75,-1.18924,-0.318683,0,0,-0.150236,1.20922,-1.18924,-0.318683,1818.21,-1.19432,-0.267254,0
4808.29,-1.18892,-0.307606,0,0,0.0281237,0.959895,-1.18892,-0.307606,1819.41,-1.12786,-0.293967,0
4816.29,-1.18689,-0.29832,0,0,0.253717,1.16157,-1.18689,-0.29832,1821.19,-1.188,-0.328782,0
4827.68,-1.18388,-0.292477,0,0,0.263969,0.512741,-1.18388,-0.292477,1823.41,-1.12696,-0.393081,0
4837.2,-1.1816,-0.291835,0,0,0.239398,0.0674142,-1.1816,-0.291835,1827.17,-1.23647,-0.221836,0
4848.25,-1.18036,-0.294309,0,0,0.112466,-0.223839,-1.18036,-0.294309,1833.61,-1.10649,-0.263699,0
4856.33,-1.17933,-0.294494,0,0,0.127662,-0.0229304,-1.17933,-0.294494,1841.65,-1.15083,-0.342544,0
4867.88,-1.17881,-0.293431,0,0,0.0445152,0.0919837,-1.17881,-0.293431,1849.42,-1.17255,-0.281396,0
4876.31,-1.18056,-0.298728,0,0,-0.207836,-0.628394,-1.18056,-0.298728,1856.95,-1.11318,-0.354006,0
4887.6,-1.18521,-0.31123,0,0,-0.411576,-1.10695,-1.18521,-0.31123,1864.93,-1.24917,-0.422919,0
4896.19,-1.19212,-0.321151,0,0,-0.804037,-1.15497,-1.19212,-0.321151,1873.19,-1.31496,-0.374478,0
4908.23,-1.19965,-0.319605,0,0,-0.625402,0.128436,-1.19965,-0.319605,1882.56,-1.18108,-0.269523,0
4916.26,-1.20455,-0.307573,0,0,-0.61098,1.49819,-1.20455,-0.307573,1894.79,-1.19583,-0.272161,0
4928.34,-1.205,-0.290913,0,0,-0.0367345,1.37959,-1.205,-0.290913,1909.66,-1.2641,-0.355457,0
4936.39,-1.20021,-0.272925,0,0,0.594181,2.23347,-1.20021,-0.272925,1924.1,-1.37783,-0.328777,0
4947.97,-1.18983,-0.258154,0,0,0.895999,1.2751,-1.18983,-0.258154,1935.12,-1.22178,-0.225749,0
4956.35,-1.17428,-0.251919,0,0,1.85654,0.744442,-1.17428,-0.251919,1943.67,-1.0893,-0.0870801,0
4968.23,-1.15293,-0.254785,0,0,1.7983,-0.24133,-1.15293,-0.254785,1954,-1.09522,-0.0614637,0
4976.23,-1.12846,-0.26299,0,0,3.05571,-1.02495,-1.12846,-0.26299,1969.2,-1.18379,-0.0505673,0
4987.9,-1.12846,-0.26299,0,0,0,0,-1.12846,-0.26299,1969.2,-1.07105,0.0100937,0
4996.26,-1.12846,-0.26299,0,0,0,0,-1.12846,-0.26299,1969.2,-1.14094,-0.385711,0
5008.26,-1.12846,-0.26299,0,0,0,0,-1.12846,-0.26299,1969.2,-1.09499,-0.328992,0
