Resolution,1920,1080,Distance,57,Width,47.8,Subject,AGM-05324814S,Test,TOPTVU-07132018-133510,Calibration,CC9-07132018-133424,Oscann, 4.0.12,libTracker, 1.0.9,crtime, 12112018-165118
Time(ms),GazeX(deg),GazeY(deg),StimulusX(deg),StimulusY(deg),GazeVelX(deg/s),GazeVelY(deg/s),ErrorX(deg),ErrorY(deg),PupilArea(px^2),GazeRawX(deg),GazeRawY(deg),Blinks
0,-0.303571,-0.485559,0,0,0,0,-0.303571,-0.485559,7827.36,-0.285515,-0.483078,0
8.166,-0.303571,-0.485559,0,0,0,0,-0.303571,-0.485559,7827.36,-0.257351,-0.438414,0
20,-0.302031,-0.516202,0,0,0.130123,-2.58942,-0.302031,-0.516202,7827.36,-0.315107,-0.565738,0
27.228,-0.300401,-0.548748,0,0,0.225492,-4.50275,-0.300401,-0.548748,7827.36,-0.247865,-0.527939,0
39.275,-0.305867,-0.555445,0,0,-0.453732,-0.555925,-0.305867,-0.555445,7889.63,-0.326709,-0.588171,0
47.172,-0.314839,-0.562423,0,0,-1.13602,-0.883621,-0.314839,-0.562423,7951.44,-0.349936,-0.554879,0
59.179,-0.321242,-0.568142,0,0,-0.533333,-0.476289,-0.321242,-0.568142,8011.42,-0.323838,-0.590307,0
67.167,-0.324872,-0.568459,0,0,-0.454453,-0.0396798,-0.324872,-0.568459,8061.75,-0.334464,-0.722268,0
79.184,-0.326053,-0.565199,0,0,-0.098207,0.271222,-0.326053,-0.565199,8105.27,-0.366659,-0.579947,0
87.204,-0.325545,-0.557318,0,0,0.0632394,0.982664,-0.325545,-0.557318,8146.54,-0.292145,-0.483204,0
99.215,-0.320459,-0.554908,0,0,0.423463,0.200678,-0.320459,-0.554908,8189.76,-0.342065,-0.496752,0
107.191,-0.304824,-0.51307,0,0,1.96031,5.2455,-0.304824,-0.51307,8236.66,-0.386459,-0.471696,0
119.171,-0.263442,-0.48263,0,0,3.4542,2.54085,-0.263442,-0.48263,8284.31,-0.308145,-0.622317,0
127.195,-0.200638,-0.362364,0,0,7.82712,14.9884,-0.200638,-0.362364,8330.87,0.0852373,-0.16683,0
139.289,-0.133628,-0.277815,0,0,5.54073,6.99092,-0.133628,-0.277815,8378.55,-0.123903,-0.246545,0
147.151,-0.0835051,-0.265644,0,0,6.37533,1.54811,-0.0835051,-0.265644,8428.52,-0.0940704,-0.21907,0
159.241,-0.0548714,-0.264062,0,0,2.36839,0.130853,-0.0548714,-0.264062,8478.08,-0.0236432,-0.308103,0
171.205,-0.039252,-0.275181,0,0,1.30553,-0.929368,-0.039252,-0.275181,8525.71,-0.015534,-0.282899,0
179.201,-0.0310655,-0.292708,0,0,1.02382,-2.192,-0.0310655,-0.292708,8574.84,-0.00187778,-0.317158,0
192.391,-0.0290617,-0.293351,0,0,0.151924,-0.0487271,-0.0290617,-0.293351,8626.48,-0.0568487,-0.254176,0
200.964,-0.0301614,-0.293882,0,0,-0.128285,-0.0619326,-0.0301614,-0.293882,8674.6,-0.00812195,-0.314076,0
211.491,-0.0326991,-0.304976,0,0,-0.241063,-1.05387,-0.0326991,-0.304976,8714.98,-0.0677408,-0.268236,0
219.48,-0.0371193,-0.316094,0,0,-0.553279,-1.39166,-0.0371193,-0.316094,8747.81,-0.0016111,-0.365613,0
232.659,-0.0416794,-0.317575,0,0,-0.346012,-0.112332,-0.0416794,-0.317575,8772.5,0.0296211,-0.365056,0
240.583,-0.0431323,-0.3177,0,0,-0.183354,-0.0158164,-0.0431323,-0.3177,8787.95,-0.0126312,-0.344845,0
251.585,-0.0419962,-0.314013,0,0,0.103261,0.335143,-0.0419962,-0.314013,8795,-0.0900991,-0.242355,0
260.655,-0.0446605,-0.228856,0,0,-0.293753,9.38877,-0.0446605,-0.228856,8796.55,-0.135228,-0.0928535,0
271.693,-0.047358,-0.155699,0,0,-0.244378,6.62775,-0.047358,-0.155699,8792.68,-0.138514,-0.0461933,0
279.685,-0.0476658,-0.131809,0,0,-0.0385117,2.98928,-0.0476658,-0.131809,8774.58,-0.0493044,-0.143805,0
292.642,-0.0465198,-0.11954,0,0,0.0884414,0.946911,-0.0465198,-0.11954,8727.28,-0.0372601,-0.0938587,0
300.371,-0.0432698,-0.119331,0,0,0.420501,0.0270074,-0.0432698,-0.119331,8644.25,-0.121041,-0.205676,0
311.581,-0.038662,-0.130338,0,0,0.411041,-0.981842,-0.038662,-0.130338,8530.17,-0.0384339,-0.0662808,0
320.662,-0.0347121,-0.131437,0,0,0.434961,-0.121103,-0.0347121,-0.131437,8385.55,-0.0462178,-0.0865757,0
331.833,-0.030019,-0.149121,0,0,0.420114,-1.58302,-0.030019,-0.149121,8215.35,0.0242384,-0.238797,0
339.818,-0.0255049,-0.150126,0,0,0.56532,-0.125868,-0.0255049,-0.150126,8038.67,-0.00955254,-0.227314,0
352.385,-0.0194845,-0.161236,0,0,0.479068,-0.883998,-0.0194845,-0.161236,7860.37,0.00123109,-0.195228,0
360.364,-0.0146326,-0.161106,0,0,0.608089,0.01629,-0.0146326,-0.161106,7671.17,0.0711036,-0.134587,0
371.845,-0.0120465,-0.151746,0,0,0.225249,0.815241,-0.0120465,-0.151746,7481.52,-0.000849501,-0.192455,0
381.876,-0.0121048,-0.106898,0,0,-0.0058156,4.47091,-0.0121048,-0.106898,7313.04,-0.0646104,0.0829649,0
391.994,-0.0127447,-0.0434282,0,0,-0.0632405,6.27297,-0.0127447,-0.0434282,7167.83,-0.00625833,-0.0103329,0
399.964,-0.0130186,0.0117957,0,0,-0.0343725,6.92897,-0.0130186,0.0117957,7028.22,0.0546354,0.0670483,0
412.664,-0.0126466,0.03956,0,0,0.0292912,2.18617,-0.0126466,0.03956,6882.36,-0.0399281,0.107593,0
424.178,-0.0121759,0.058677,0,0,0.0408841,1.66032,-0.0121759,0.058677,6739.25,-0.0616385,-0.0144795,0
432.172,-0.0116505,0.0749841,0,0,0.0657251,2.03993,-0.0116505,0.0749841,6609.89,-0.0283493,0.00980255,0
444.174,-0.0117339,0.0925231,0,0,-0.00694773,1.46133,-0.0117339,0.0925231,6493.18,-6.60313e-05,0.0760439,0
452.21,-0.0115668,0.113212,0,0,0.020788,2.5745,-0.0115668,0.113212,6390.01,-0.00449041,0.153352,0
464.174,-0.00906146,0.114251,0,0,0.209409,0.0868925,-0.00906146,0.114251,6305.33,0.00378575,0.225412,0
472.159,-0.00599588,0.100775,0,0,0.383917,-1.68767,-0.00599588,0.100775,6237.04,0.0280354,0.424038,0
484.098,0.013832,-0.25664,0,0,1.66077,-29.9368,0.013832,-0.25664,6176.84,-0.0624299,-1.41819,0
492.119,0.0698831,-1.40819,0,0,6.98805,-143.567,0.0698831,-1.40819,6113.53,-0.00976173,-2.98317,0
504.154,0.124807,-2.73556,0,0,4.56364,-110.292,0.124807,-2.73556,6039.9,0.16264,-3.69784,0
512.163,0.14577,-3.34276,0,0,2.61748,-75.8151,0.14577,-3.34276,5962.3,0.233587,-3.68313,0
524.183,0.144995,-3.3714,0,0,-0.0644732,-2.38303,0.144995,-3.3714,5890.29,0.0594674,-3.62237,0
532.149,0.143875,-3.37167,0,0,-0.140586,-0.0331001,0.143875,-3.37167,5825.83,0.144622,-3.40173,0
544.166,0.14478,-3.3683,0,0,0.0752862,0.279938,0.14478,-3.3683,5770.42,0.213993,-3.27688,0
552.155,0.14365,-3.28753,0,0,-0.14147,10.1104,0.14365,-3.28753,5726.47,0.103,-3.197,0
564.172,0.139768,-3.15487,0,0,-0.322992,11.0393,0.139768,-3.15487,5693.69,0.186639,-3.0653,0
572.158,0.136546,-3.05942,0,0,-0.403424,11.9524,0.136546,-3.05942,5667.89,0.09059,-3.02638,0
584.177,0.135182,-3.01549,0,0,-0.113524,3.65508,0.135182,-3.01549,5642.76,0.132682,-2.86744,0
592.155,0.134213,-2.96507,0,0,-0.121438,6.31998,0.134213,-2.96507,5617.29,0.00970361,-2.95526,0
604.167,0.13339,-2.88007,0,0,-0.068488,7.07635,0.13339,-2.88007,5596.12,0.161706,-2.75494,0
612.145,0.134146,-2.78629,0,0,0.0946775,11.7549,0.134146,-2.78629,5581.73,0.144396,-2.75828,0
624.169,0.137604,-2.70953,0,0,0.287607,6.38371,0.137604,-2.70953,5573.26,0.110685,-2.66451,0
632.155,0.141915,-2.61566,0,0,0.539846,11.7549,0.141915,-2.61566,5569.37,0.20069,-2.47972,0
644.155,0.143396,-2.47112,0,0,0.123418,12.045,0.143396,-2.47112,5568.2,0.157527,-2.25753,0
652.129,0.141287,-2.30746,0,0,-0.264455,20.5239,0.141287,-2.30746,5568.14,0.0913983,-2.21688,0
664.146,0.140759,-2.23178,0,0,-0.0439915,6.29735,0.140759,-2.23178,5569.11,0.193461,-2.40858,0
676.169,0.141767,-2.21744,0,0,0.0838375,1.19322,0.141767,-2.21744,5572.55,0.189676,-2.103,0
684.201,0.140689,-2.19283,0,0,-0.134167,3.06358,0.140689,-2.19283,5579.75,0.119346,-2.22363,0
696.204,0.13663,-2.14059,0,0,-0.338186,4.3525,0.13663,-2.14059,5589.19,0.0878609,-2.17764,0
704.148,0.131625,-2.08833,0,0,-0.630008,6.57888,0.131625,-2.08833,5597.64,0.111704,-1.97198,0
716.178,0.125307,-2.00214,0,0,-0.525221,7.1642,0.125307,-2.00214,5605.13,0.206736,-1.88959,0
724.222,0.118966,-1.8898,0,0,-0.788204,13.9657,0.118966,-1.8898,5616.1,0.160647,-1.8472,0
736.165,0.112172,-1.73514,0,0,-0.568914,12.95,0.112172,-1.73514,5634.07,0.10814,-1.61954,0
744.162,0.106896,-1.58909,0,0,-0.659711,18.2623,0.106896,-1.58909,5656.81,0.0981337,-1.5498,0
756.257,0.106937,-1.55023,0,0,0.00341326,3.213,0.106937,-1.55023,5678.85,0.0503236,-1.55112,0
764.153,0.108412,-1.54706,0,0,0.18676,0.401201,0.108412,-1.54706,5698.33,0.0159422,-1.43216,0
776.176,0.10931,-1.51579,0,0,0.0747223,2.60085,0.10931,-1.51579,5716.64,0.177792,-1.62395,0
783.206,0.111428,-1.44481,0,0,0.301231,10.0976,0.111428,-1.44481,5734.84,0.10525,-1.39408,0
795.161,0.118346,-1.39719,0,0,0.578675,3.98286,0.118346,-1.39719,5754.29,0.159964,-1.24737,0
804.829,0.127828,-1.35893,0,0,0.980762,3.9577,0.127828,-1.35893,5775.39,0.15811,-1.45548,0
815.989,0.136281,-1.28751,0,0,0.757457,6.39976,0.136281,-1.28751,5795.59,0.111403,-1.40774,0
824.372,0.142632,-1.19957,0,0,0.757517,10.4905,0.142632,-1.19957,5812.22,0.156435,-1.13579,0
835.689,0.147498,-1.14387,0,0,0.429968,4.9218,0.147498,-1.14387,5825.87,0.18234,-1.14534,0
843.687,0.151986,-1.13284,0,0,0.561154,1.3792,0.151986,-1.13284,5840.58,0.110681,-1.1278,0
856.647,0.156388,-1.12478,0,0,0.339706,0.621959,0.156388,-1.12478,5860.54,0.138106,-1.13438,0
864.401,0.159337,-1.06304,0,0,0.380335,7.96146,0.159337,-1.06304,5886.17,0.203848,-0.893081,0
875.698,0.156977,-0.899001,0,0,-0.208913,14.5208,0.156977,-0.899001,5914.49,0.184255,-0.751744,0
884.649,0.154927,-0.787355,0,0,-0.22901,12.473,0.154927,-0.787355,5941.66,0.228433,-0.778051,0
895.689,0.156653,-0.78198,0,0,0.156326,0.486859,0.156653,-0.78198,5964.55,0.135871,-0.814946,0
903.671,0.157503,-0.768475,0,0,0.106489,1.69191,0.157503,-0.768475,5983.31,0.158355,-0.782308,0
916.387,0.157246,-0.76315,0,0,-0.0202444,0.418747,0.157246,-0.76315,6002.26,0.161094,-0.713945,0
928.372,0.151149,-0.706835,0,0,-0.508716,4.69876,0.151149,-0.706835,6027.27,0.106633,-0.619719,0
936.188,0.138279,-0.642702,0,0,-1.64655,8.20536,0.138279,-0.642702,6061.45,0.185314,-0.582787,0
948.163,0.110647,-0.641737,0,0,-2.30748,0.0806478,0.110647,-0.641737,6103.14,0.174485,-0.632108,0
956.144,0.0359667,-0.662967,0,0,-9.35732,-2.66006,0.0359667,-0.662967,6152.24,0.203558,-0.587968,0
968.135,-0.0941583,-1.0633,0,0,-10.8519,-33.3861,-0.0941583,-1.0633,6210.11,-0.486758,-1.51488,0
976.168,-0.263495,-1.5265,0,0,-21.0801,-57.6619,-0.263495,-1.5265,6268.79,-0.589598,-1.78631,0
988.15,-0.414557,-1.61646,0,0,-12.6074,-7.50769,-0.414557,-1.61646,6317.07,-0.473106,-1.68022,0
996.191,-0.494573,-1.62763,0,0,-9.95101,-1.38982,-0.494573,-1.62763,6355.5,-0.60397,-1.66524,0
1008.15,-0.52133,-1.62941,0,0,-2.2374,-0.148494,-0.52133,-1.62941,6391.89,-0.529938,-1.65136,0
1016.15,-0.528087,-1.62852,0,0,-0.844758,0.110698,-0.528087,-1.62852,6430.8,-0.606767,-1.5702,0
1028.14,-0.532202,-1.59906,0,0,-0.343103,2.45611,-0.532202,-1.59906,6472.52,-0.558376,-1.50833,0
1036.14,-0.534887,-1.59159,0,0,-0.335638,0.934142,-0.534887,-1.59159,6516.98,-0.503008,-1.57854,0
1048.15,-0.53735,-1.58463,0,0,-0.205029,0.579997,-0.53735,-1.58463,6566.53,-0.437579,-1.58887,0
1056.15,-0.539502,-1.58117,0,0,-0.269264,0.431888,-0.539502,-1.58117,6621.81,-0.516127,-1.59449,0
1068.15,-0.541266,-1.57845,0,0,-0.146883,0.226629,-0.541266,-1.57845,6676.75,-0.602568,-1.57138,0
1076.15,-0.54494,-1.51101,0,0,-0.459547,8.4343,-0.54494,-1.51101,6725.14,-0.524543,-1.32686,0
1088.16,-0.551408,-1.35371,0,0,-0.538608,13.0997,-0.551408,-1.35371,6770.16,-0.624017,-1.18354,0
1096.14,-0.556189,-1.22093,0,0,-0.598705,16.6269,-0.556189,-1.22093,6817.94,-0.583534,-1.18627,0
1108.62,-0.559343,-1.12572,0,0,-0.252712,7.62956,-0.559343,-1.12572,6869.1,-0.632711,-1.01575,0
1116.13,-0.560019,-1.06842,0,0,-0.0900581,7.63463,-0.560019,-1.06842,6920.02,-0.713649,-1.06927,0
1127.83,-0.55571,-1.06186,0,0,0.368221,0.560553,-0.55571,-1.06186,6964.7,-0.500567,-1.06877,0
1136.62,-0.550484,-1.0355,0,0,0.594482,2.99858,-0.550484,-1.0355,7001.41,-0.505391,-1.10734,0
1147.68,-0.54616,-1.01604,0,0,0.391092,1.75996,-0.54616,-1.01604,7035.71,-0.513521,-0.947153,0
1155.65,-0.544362,-0.971927,0,0,0.225372,5.53008,-0.544362,-0.971927,7070.54,-0.531421,-0.9834,0
1168.63,-0.541557,-0.955539,0,0,0.216131,1.26283,-0.541557,-0.955539,7102.68,-0.520155,-0.964561,0
1180.37,-0.541876,-0.899445,0,0,-0.0271921,4.7788,-0.541876,-0.899445,7130.6,-0.519112,-0.847998,0
1188.43,-0.543451,-0.848667,0,0,-0.195255,6.2977,-0.543451,-0.848667,7155.86,-0.61596,-0.851579,0
1199.68,-0.545135,-0.805652,0,0,-0.149702,3.82321,-0.545135,-0.805652,7178.06,-0.645318,-0.770506,0
1208.62,-0.546595,-0.760155,0,0,-0.163416,5.09196,-0.546595,-0.760155,7196.8,-0.551742,-0.739691,0
1220.14,-0.545074,-0.758135,0,0,0.132004,0.175369,-0.545074,-0.758135,7214.55,-0.557061,-0.727014,0
1228.12,-0.539829,-0.77852,0,0,0.65698,-2.55356,-0.539829,-0.77852,7233.35,-0.583274,-0.576778,0
1240.56,-0.505057,-1.27816,0,0,2.7963,-40.1805,-0.505057,-1.27816,7251.93,-0.380845,-1.7737,0
1248.29,-0.451599,-2.0529,0,0,6.91039,-100.147,-0.451599,-2.0529,7266.18,-0.555562,-2.86036,0
1260.34,-0.395857,-2.91828,0,0,4.62818,-71.8517,-0.395857,-2.91828,7273.4,-0.390831,-3.85446,0
1268.38,-0.35792,-3.45568,0,0,4.71788,-66.8318,-0.35792,-3.45568,7275.5,-0.310432,-3.53861,0
1280.36,-0.340663,-3.48082,0,0,1.4404,-2.09827,-0.340663,-3.48082,7275.35,-0.350842,-3.54632,0
1288.12,-0.329699,-3.47776,0,0,1.41226,0.393258,-0.329699,-3.47776,7272.98,-0.281538,-3.40905,0
1299.67,-0.32832,-3.41771,0,0,0.119465,5.20082,-0.32832,-3.41771,7266.34,-0.230992,-3.41495,0
1308.57,-0.330769,-3.38262,0,0,-0.275004,3.94084,-0.330769,-3.38262,7255.5,-0.378785,-3.31451,0
1319.82,-0.33864,-3.25165,0,0,-0.700126,11.6508,-0.33864,-3.25165,7244.38,-0.287556,-3.10624,0
1328.6,-0.347923,-3.12887,0,0,-1.05624,13.9688,-0.347923,-3.12887,7236.56,-0.336739,-3.1706,0
1339.95,-0.355703,-3.08895,0,0,-0.685643,3.51895,-0.355703,-3.08895,7232.58,-0.277016,-3.02168,0
1347.94,-0.366548,-3.04406,0,0,-1.35798,5.62089,-0.366548,-3.04406,7231.14,-0.376296,-3.01445,0
1359.81,-0.380456,-3.01714,0,0,-1.17139,2.26738,-0.380456,-3.01714,7230.93,-0.359055,-3.01707,0
1368.56,-0.394605,-3.00168,0,0,-1.61746,1.76715,-0.394605,-3.00168,7231.77,-0.492137,-3,0
1379.67,-0.40742,-2.91433,0,0,-1.15305,7.85914,-0.40742,-2.91433,7234.72,-0.453967,-2.8335,0
1388.6,-0.414685,-2.83471,0,0,-0.813538,8.91558,-0.414685,-2.83471,7240.37,-0.47147,-2.83876,0
1399.55,-0.416179,-2.81197,0,0,-0.136399,2.07714,-0.416179,-2.81197,7247.19,-0.466743,-2.75764,0
1407.57,-0.414084,-2.78865,0,0,0.261458,2.91047,-0.414084,-2.78865,7253.32,-0.328124,-2.70789,0
1420.15,-0.405374,-2.76547,0,0,0.692137,1.84136,-0.405374,-2.76547,7258.17,-0.423139,-2.78491,0
1432.13,-0.391142,-2.72895,0,0,1.18826,3.04922,-0.391142,-2.72895,7261.66,-0.369397,-2.78732,0
1440.14,-0.378869,-2.6797,0,0,1.53171,6.14686,-0.378869,-2.6797,7263.76,-0.369709,-2.64692,0
1452.14,-0.372805,-2.64054,0,0,0.505223,3.26308,-0.372805,-2.64054,7264.68,-0.365348,-2.62351,0
1460.14,-0.372317,-2.58285,0,0,0.0609712,7.21233,-0.372317,-2.58285,7264.53,-0.440288,-2.53734,0
1472.14,-0.374541,-2.49117,0,0,-0.185414,7.64285,-0.374541,-2.49117,7262.15,-0.37722,-2.44559,0
1480.14,-0.374769,-2.43638,0,0,-0.0284795,6.84274,-0.374769,-2.43638,7254.09,-0.290438,-2.40891,0
1492.18,-0.374589,-2.35595,0,0,0.0149982,6.68207,-0.374589,-2.35595,7237.18,-0.361905,-2.28121,0
1500.14,-0.372296,-2.27748,0,0,0.28822,9.86352,-0.372296,-2.27748,7212.86,-0.266687,-2.20789,0
1512.14,-0.366483,-2.24116,0,0,0.484333,3.02625,-0.366483,-2.24116,7185.38,-0.379786,-2.26982,0
1520.14,-0.360337,-2.19994,0,0,0.768251,5.15265,-0.360337,-2.19994,7156.03,-0.281155,-2.17187,0
1532.13,-0.353544,-2.18051,0,0,0.566373,1.62006,-0.353544,-2.18051,7124.7,-0.35833,-2.1919,0
1540.12,-0.345811,-2.16942,0,0,0.96768,1.3876,-0.345811,-2.16942,7093.36,-0.404993,-2.1598,0
1552.13,-0.33656,-2.12314,0,0,0.770569,3.85456,-0.33656,-2.12314,7062.81,-0.3621,-2.01336,0
1560.12,-0.324173,-2.04314,0,0,1.54979,10.0096,-0.324173,-2.04314,7032.16,-0.343157,-1.95072,0
1572.15,-0.30819,-1.99701,0,0,1.32902,3.8357,-0.30819,-1.99701,7000.69,-0.249393,-1.9706,0
1580.14,-0.290744,-1.97832,0,0,2.18375,2.33876,-0.290744,-1.97832,6966.77,-0.348207,-2.0017,0
1592.19,-0.276427,-1.87468,0,0,1.18747,8.59648,-0.276427,-1.87468,6931.78,-0.294348,-1.77868,0
1600.13,-0.266048,-1.76118,0,0,1.30835,14.3065,-0.266048,-1.76118,6902.06,-0.244525,-1.70938,0
1612.13,-0.26216,-1.66388,0,0,0.323793,8.10413,-0.26216,-1.66388,6880.55,-0.21694,-1.41467,0
1620.11,-0.265312,-1.52631,0,0,-0.394891,17.2345,-0.265312,-1.52631,6863.71,-0.26253,-1.46478,0
1632.13,-0.270836,-1.38575,0,0,-0.459819,11.6997,-0.270836,-1.38575,6848.04,-0.242608,-1.30038,0
1640.12,-0.276211,-1.29265,0,0,-0.672498,11.6476,-0.276211,-1.29265,6833.91,-0.302555,-1.19983,0
1652.13,-0.285428,-1.25166,0,0,-0.767789,3.4148,-0.285428,-1.25166,6823.85,-0.403375,-1.26206,0
1660.11,-0.310266,-1.18639,0,0,-3.1114,8.17635,-0.310266,-1.18639,6818.8,-0.25871,-1.07287,0
1672.12,-0.350562,-1.11566,0,0,-3.35437,5.88799,-0.350562,-1.11566,6817.17,-0.441441,-1.09739,0
1684.14,-0.390758,-1.03108,0,0,-3.34434,7.03723,-0.390758,-1.03108,6816.99,-0.423392,-0.976216,0
1692.78,-0.415319,-0.948687,0,0,-2.84432,9.5412,-0.415319,-0.948687,6817.51,-0.446743,-0.921446,0
1703.54,-0.425782,-0.88742,0,0,-0.971936,5.69135,-0.425782,-0.88742,6819.03,-0.428894,-0.798591,0
1713.31,-0.434145,-0.7713,0,0,-0.855684,11.8805,-0.434145,-0.7713,6822.77,-0.352888,-0.573302,0
1723.96,-0.444574,-0.584832,0,0,-0.980123,17.5235,-0.444574,-0.584832,6830.04,-0.497102,-0.383146,0
1731.94,-0.453735,-0.40638,0,0,-1.14763,22.3567,-0.453735,-0.40638,6839.7,-0.48997,-0.327862,0
1743.95,-0.457452,-0.309891,0,0,-0.309524,8.0354,-0.457452,-0.309891,6848.49,-0.419104,-0.286604,0
1752.57,-0.455329,-0.273391,0,0,0.246075,4.23139,-0.455329,-0.273391,6855.52,-0.472566,-0.257676,0
1763.79,-0.449089,-0.252786,0,0,0.556219,1.83669,-0.449089,-0.252786,6863.89,-0.426561,-0.0582303,0
1772.62,-0.444176,-0.199573,0,0,0.556459,6.02702,-0.444176,-0.199573,6876.91,-0.468039,-0.248972,0
1783.66,-0.445992,-0.0784081,0,0,-0.164466,10.9741,-0.445992,-0.0784081,6894.36,-0.43523,0.00122333,0
1791.65,-0.448838,0.00106166,0,0,-0.356164,9.94366,-0.448838,0.00106166,6913.68,-0.465959,0.0800423,0
1804.34,-0.450695,0.0310622,0,0,-0.146346,2.36411,-0.450695,0.0310622,6933.55,-0.371107,0.0171723,0
1812.34,-0.459288,0.165338,0,0,-1.0739,16.7824,-0.459288,0.165338,6953.83,-0.336595,0.29043,0
1823.67,-0.469964,0.324752,0,0,-0.942885,14.0787,-0.469964,0.324752,6974.79,-0.502172,0.370981,0
1832.6,-0.476725,0.421739,0,0,-0.757019,10.8596,-0.476725,0.421739,6999.25,-0.497252,0.620509,0
1843.67,-0.48113,0.49213,0,0,-0.397735,6.35585,-0.48113,0.49213,7030.1,-0.560908,0.56788,0
1851.65,-0.480546,0.495103,0,0,0.0731724,0.372696,-0.480546,0.495103,7067.01,-0.435261,0.579828,0
1864.58,-0.473148,0.480438,0,0,0.572315,-1.13439,-0.473148,0.480438,7111.09,-0.485643,0.462137,0
1872.31,-0.426935,0.094967,0,0,5.97527,-49.8411,-0.426935,0.094967,7162.57,-0.503041,-1.00472,0
1884.31,-0.317035,-0.970155,0,0,9.15524,-88.7306,-0.317035,-0.970155,7212.83,-0.155539,-2.33012,0
1892.34,-0.192682,-2.0388,0,0,15.4881,-133.098,-0.192682,-2.0388,7251.21,-0.00481589,-2.59663,0
1904.13,-0.114233,-2.35001,0,0,6.65552,-26.4027,-0.114233,-2.35001,7274.81,-0.0406228,-2.47958,0
1912.33,-0.0765121,-2.35959,0,0,4.60182,-1.16831,-0.0765121,-2.35959,7287.93,-0.0209828,-2.45827,0
1924.34,-0.05928,-2.35212,0,0,1.43458,0.621217,-0.05928,-2.35212,7297.76,-0.0220626,-2.24386,0
1936.12,-0.0550633,-2.20393,0,0,0.358043,12.5837,-0.0550633,-2.20393,7310.79,-0.0291257,-2.15203,0
1944.13,-0.0507791,-2.1434,0,0,0.534921,7.55762,-0.0507791,-2.1434,7329.91,-0.0230894,-2.11046,0
1956.61,-0.051236,-2.09294,0,0,-0.0366063,4.04293,-0.051236,-2.09294,7352.57,-0.149195,-2.00512,0
1964.32,-0.058615,-2.01394,0,0,-0.95608,10.2359,-0.058615,-2.01394,7372.6,-0.123175,-1.94628,0
1976.14,-0.0682928,-1.94463,0,0,-0.819384,5.86811,-0.0682928,-1.94463,7385.74,-0.13844,-1.89282,0
1984.33,-0.0765172,-1.8992,0,0,-1.00371,5.54435,-0.0765172,-1.8992,7393.47,-0.0429417,-1.87461,0
1996.35,-0.0841428,-1.84613,0,0,-0.63457,4.41588,-0.0841428,-1.84613,7400.75,-0.120816,-1.74911,0
2004.32,-0.0904993,-1.75766,0,0,-0.796853,11.0905,-0.0904993,-1.75766,7410.49,-0.193403,-1.66393,0
2016.34,-0.0919759,-1.67066,0,0,-0.122846,7.23806,-0.0919759,-1.67066,7421.25,-0.0801947,-1.62772,0
2024.35,-0.0941437,-1.5355,0,0,-0.270871,16.8885,-0.0941437,-1.5355,7429.82,-0.055146,-1.42633,0
2036.34,-0.0987342,-1.38883,0,0,-0.382761,12.2301,-0.0987342,-1.38883,7434.93,-0.109545,-1.34315,0
2043.42,-0.101475,-1.31123,0,0,-0.386963,10.9532,-0.101475,-1.31123,7437.57,-0.167972,-1.17967,0
2055.44,-0.103459,-1.25035,0,0,-0.164993,5.06547,-0.103459,-1.25035,7439.32,-0.0443355,-1.2871,0
2064.59,-0.105295,-1.19696,0,0,-0.200757,5.83742,-0.105295,-1.19696,7441.06,-0.0716467,-1.2647,0
2075.99,-0.109327,-1.10845,0,0,-0.353726,7.76357,-0.109327,-1.10845,7442.51,-0.114596,-0.979752,0
2084.66,-0.11326,-1.01536,0,0,-0.453841,10.7419,-0.11326,-1.01536,7443.4,-0.156618,-1.04432,0
2095.67,-0.112784,-0.982978,0,0,0.0432863,2.94093,-0.112784,-0.982978,7444.47,-0.040286,-0.983406,0
2103.63,-0.106972,-0.982611,0,0,0.729529,0.0460702,-0.106972,-0.982611,7446.99,-0.112159,-0.93233,0
2116.81,-0.0906232,-1.01584,0,0,1.24054,-2.52172,-0.0906232,-1.01584,7451.77,-0.136183,-0.962093,0
2124.25,-0.0564604,-1.16067,0,0,4.59425,-19.4759,-0.0564604,-1.16067,7458.42,-0.199327,-1.33356,0
2136.21,-0.00764353,-1.50003,0,0,4.08031,-28.3657,-0.00764353,-1.50003,7465.65,0.0941077,-1.99444,0
2144.21,0.0424411,-2.05786,0,0,6.26371,-69.7626,0.0424411,-2.05786,7471.83,0.192438,-2.79217,0
2156.22,0.100607,-3.23867,0,0,4.84313,-98.3194,0.100607,-3.23867,7475.68,0.204065,-4.05386,0
2164.23,0.144557,-4.52672,0,0,5.48826,-160.846,0.144557,-4.52672,7477.26,0.219015,-5.02871,0
2176.08,0.16456,-5.33886,0,0,1.68689,-68.4885,0.16456,-5.33886,7477.52,0.151671,-6.25459,0
2188.08,0.17492,-6.09547,0,0,0.863307,-63.0508,0.17492,-6.09547,7476.7,0.113021,-7.015,0
2196.27,0.167558,-6.65042,0,0,-0.899241,-67.784,0.167558,-6.65042,7473.88,0.215721,-6.85761,0
2207.49,0.133599,-6.67534,0,0,-3.02659,-2.22132,0.133599,-6.67534,7468.94,0.119171,-6.9414,0
2216.53,0.0830371,-6.67673,0,0,-5.59689,-0.153117,0.0830371,-6.67673,7464.1,-0.0416507,-6.72898,0
2227.6,0.0262944,-6.63112,0,0,-5.12164,4.11628,0.0262944,-6.63112,7461.44,-0.00843723,-6.24961,0
2235.62,-0.0278707,-6.3393,0,0,-6.76134,36.4275,-0.0278707,-6.3393,7460.87,-0.0900615,-6.18182,0
2248.31,-0.0649015,-6.15333,0,0,-2.91811,14.655,-0.0649015,-6.15333,7462.44,-0.0821474,-6.05664,0
2256.3,-0.0824785,-6.06244,0,0,-2.19822,11.3665,-0.0824785,-6.06244,7468.35,-0.124085,-5.96748,0
2268.1,-0.0905804,-5.91916,0,0,-0.686834,12.1468,-0.0905804,-5.91916,7480.17,-0.150415,-5.82608,0
2276.32,-0.0950712,-5.82461,0,0,-0.545928,11.494,-0.0950712,-5.82461,7494.91,-0.111214,-5.82056,0
2287.64,-0.0978175,-5.80814,0,0,-0.242633,1.45522,-0.0978175,-5.80814,7508.78,-0.111735,-5.77745,0
2295.64,-0.100947,-5.77423,0,0,-0.391425,4.24145,-0.100947,-5.77423,7523.17,-0.0824966,-5.72798,0
2308.58,-0.104761,-5.70753,0,0,-0.29461,5.15219,-0.104761,-5.70753,7542.7,-0.0553469,-5.65724,0
2316.11,-0.109023,-5.65956,0,0,-0.565939,6.36911,-0.109023,-5.65956,7569.27,-0.0781498,-5.65183,0
2328.12,-0.11616,-5.63001,0,0,-0.594592,2.46231,-0.11616,-5.63001,7598.51,-0.0865595,-5.60421,0
2336.11,-0.129858,-5.56185,0,0,-1.71399,8.52836,-0.129858,-5.56185,7622.67,-0.135316,-5.5194,0
2348.11,-0.151027,-5.46699,0,0,-1.76339,7.90113,-0.151027,-5.46699,7638.61,-0.181771,-5.31084,0
2356.56,-0.179296,-5.35931,0,0,-3.34546,12.7433,-0.179296,-5.35931,7649.14,-0.183383,-5.30033,0
2368.6,-0.209412,-5.27509,0,0,-2.50191,6.99748,-0.209412,-5.27509,7656.8,-0.302594,-5.25239,0
2376.32,-0.23227,-5.20485,0,0,-2.96014,9.09532,-0.23227,-5.20485,7661.43,-0.259935,-5.08327,0
2387.93,-0.244789,-5.09433,0,0,-1.0782,9.51883,-0.244789,-5.09433,7663.11,-0.337364,-5.02587,0
2396.91,-0.249129,-5.01047,0,0,-0.483667,9.34484,-0.249129,-5.01047,7662.49,-0.302038,-4.9987,0
2407.53,-0.247796,-4.97938,0,0,0.125473,2.92648,-0.247796,-4.97938,7659.04,-0.325591,-4.90501,0
2416.12,-0.240205,-4.93784,0,0,0.883582,4.83394,-0.240205,-4.93784,7651.7,-0.216777,-4.93088,0
2428.11,-0.22489,-4.8486,0,0,1.27726,7.44318,-0.22489,-4.8486,7639.02,-0.165211,-4.77763,0
2440.13,-0.203573,-4.76723,0,0,1.77411,6.77145,-0.203573,-4.76723,7618.16,-0.214034,-4.75094,0
2448.11,-0.181975,-4.7338,0,0,2.70506,4.18786,-0.181975,-4.7338,7588.31,-0.162325,-4.63104,0
2460.61,-0.167316,-4.68911,0,0,1.17315,3.57599,-0.167316,-4.68911,7552.75,-0.149216,-4.68843,0
2468.37,-0.160451,-4.63103,0,0,0.884808,7.48581,-0.160451,-4.63103,7514.07,-0.154872,-4.57759,0
2480.35,-0.158494,-4.54621,0,0,0.163327,7.08059,-0.158494,-4.54621,7472.38,-0.144604,-4.48543,0
2487.43,-0.157842,-4.48268,0,0,0.0921464,8.97556,-0.157842,-4.48268,7428.44,-0.117833,-4.47255,0
2499.44,-0.156965,-4.46372,0,0,0.0729377,1.57817,-0.156965,-4.46372,7384.13,-0.156459,-4.44624,0
2508.78,-0.157915,-4.35549,0,0,-0.101617,11.5844,-0.157915,-4.35549,7341.66,-0.220529,-4.2422,0
2519.66,-0.156184,-4.24552,0,0,0.159109,10.1063,-0.156184,-4.24552,7301.22,-0.100037,-4.24659,0
2528.61,-0.151798,-4.16397,0,0,0.49033,9.11777,-0.151798,-4.16397,7261.2,-0.122208,-4.0926,0
2539.94,-0.150988,-4.03299,0,0,0.0714817,11.5585,-0.150988,-4.03299,7221.07,-0.20357,-3.97148,0
2547.94,-0.153706,-3.9385,0,0,-0.339914,11.8173,-0.153706,-3.9385,7181.87,-0.305731,-3.91436,0
2559.79,-0.160666,-3.88247,0,0,-0.587017,4.72523,-0.160666,-3.88247,7147.15,-0.123226,-3.85708,0
2568.56,-0.174481,-3.82728,0,0,-1.57563,6.29432,-0.174481,-3.82728,7118.96,-0.071397,-3.73585,0
2579.54,-0.193153,-3.7688,0,0,-1.70023,5.32566,-0.193153,-3.7688,7094.22,-0.192369,-3.7957,0
2588.61,-0.208479,-3.69459,0,0,-1.69083,8.18767,-0.208479,-3.69459,7070.24,-0.101647,-3.63779,0
2599.54,-0.215568,-3.62761,0,0,-0.648597,6.12816,-0.215568,-3.62761,7048.33,-0.2317,-3.61166,0
2607.58,-0.21939,-3.55622,0,0,-0.475028,8.87322,-0.21939,-3.55622,7031.16,-0.301345,-3.51213,0
2620.94,-0.225669,-3.41868,0,0,-0.469953,10.2929,-0.225669,-3.41868,7019.67,-0.290405,-3.33496,0
2628.58,-0.232028,-3.26822,0,0,-0.8331,19.7121,-0.232028,-3.26822,7011.88,-0.334157,-3.17325,0
2639.79,-0.232073,-3.25696,0,0,-0.00397694,1.0049,-0.232073,-3.25696,7005.13,-0.191933,-3.19018,0
2648.33,-0.229738,-3.2566,0,0,0.273282,0.0417069,-0.229738,-3.2566,6998.86,-0.253507,-3.1698,0
2659.89,-0.22621,-3.25898,0,0,0.305148,-0.205538,-0.22621,-3.25898,6993,-0.220645,-3.32013,0
2667.82,-0.221757,-3.31761,0,0,0.561733,-7.39681,-0.221757,-3.31761,6983.96,-0.220645,-3.32013,1
2679.65,-0.22081,-3.32014,0,0,0.0800985,-0.213841,-0.22081,-3.32014,6959.56,-0.220645,-3.32013,1
2692.75,-0.220658,-3.32013,0,0,0.0115562,0.000681085,-0.220658,-3.32013,6897.71,-0.220645,-3.32013,1
2700.1,-0.220645,-3.32013,0,0,0.00181238,0.000109442,-0.220645,-3.32013,6795.47,-0.220645,-3.32013,1
2711.91,-0.220645,-3.32013,0,0,0,0,-0.220645,-3.32013,6696.12,-0.220645,-3.32013,1
2719.75,-0.220645,-3.32013,0,0,0,0,-0.220645,-3.32013,6641.15,-0.220645,-3.32013,1
2731.75,-0.220645,-3.32013,0,0,0,0,-0.220645,-3.32013,6624.38,-0.220645,-3.32013,1
2739.81,-0.220645,-3.32013,0,0,0,0,-0.220645,-3.32013,6621.66,-0.220645,-3.32013,1
2751.7,-0.220645,-3.32013,0,0,0,0,-0.220645,-3.32013,6621.44,-0.220645,-3.32013,1
2760.5,-0.220645,-3.32013,0,0,0,0,-0.220645,-3.32013,6621.44,-0.220645,-3.32013,1
2771.85,-0.220645,-3.32013,0,0,0,0,-0.220645,-3.32013,6621.44,-0.220645,-3.32013,1
2780.24,-0.220645,-3.32013,0,0,0,0,-0.220645,-3.32013,6621.44,-0.220645,-3.32013,1
2792.18,-0.220645,-3.32013,0,0,0,0,-0.220645,-3.32013,6621.44,-0.220645,-3.32013,1
2799.3,-0.220645,-3.32013,0,0,0,0,-0.220645,-3.32013,6621.44,-0.220645,-3.32013,1
2811.29,-0.220645,-3.32013,0,0,0,0,-0.220645,-3.32013,6621.44,-0.220645,-3.32013,1
2820.13,-0.220645,-3.32013,0,0,0,0,-0.220645,-3.32013,6621.44,-0.220645,-3.32013,1
2832.16,-0.220645,-3.32013,0,0,0,0,-0.220645,-3.32013,6621.44,-0.220645,-3.32013,1
2841.06,-0.220645,-3.32013,0,0,0,0,-0.220645,-3.32013,6621.44,-0.220645,-3.32013,1
2851.55,-0.220645,-3.32013,0,0,0,0,-0.220645,-3.32013,6621.44,-0.220645,-3.32013,1
2859.56,-0.220645,-3.32013,0,0,0,0,-0.220645,-3.32013,6621.73,-0.220645,-3.32013,1
2872.22,-0.220645,-3.32013,0,0,0,0,-0.220645,-3.32013,6625.65,-0.220645,-3.32013,1
2880.27,-0.220645,-3.32013,0,0,0,0,-0.220645,-3.32013,6647.69,-0.220645,-3.32013,1
2892.23,-0.220645,-3.32013,0,0,0,0,-0.220645,-3.32013,6718.65,-0.220645,-3.32013,1
2900.51,-0.218319,-3.31999,0,0,0.281097,0.016976,-0.218319,-3.31999,6861.14,-0.220645,-3.32013,1
2912.51,-0.202664,-3.31905,0,0,1.30389,0.0788062,-0.202664,-3.31905,7043.19,-0.220645,-3.32013,1
2920.51,-0.151017,-3.32131,0,0,6.46079,-0.283859,-0.151017,-3.32131,7193.06,-0.220645,-3.32013,1
2932.54,-0.0535615,-3.44352,0,0,8.10102,-10.1588,-0.0535615,-3.44352,7277.84,0.307171,-3.95658,0
2944.29,0.0459574,-3.5645,0,0,8.47113,-10.2972,0.0459574,-3.5645,7321.8,0.175625,-3.8288,0
2952.27,0.10171,-3.5664,0,0,6.98308,-0.238334,0.10171,-3.5664,7355.56,0.190345,-3.63822,0
2964.28,0.119961,-3.56365,0,0,1.52004,0.229064,0.119961,-3.56365,7391.98,0.103157,-3.46938,0
2972.29,0.122031,-3.52348,0,0,0.258421,5.0168,0.122031,-3.52348,7431.07,0.125836,-3.48555,0
2984.3,0.11987,-3.44426,0,0,-0.179789,6.59117,0.11987,-3.44426,7465.24,0.111884,-3.35038,0
2992.33,0.115557,-3.28993,0,0,-0.537265,19.2257,0.115557,-3.28993,7490.41,0.0951089,-3.12208,0
3004.29,0.11445,-3.16348,0,0,-0.0926143,10.5761,0.11445,-3.16348,7510.73,-0.00181792,-3.17519,0
3011.88,0.120814,-3.14861,0,0,0.838086,1.95765,0.120814,-3.14861,7532.34,0.126098,-3.12969,0
3023.74,0.129294,-3.13099,0,0,0.714815,1.48502,0.129294,-3.13099,7558.15,0.13778,-3.18643,0
3032.55,0.134304,-3.0401,0,0,0.569314,10.3293,0.134304,-3.0401,7586.4,0.186852,-2.93325,0
3044.08,0.135593,-2.89869,0,0,0.111827,12.2631,0.135593,-2.89869,7615.46,0.221362,-2.8033,0
3052.07,0.138709,-2.83241,0,0,0.389644,8.28819,0.138709,-2.83241,7646.31,0.165624,-2.89774,0
3063.63,0.141587,-2.79677,0,0,0.249094,3.08498,0.141587,-2.79677,7677.4,0.219334,-2.77864,0
3072.54,0.142663,-2.78071,0,0,0.12061,1.80075,0.142663,-2.78071,7706.4,0.134259,-2.77583,0
3083.62,0.140495,-2.74807,0,0,-0.195673,2.946,0.140495,-2.74807,7734.1,0.0885248,-2.6422,0
3092.6,0.135107,-2.68604,0,0,-0.600433,6.913,0.135107,-2.68604,7760.8,0.137476,-2.66311,0
3103.92,0.12927,-2.63608,0,0,-0.515625,4.41355,0.12927,-2.63608,7785.56,0.166,-2.62011,0
3111.93,0.122465,-2.56295,0,0,-0.848893,9.12195,0.122465,-2.56295,7809.84,0.10373,-2.39301,0
3123.91,0.112631,-2.43884,0,0,-0.820839,10.3598,0.112631,-2.43884,7836.15,0.132251,-2.34475,0
3132.54,0.101053,-2.31504,0,0,-1.3425,14.3555,0.101053,-2.31504,7864.65,0.0838018,-2.17988,0
3143.63,0.0862642,-2.16179,0,0,-1.33321,13.8149,0.0862642,-2.16179,7893.04,0.0547533,-2.01941,0
3152.57,0.0711321,-2.04162,0,0,-1.69282,13.4425,0.0711321,-2.04162,7917.04,0.135332,-2.05386,0
3164.11,0.0608561,-1.99937,0,0,-0.890306,3.66111,0.0608561,-1.99937,7932.4,0.028729,-1.98604,0
3172.08,0.0533145,-1.90823,0,0,-0.945781,11.4293,0.0533145,-1.90823,7939.01,0.0432494,-1.69197,0
3184.59,0.0485744,-1.74645,0,0,-0.378991,12.9355,0.0485744,-1.74645,7940.62,0.00380198,-1.61271,0
3196.6,0.0537556,-1.62498,0,0,0.431367,10.1126,0.0537556,-1.62498,7939.85,-0.0805645,-1.58799,0
3204.55,0.0697396,-1.56135,0,0,2.01082,8.00539,0.0697396,-1.56135,7935.59,-0.0496502,-1.53654,0
3215.53,0.0893831,-1.50246,0,0,1.78935,5.36413,0.0893831,-1.50246,7924.13,0.135652,-1.47296,0
3224.59,0.106877,-1.45804,0,0,1.93116,4.90391,0.106877,-1.45804,7901.42,0.15153,-1.43842,0
3235.64,0.116167,-1.41405,0,0,0.840523,3.98043,0.116167,-1.41405,7866.08,0.147921,-1.33456,0
3243.63,0.116412,-1.35866,0,0,0.0307114,6.9337,0.116412,-1.35866,7822.43,0.10226,-1.19044,0
3256.59,0.110606,-1.35667,0,0,-0.447887,0.153256,0.110606,-1.35667,7779.65,0.229811,-1.16039,0
3264.28,0.0900761,-1.37419,0,0,-2.67008,-2.27863,0.0900761,-1.37419,7745.34,0.114236,-1.32409,0
3275.48,0.0686067,-1.80647,0,0,-1.91742,-38.6062,0.0686067,-1.80647,7717.85,-0.115628,-2.20171,0
3284.83,0.0799533,-3.29706,0,0,1.21367,-159.438,0.0799533,-3.29706,7686.2,-0.258326,-4.4143,0
3295.63,0.0877289,-4.70402,0,0,0.720096,-130.299,0.0877289,-4.70402,7636.89,-0.0821114,-5.76303,0
3303.63,0.0833897,-5.34745,0,0,-0.541999,-80.3684,0.0833897,-5.34745,7565.72,0.13988,-5.80594,0
3316.09,0.0772725,-5.59269,0,0,-0.490901,-19.6804,0.0772725,-5.59269,7485.87,0.0829194,-5.67821,0
3324.09,0.0705321,-5.60273,0,0,-0.842454,-1.25479,0.0705321,-5.60273,7413.76,0.0402952,-5.65022,0
3335.91,0.0670165,-5.59814,0,0,-0.297473,0.388596,0.0670165,-5.59814,7353.21,0.0205121,-5.55999,0
3344.31,0.0632055,-5.48332,0,0,-0.453854,13.6737,0.0632055,-5.48332,7301.72,0.0831632,-5.26247,0
3356.31,0.0585035,-5.34781,0,0,-0.391734,11.2893,0.0585035,-5.34781,7258.54,0.0858202,-5.08644,0
3364.31,0.0539113,-5.2743,0,0,-0.574025,9.18916,0.0539113,-5.2743,7224.64,0.00801959,-5.28193,0
3376.31,0.0488645,-5.1768,0,0,-0.420532,8.12378,0.0488645,-5.1768,7197.79,0.0497448,-5.08261,0
3384.3,0.0447463,-5.06611,0,0,-0.515744,13.8629,0.0447463,-5.06611,7172.05,0.0767403,-5.00624,0
3395.92,0.0419952,-4.99159,0,0,-0.236795,6.41389,0.0419952,-4.99159,7145.44,0.166749,-4.88165,0
3404.58,0.0359606,-4.79101,0,0,-0.696839,23.1617,0.0359606,-4.79101,7121.09,0.00234994,-4.63133,0
3415.65,0.0311032,-4.62632,0,0,-0.438472,14.8667,0.0311032,-4.62632,7101.59,-0.00228281,-4.61294,0
3423.62,0.0300163,-4.60099,0,0,-0.136396,3.17872,0.0300163,-4.60099,7086.88,0.0162455,-4.58079,0
3436.31,0.0284999,-4.58878,0,0,-0.119477,0.962084,0.0284999,-4.58878,7076.17,0.0450506,-4.58152,0
3448.09,0.0274047,-4.58011,0,0,-0.0930105,0.736135,0.0274047,-4.58011,7069.13,0.142264,-4.58357,0
3456.31,0.0272732,-4.49732,0,0,-0.0159991,10.0689,0.0272732,-4.49732,7064.88,0.101012,-4.23135,0
3467.65,0.031548,-4.39456,0,0,0.377136,9.06653,0.031548,-4.39456,7062.22,0.00717125,-4.25032,0
3476.33,0.0430213,-4.33712,0,0,1.32165,6.6164,0.0430213,-4.33712,7060.74,0.0160728,-4.37004,0
3488.11,0.0584187,-4.25431,0,0,1.30675,7.02753,0.0584187,-4.25431,7060.07,-0.0758966,-4.18133,0
3496.09,0.0733727,-4.19586,0,0,1.87299,7.32164,0.0733727,-4.19586,7059.66,0.0729362,-4.19827,0
3508.11,0.0832915,-4.18657,0,0,0.825193,0.772599,0.0832915,-4.18657,7059.3,0.130109,-4.32036,0
3516.09,0.088988,-4.17791,0,0,0.714029,1.08604,0.088988,-4.17791,7059.06,0.134504,-4.06978,0
3527.92,0.0957358,-4.17004,0,0,0.570352,0.66468,0.0957358,-4.17004,7058.95,0.118285,-4.17753,0
3536.55,0.103204,-4.13131,0,0,0.865296,4.48756,0.103204,-4.13131,7058.71,0.0975038,-4.13872,0
3547.52,0.109134,-4.08022,0,0,0.540544,4.65705,0.109134,-4.08022,7057.99,0.00768713,-3.9027,0
3555.5,0.111328,-3.99382,0,0,0.275049,10.8303,0.111328,-3.99382,7056.75,0.173462,-3.97487,0
3568.92,0.108219,-3.81282,0,0,-0.231664,13.4861,0.108219,-3.81282,7055.48,0.106066,-3.68576,0
3576.35,0.104589,-3.65429,0,0,-0.488965,21.3513,0.104589,-3.65429,7054.65,0.116519,-3.61495,0
3587.41,0.103564,-3.57849,0,0,-0.0926262,6.85365,0.103564,-3.57849,7054.21,0.107319,-3.53664,0
3596.89,0.104555,-3.55515,0,0,0.104466,2.46182,0.104555,-3.55515,7053.95,0.0143411,-3.43689,0
3607.78,0.106539,-3.52684,0,0,0.182175,2.59869,0.106539,-3.52684,7053.84,0.0730548,-3.49635,0
3615.76,0.111991,-3.5151,0,0,0.683391,1.47153,0.111991,-3.5151,7053.9,0.0579947,-3.57704,0
3628.1,0.121715,-3.50223,0,0,0.787781,1.04304,0.121715,-3.50223,7054.35,0.186295,-3.38991,0
3636.29,0.136378,-3.47688,0,0,1.79062,3.09564,0.136378,-3.47688,7055.66,0.141397,-3.48738,0
3647.51,0.159457,-3.45101,0,0,2.05659,2.30484,0.159457,-3.45101,7058.22,0.146981,-3.43902,0
3656.87,0.193975,-3.43597,0,0,3.68936,1.60805,0.193975,-3.43597,7062.22,0.225315,-3.43078,0
3667.52,0.234111,-3.42982,0,0,3.76792,0.577006,0.234111,-3.42982,7068.85,0.298649,-3.43008,0
3675.49,0.266905,-3.39587,0,0,4.11476,4.26011,0.266905,-3.39587,7080.92,0.307421,-3.36191,0
3688.81,0.287283,-3.35142,0,0,1.53018,3.3377,0.287283,-3.35142,7098.83,0.296107,-3.33858,0
3700.09,0.303069,-3.30588,0,0,1.3987,4.03506,0.303069,-3.30588,7117.53,0.295667,-3.2373,0
3708.12,0.328121,-3.09591,0,0,3.12255,26.1717,0.328121,-3.09591,7133.2,0.189071,-2.92579,0
3720.09,0.379657,-2.74771,0,0,4.30362,29.0765,0.379657,-2.74771,7147.9,0.532599,-2.56499,0
3728.1,0.456567,-2.47057,0,0,9.59937,34.591,0.456567,-2.47057,7164.27,0.56765,-2.35106,0
3740.1,0.535248,-2.34481,0,0,6.56112,10.4869,0.535248,-2.34481,7184.03,0.563041,-2.27085,0
3748.08,0.598745,-2.30347,0,0,7.94902,5.17597,0.598745,-2.30347,7210.1,0.701074,-2.29494,0
3760.32,0.643395,-2.22644,0,0,3.6485,6.29375,0.643395,-2.22644,7243.12,0.634048,-2.08472,0
3768.09,0.673835,-2.14582,0,0,3.9167,10.3738,0.673835,-2.14582,7278.57,0.662756,-2.16977,0
3780.32,0.698461,-2.09851,0,0,2.01399,3.86946,0.698461,-2.09851,7311.54,0.687511,-2.1187,0
3788.13,0.722336,-2.03707,0,0,3.05623,7.86492,0.722336,-2.03707,7342.31,0.75246,-1.98297,0
3800.11,0.74392,-1.98979,0,0,1.80292,3.94921,0.74392,-1.98979,7375.85,0.7734,-1.96079,0
3808.13,0.758286,-1.98173,0,0,1.79096,1.00371,0.758286,-1.98173,7417.05,0.787,-2.06717,0
3820.09,0.765155,-1.97102,0,0,0.574026,0.895662,0.765155,-1.97102,7463.37,0.766478,-2.00026,0
3828.09,0.769822,-1.95929,0,0,0.583968,1.46737,0.769822,-1.95929,7506.04,0.759913,-1.91697,0
3840.11,0.775707,-1.96579,0,0,0.48959,-0.54108,0.775707,-1.96579,7542.51,0.765679,-1.97469,0
3848.14,0.783119,-1.96562,0,0,0.922595,0.0212636,0.783119,-1.96562,7577.43,0.79118,-1.93596,0
3860.11,0.795535,-1.96527,0,0,1.03756,0.0290746,0.795535,-1.96527,7613.23,0.787001,-2.0208,0
3868.13,0.815677,-1.97492,0,0,2.51041,-1.20193,0.815677,-1.97492,7647.76,0.832181,-1.97564,0
3880.11,0.838336,-1.97388,0,0,1.89101,0.086612,0.838336,-1.97388,7676.47,0.868332,-1.97919,0
3888.08,0.855948,-1.97279,0,0,2.2097,0.136994,0.855948,-1.97279,7697.94,0.889224,-1.97551,0
3900.1,0.865719,-1.97395,0,0,0.8129,-0.0970049,0.865719,-1.97395,7716.31,0.913659,-1.83394,0
3908.12,0.870581,-1.96726,0,0,0.606271,0.834623,0.870581,-1.96726,7733.71,0.851884,-1.94385,0
3920.11,0.874696,-1.9593,0,0,0.343242,0.663748,0.874696,-1.9593,7746.79,0.871435,-2.00688,0
3928.08,0.879107,-1.94871,0,0,0.553554,1.32887,0.879107,-1.94871,7753.16,0.985002,-1.92858,0
3940.1,0.882978,-1.93224,0,0,0.322011,1.37009,0.882978,-1.93224,7754.98,0.89453,-1.89168,0
3952.1,0.886319,-1.92923,0,0,0.278408,0.250885,0.886319,-1.92923,7755.06,0.878593,-1.91413,0
3960.32,0.888355,-1.929,0,0,0.247778,0.0279275,0.888355,-1.929,7753.55,0.889663,-1.91396,0
3971.78,0.889028,-1.92875,0,0,0.0587042,0.0220323,0.889028,-1.92875,7747.76,0.919768,-1.93158,0
3980.36,0.888229,-1.92409,0,0,-0.0930547,0.543046,0.888229,-1.92409,7734.45,0.895876,-1.94943,0
3991.63,0.885987,-1.92329,0,0,-0.198927,0.0707775,0.885987,-1.92329,7714.1,0.886535,-1.94465,0
3999.62,0.880806,-1.90452,0,0,-0.648448,2.34893,0.880806,-1.90452,7691.28,0.959623,-1.87245,0
4012.34,0.87094,-1.84887,0,0,-0.776042,4.37781,0.87094,-1.84887,7669.33,0.855321,-1.77197,0
4020.57,0.855282,-1.73116,0,0,-1.90181,14.2972,0.855282,-1.73116,7647.45,0.76177,-1.63371,0
4031.51,0.840557,-1.63531,0,0,-1.34604,8.76136,0.840557,-1.63531,7623.97,0.831384,-1.63617,0
4040.32,0.832776,-1.61503,0,0,-0.883635,2.30345,0.832776,-1.61503,7598.23,0.782062,-1.57915,0
4052.1,0.828554,-1.5845,0,0,-0.358227,2.59049,0.828554,-1.5845,7572.48,0.82535,-1.5625,0
4060.09,0.82696,-1.56457,0,0,-0.199541,2.49525,0.82696,-1.56457,7552.39,0.744911,-1.54702,0
4072.61,0.826829,-1.55854,0,0,-0.0104752,0.481378,0.826829,-1.55854,7540.09,0.748329,-1.58027,0
4080.1,0.827506,-1.54793,0,0,0.0904531,1.41758,0.827506,-1.54793,7530.32,0.783665,-1.5716,0
4092.11,0.829935,-1.52956,0,0,0.202309,1.52989,0.829935,-1.52956,7517.57,0.903257,-1.43493,0
4099.9,0.835157,-1.51063,0,0,0.670079,2.42905,0.835157,-1.51063,7502.83,0.923236,-1.39917,0
4111.94,0.843484,-1.49061,0,0,0.691752,1.66273,0.843484,-1.49061,7489.97,0.858162,-1.51591,0
4119.91,0.85641,-1.46967,0,0,1.62182,2.62781,0.85641,-1.46967,7479.95,0.891487,-1.40133,0
4131.77,0.873917,-1.4427,0,0,1.47614,2.27415,0.873917,-1.4427,7472.55,0.827335,-1.48305,0
4140.54,0.892035,-1.4139,0,0,2.06473,3.28175,0.892035,-1.4139,7467.97,0.933634,-1.43916,0
4151.62,0.906628,-1.40122,0,0,1.31681,1.14388,0.906628,-1.40122,7464.82,0.95647,-1.39919,0
4160.3,0.915192,-1.38183,0,0,0.987412,2.23652,0.915192,-1.38183,7461.59,0.910169,-1.36765,0
4171.63,0.916752,-1.30167,0,0,0.13763,7.07195,0.916752,-1.30167,7458.64,0.84844,-1.22974,0
4179.61,0.920009,-1.29536,0,0,0.408242,0.790773,0.920009,-1.29536,7456.41,0.937425,-1.23172,0
4192.3,0.921168,-1.23596,0,0,0.0913324,4.6796,0.921168,-1.23596,7454.8,0.862721,-1.21526,0
4204.31,0.925572,-1.2287,0,0,0.366772,0.604471,0.925572,-1.2287,7453.7,0.936048,-1.38252,0
4212.32,0.933509,-1.22816,0,0,0.991164,0.067759,0.933509,-1.22816,7452.78,0.958106,-1.23576,0
4223.76,0.956051,-1.23141,0,0,1.97067,-0.28495,0.956051,-1.23141,7451.77,0.859681,-1.20943,0
4232.3,1.02087,-1.23726,0,0,7.58343,-0.683801,1.02087,-1.23726,7450.68,0.905872,-1.07829,0
4243.49,1.1618,-1.2354,0,0,12.6005,0.166514,1.1618,-1.2354,7449.29,1.21174,-1.27625,0
4251.48,1.39218,-1.40926,0,0,28.8292,-21.7578,1.39218,-1.40926,7446.62,1.77718,-1.8548,0
4264.81,1.67124,-1.87821,0,0,20.9299,-35.1716,1.67124,-1.87821,7439.93,2.05889,-2.33976,0
4272.31,1.90458,-2.12438,0,0,31.1409,-32.8543,1.90458,-2.12438,7426.1,2.13971,-2.18743,0
4284.3,2.04852,-2.15521,0,0,11.9996,-2.56991,2.04852,-2.15521,7406,2.07121,-2.21973,0
4292.34,2.11693,-2.16806,0,0,8.51084,-1.5987,2.11693,-2.16806,7385.35,2.17057,-2.04304,0
4303.5,2.14038,-2.16667,0,0,2.10096,0.124874,2.14038,-2.16667,7368.41,2.16804,-2.10863,0
4311.5,2.14549,-2.16474,0,0,0.638557,0.240709,2.14549,-2.16474,7353.22,2.17599,-2.18021,0
4325.04,2.14352,-2.13002,0,0,-0.144789,2.56383,2.14352,-2.13002,7336.34,2.23349,-2.18389,0
4332.07,2.13938,-2.12617,0,0,-0.589136,0.548934,2.13938,-2.12617,7319.25,2.19563,-2.18614,0
4343.5,2.12652,-2.06385,0,0,-1.12504,5.45144,2.12652,-2.06385,7305.2,2.12269,-1.95892,0
4352.55,2.1051,-1.98603,0,0,-2.36788,8.59977,2.1051,-1.98603,7294.69,2.03119,-1.86622,0
4363.61,2.08412,-1.97956,0,0,-1.89727,0.585192,2.08412,-1.97956,7286.76,2.03234,-2.01084,0
4371.61,2.06813,-1.97589,0,0,-1.99719,0.457725,2.06813,-1.97589,7280.64,2.06108,-2.07502,0
4384.07,2.05869,-1.97623,0,0,-0.757363,-0.0271663,2.05869,-1.97623,7276.07,2.03321,-1.94615,0
4392.7,2.05253,-1.97322,0,0,-0.714247,0.349182,2.05253,-1.97322,7272.71,2.06161,-1.94947,0
4403.39,2.04811,-1.97299,0,0,-0.413294,0.0209737,2.04811,-1.97299,7269.52,2.06385,-2.00226,0
4412.9,2.04505,-1.96419,0,0,-0.322042,0.926072,2.04505,-1.96419,7266.17,2.14093,-1.91854,0
4424.08,2.04388,-1.96347,0,0,-0.104628,0.0643278,2.04388,-1.96347,7263.53,1.99253,-1.99327,0
4431.09,2.04307,-1.95423,0,0,-0.115382,1.31666,2.04307,-1.95423,7262.08,2.03439,-1.99361,0
4443.11,2.04261,-1.95323,0,0,-0.038178,0.0833104,2.04261,-1.95323,7260.77,2.03289,-1.86724,0
4455.13,2.04144,-1.93825,0,0,-0.0972602,1.24619,2.04144,-1.93825,7257.64,1.99029,-1.91426,0
4463.07,2.04013,-1.91684,0,0,-0.165274,2.69674,2.04013,-1.91684,7251.81,2.0454,-1.92645,0
4475.08,2.03698,-1.85121,0,0,-0.262712,5.46446,2.03698,-1.85121,7244.99,2.04874,-1.6771,0
4483.08,2.0319,-1.75268,0,0,-0.634627,12.3147,2.0319,-1.75268,7239.35,1.97981,-1.62815,0
4495.08,2.02813,-1.70785,0,0,-0.313807,3.73612,2.02813,-1.70785,7234.94,2.00188,-1.70798,0
4503.07,2.02491,-1.70515,0,0,-0.404101,0.337602,2.02491,-1.70515,7229.37,2.00824,-1.70752,0
4515.12,2.01828,-1.67984,0,0,-0.550111,2.10119,2.01828,-1.67984,7218.58,2.06446,-1.72594,0
4523.2,2.00868,-1.6768,0,0,-1.18763,0.376543,2.00868,-1.6768,7200.73,2.10796,-1.58779,0
4535.08,1.99358,-1.61665,0,0,-1.27107,5.06205,1.99358,-1.61665,7179.06,2.01936,-1.52709,0
4543.07,1.97788,-1.57482,0,0,-1.96536,5.2349,1.97788,-1.57482,7156.78,1.96337,-1.53894,0
4555.16,1.96124,-1.55103,0,0,-1.3764,1.9675,1.96124,-1.55103,7133,1.95918,-1.58161,0
4563.06,1.94049,-1.46312,0,0,-2.62415,11.1224,1.94049,-1.46312,7105.7,1.91233,-1.35411,0
4575.12,1.92088,-1.41719,0,0,-1.62702,3.81042,1.92088,-1.41719,7076.79,1.90764,-1.27609,0
4583.08,1.89499,-1.37864,0,0,-3.25394,4.84464,1.89499,-1.37864,7051.8,1.92058,-1.38306,0
4595.08,1.85542,-1.36661,0,0,-3.29702,1.00199,1.85542,-1.36661,7031.84,1.72345,-1.46536,0
4603.07,1.80507,-1.36884,0,0,-6.30296,-0.278604,1.80507,-1.36884,7011.26,1.81977,-1.25725,0
4615.09,1.75663,-1.35178,0,0,-4.02938,1.41928,1.75663,-1.35178,6986.01,1.92265,-1.32523,0
4623.27,1.72264,-1.33169,0,0,-4.15583,2.45565,1.72264,-1.33169,6957.72,1.67375,-1.32901,0
4635.07,1.70445,-1.28727,0,0,-1.54031,3.76197,1.70445,-1.28727,6930.87,1.67976,-1.14815,0
4643.09,1.69584,-1.21197,0,0,-1.07485,9.394,1.69584,-1.21197,6910.59,1.68767,-1.17518,0
4655.14,1.693,-1.16875,0,0,-0.235612,3.58845,1.693,-1.16875,6898.9,1.63092,-1.17008,0
4663.06,1.69279,-1.14574,0,0,-0.0254893,2.90251,1.69279,-1.14574,6892.41,1.64788,-1.13003,0
4675.09,1.69388,-1.10943,0,0,0.0906078,3.01975,1.69388,-1.10943,6886.52,1.71203,-1.09805,0
4683.07,1.69221,-0.990591,0,0,-0.209724,14.8773,1.69221,-0.990591,6879.17,1.77179,-0.876128,0
4695.07,1.68905,-0.866787,0,0,-0.26321,10.3196,1.68905,-0.866787,6870.29,1.71799,-0.806735,0
4707.15,1.68686,-0.809828,0,0,-0.181089,4.71636,1.68686,-0.809828,6859.98,1.75039,-0.733012,0
4715.12,1.68138,-0.757588,0,0,-0.688301,6.55208,1.68138,-0.757588,6848.32,1.71484,-0.736764,0
4727.11,1.66788,-0.723936,0,0,-1.12535,2.80666,1.66788,-0.723936,6836.51,1.68428,-0.678857,0
4735.1,1.63815,-0.670275,0,0,-3.72096,6.71608,1.63815,-0.670275,6826.74,1.55576,-0.584876,0
4747.11,1.59404,-0.5973,0,0,-3.6741,6.07765,1.59404,-0.5973,6820.56,1.42961,-0.571652,0
4755.12,1.54836,-0.534857,0,0,-5.704,7.79761,1.54836,-0.534857,6817.9,1.48088,-0.511492,0
4767.11,1.51272,-0.474328,0,0,-2.97196,5.04708,1.51272,-0.474328,6817.45,1.46914,-0.36212,0
4775.08,1.49444,-0.472986,0,0,-2.29362,0.168315,1.49444,-0.472986,6818.22,1.5696,-0.317121,0
4787.07,1.48656,-0.474452,0,0,-0.65735,-0.122223,1.48656,-0.474452,6819.76,1.48618,-0.294983,0
4795.09,1.48449,-0.514875,0,0,-0.258237,-5.0377,1.48449,-0.514875,6821.78,1.54011,-0.783516,0
4807.27,1.50323,-0.984139,0,0,1.53969,-38.5496,1.50323,-0.984139,6824.06,1.56457,-1.40742,0
4815.09,1.51725,-1.45213,0,0,1.79303,-59.8454,1.51725,-1.45213,6826.36,1.52032,-1.67565,0
4827.07,1.50628,-1.52173,0,0,-0.915002,-5.80621,1.50628,-1.52173,6828.59,1.3534,-1.57192,0
4835.06,1.48696,-1.52527,0,0,-2.41836,-0.442764,1.48696,-1.52527,6830.74,1.43974,-1.5017,0
4847.07,1.46737,-1.5238,0,0,-1.63181,0.122121,1.46737,-1.5238,6832.71,1.44734,-1.52293,0
4855.11,1.44993,-1.45596,0,0,-2.16791,8.43174,1.44993,-1.45596,6834.14,1.47125,-1.38999,0
4867.1,1.43583,-1.36026,0,0,-1.17693,7.98618,1.43583,-1.36026,6835.17,1.29966,-1.33297,0
4875.1,1.42104,-1.3159,0,0,-1.84773,5.54429,1.42104,-1.3159,6837.2,1.43205,-1.29033,0
4887.1,1.39497,-1.267,0,0,-2.17271,4.0753,1.39497,-1.267,6842.38,1.34156,-1.17289,0
4895.05,1.35568,-1.14389,0,0,-4.94007,15.4774,1.35568,-1.14389,6851.92,1.27521,-1.04059,0
4907.14,1.31904,-1.04897,0,0,-3.03048,7.85024,1.31904,-1.04897,6864.59,1.47665,-1.05915,0
4915.06,1.29602,-1.02394,0,0,-2.90679,3.16122,1.29602,-1.02394,6877.85,1.29749,-0.996393,0
4927.08,1.27731,-0.897245,0,0,-1.55624,10.54,1.27731,-0.897245,6891.84,1.2717,-0.778088,0
4935.08,1.26188,-0.740276,0,0,-1.92885,19.6261,1.26188,-0.740276,6909.88,1.20081,-0.699559,0
4947.1,1.25364,-0.656689,0,0,-0.685559,6.9551,1.25364,-0.656689,6933.79,1.23993,-0.594973,0
4959.07,1.25082,-0.611468,0,0,-0.236259,3.77753,1.25082,-0.611468,6962.56,1.15206,-0.532815,0
4967.12,1.25669,-0.609203,0,0,0.7299,0.281412,1.25669,-0.609203,6997.02,1.19541,-0.618658,0
4979.14,1.28135,-0.611856,0,0,2.05021,-0.220535,1.28135,-0.611856,7041.25,1.14894,-0.542303,0
4987.05,1.34352,-0.727429,0,0,7.86259,-14.6148,1.34352,-0.727429,7093.98,1.50039,-1.01079,0
4999.06,1.44571,-1.20557,0,0,8.51025,-39.8189,1.44571,-1.20557,7142.94,1.61259,-2.14383,0
5007.17,1.54361,-1.83886,0,0,12.0771,-78.1254,1.54361,-1.83886,7176.18,1.70283,-2.33236,0
5019.1,1.59292,-2.06867,0,0,4.13016,-19.2506,1.59292,-2.06867,7194.09,1.63338,-2.15088,0
5027.09,1.61177,-2.09218,0,0,2.35974,-2.94169,1.61177,-2.09218,7204.67,1.61825,-2.12666,0
5039.15,1.62308,-2.08999,0,0,0.93821,0.181509,1.62308,-2.08999,7213.69,1.60403,-2.02474,0
5047.09,1.63154,-2.04116,0,0,1.06447,6.14842,1.63154,-2.04116,7222.51,1.60745,-2.09332,0
5059.06,1.6387,-2.01455,0,0,0.597997,2.22277,1.6387,-2.01455,7230.78,1.657,-1.99962,0
5067.08,1.64055,-1.92945,0,0,0.231076,10.6078,1.64055,-1.92945,7237.59,1.63242,-1.71737,0
5079.16,1.63675,-1.71183,0,0,-0.314949,18.0153,1.63675,-1.71183,7242.15,1.68358,-1.55844,0
5087.06,1.63585,-1.52024,0,0,-0.113449,24.2674,1.63585,-1.52024,7245.22,1.69052,-1.43564,0
5099.1,1.63995,-1.45469,0,0,0.3402,5.44255,1.63995,-1.45469,7248.18,1.6454,-1.46698,0
5107.09,1.64257,-1.42603,0,0,0.328014,3.58935,1.64257,-1.42603,7250.94,1.65962,-1.38368,0
5119.08,1.64291,-1.40994,0,0,0.0283938,1.34166,1.64291,-1.40994,7252.78,1.60286,-1.31776,0
5127.09,1.64137,-1.40084,0,0,-0.191303,1.13533,1.64137,-1.40084,7253.71,1.63827,-1.40759,0
5139.11,1.63578,-1.37061,0,0,-0.465166,2.51482,1.63578,-1.37061,7254.15,1.64264,-1.37573,0
5147.07,1.62563,-1.32534,0,0,-1.27588,5.68852,1.62563,-1.32534,7254.36,1.69302,-1.23056,0
5159.06,1.61238,-1.25553,0,0,-1.10467,5.82248,1.61238,-1.25553,7254.62,1.68982,-1.16784,0
5167.08,1.59966,-1.17391,0,0,-1.58741,10.1834,1.59966,-1.17391,7255.33,1.59487,-1.1045,0
5179.07,1.58944,-1.12343,0,0,-0.852278,4.20784,1.58944,-1.12343,7256.72,1.58441,-1.18263,0
5187.04,1.57699,-1.098,0,0,-1.56244,3.1912,1.57699,-1.098,7259.21,1.49546,-1.07623,0
5199.09,1.5525,-1.09941,0,0,-2.03206,-0.116241,1.5525,-1.09941,7265.02,1.56358,-1.01145,0
5211.05,1.50181,-1.13351,0,0,-4.23859,-2.85208,1.50181,-1.13351,7278.66,1.54946,-0.994024,0
5219.04,1.44065,-1.5048,0,0,-7.6503,-46.4459,1.44065,-1.5048,7302.32,1.32772,-1.86563,0
5231.08,1.40939,-2.46832,0,0,-2.59721,-80.0533,1.40939,-2.46832,7329.51,1.27469,-3.09637,0
5239.15,1.39995,-3.25212,0,0,-1.16946,-97.0881,1.39995,-3.25212,7349.32,1.42865,-3.82146,0
5251.08,1.39865,-3.55413,0,0,-0.1094,-25.3132,1.39865,-3.55413,7358.17,1.41774,-3.90743,0
5259.05,1.40006,-3.65201,0,0,0.17747,-12.2843,1.40006,-3.65201,7360.46,1.36922,-3.83497,0
5271.08,1.40049,-3.65577,0,0,0.0356126,-0.312572,1.40049,-3.65577,7360.5,1.39245,-3.66767,0
5279.06,1.40184,-3.65237,0,0,0.169562,0.426187,1.40184,-3.65237,7359.65,1.39872,-3.62185,0
5291.21,1.40211,-3.57288,0,0,0.0218935,6.54075,1.40211,-3.57288,7358.32,1.48606,-3.49734,0
5299.04,1.40323,-3.47217,0,0,0.143952,12.856,1.40323,-3.47217,7357.12,1.40562,-3.43673,0
5311.06,1.40878,-3.41983,0,0,0.46204,4.35708,1.40878,-3.41983,7356.02,1.38933,-3.19672,0
5319.05,1.41747,-3.36775,0,0,1.08667,6.51401,1.41747,-3.36775,7354.37,1.38126,-3.37191,0
5331.06,1.42597,-3.31415,0,0,0.707494,4.46512,1.42597,-3.31415,7352.25,1.42962,-3.29559,0
5339.16,1.43148,-3.26151,0,0,0.680943,6.49498,1.43148,-3.26151,7350.65,1.51743,-3.16795,0
5351.08,1.43579,-3.20154,0,0,0.360997,5.03162,1.43579,-3.20154,7349.99,1.43039,-3.14315,0
5359.04,1.44289,-3.15462,0,0,0.891802,5.89203,1.44289,-3.15462,7349.96,1.51685,-3.22235,0
5371.09,1.44868,-3.03829,0,0,0.480875,9.65772,1.44868,-3.03829,7350.84,1.44127,-2.91492,0
5379.06,1.45187,-2.92725,0,0,0.400277,13.9323,1.45187,-2.92725,7354.18,1.4814,-2.9515,0
5391.09,1.45357,-2.88898,0,0,0.140886,3.18187,1.45357,-2.88898,7361.44,1.46877,-2.86433,0
5399.06,1.45187,-2.83738,0,0,-0.211953,6.46918,1.45187,-2.83738,7371.34,1.41497,-2.81092,0
5411.08,1.44832,-2.79559,0,0,-0.295727,3.47645,1.44832,-2.79559,7380.52,1.39381,-2.73461,0
5419.08,1.44226,-2.76174,0,0,-0.757738,4.23293,1.44226,-2.76174,7386.79,1.47652,-2.7531,0
5431.09,1.43084,-2.70296,0,0,-0.951112,4.89436,1.43084,-2.70296,7389.97,1.43047,-2.66408,0
5439.15,1.41323,-2.61847,0,0,-2.18269,10.476,1.41323,-2.61847,7390.88,1.48894,-2.5637,0
5451.08,1.39485,-2.56316,0,0,-1.54232,4.63968,1.39485,-2.56316,7390.33,1.38364,-2.54166,0
5463.08,1.37921,-2.51412,0,0,-1.30201,4.08457,1.37921,-2.51412,7388.65,1.36609,-2.44756,0
5471.08,1.36782,-2.46157,0,0,-1.42415,6.56893,1.36782,-2.46157,7385.1,1.30629,-2.42737,0
5483.09,1.36202,-2.44119,0,0,-0.482707,1.6971,1.36202,-2.44119,7377.74,1.35703,-2.49883,0
5491.07,1.35879,-2.40732,0,0,-0.405583,4.24724,1.35879,-2.40732,7366.17,1.30602,-2.34412,0
5503.08,1.35555,-2.33483,0,0,-0.269732,6.03446,1.35555,-2.33483,7353,1.28478,-2.29144,0
5511.04,1.35373,-2.27106,0,0,-0.229119,8.00722,1.35373,-2.27106,7339.81,1.39324,-2.22659,0
5523.27,1.35566,-2.24671,0,0,0.158124,1.99164,1.35566,-2.24671,7324.78,1.35134,-2.25222,0
5531.08,1.36122,-2.2339,0,0,0.712252,1.64137,1.36122,-2.2339,7305.96,1.36714,-2.26615,0
5543.08,1.36783,-2.20617,0,0,0.55095,2.30926,1.36783,-2.20617,7283.89,1.36848,-2.12296,0
5551.07,1.37143,-2.14271,0,0,0.450602,7.94402,1.37143,-2.14271,7260.74,1.3744,-2.09867,0
5563.08,1.37191,-2.07614,0,0,0.0394969,5.54238,1.37191,-2.07614,7237.58,1.44531,-2.04535,0
5571.07,1.37207,-2.04307,0,0,0.0205142,4.14244,1.37207,-2.04307,7214.73,1.42772,-2.01558,0
5583.09,1.37228,-2.01902,0,0,0.0176573,2.00033,1.37228,-2.01902,7194.97,1.47777,-1.94116,0
5591.09,1.37229,-1.99543,0,0,0.00104844,2.94943,1.37229,-1.99543,7180.88,1.37331,-1.98666,0
5603.05,1.37263,-1.98364,0,0,0.0280868,0.985503,1.37263,-1.98364,7171.84,1.23522,-1.99001,0
5611.04,1.37346,-1.97372,0,0,0.104441,1.24185,1.37346,-1.97372,7166.76,1.22999,-1.96446,0
5623.19,1.37443,-1.95876,0,0,0.0799208,1.23138,1.37443,-1.95876,7164.71,1.33914,-1.95146,0
5631.04,1.37399,-1.92336,0,0,-0.0562229,4.51039,1.37399,-1.92336,7164.26,1.38542,-1.89979,0
5643.08,1.37013,-1.82409,0,0,-0.321007,8.24033,1.37013,-1.82409,7164.65,1.40275,-1.7174,0
5651.05,1.36686,-1.73608,0,0,-0.409376,11.0465,1.36686,-1.73608,7166.42,1.38075,-1.77205,0
5663.08,1.36657,-1.71424,0,0,-0.0245687,1.81612,1.36657,-1.71424,7170.56,1.41205,-1.66417,0
5671.08,1.36473,-1.7011,0,0,-0.229514,1.64297,1.36473,-1.7011,7177.76,1.31002,-1.6999,0
5683.09,1.35773,-1.66633,0,0,-0.582655,2.89422,1.35773,-1.66633,7188.42,1.39844,-1.6005,0
5691.08,1.34454,-1.62985,0,0,-1.65206,4.56894,1.34454,-1.62985,7201.69,1.34072,-1.55478,0
5703.04,1.32476,-1.61405,0,0,-1.65347,1.3204,1.32476,-1.61405,7214.09,1.36454,-1.63578,0
5715.07,1.29848,-1.60321,0,0,-2.18519,0.901598,1.29848,-1.60321,7222.37,1.2843,-1.58792,0
5723.15,1.26875,-1.5986,0,0,-3.67809,0.57002,1.26875,-1.5986,7227.54,1.1511,-1.61977,0
5735.09,1.23918,-1.55417,0,0,-2.47683,3.72183,1.23918,-1.55417,7234.78,1.09811,-1.51841,0
5743.05,1.21706,-1.47869,0,0,-2.77875,9.48249,1.21706,-1.47869,7250.28,1.20318,-1.44038,0
5755.1,1.2068,-1.44354,0,0,-0.850838,2.91487,1.2068,-1.44354,7274.5,1.13248,-1.445,0
5764.91,1.20229,-1.43883,0,0,-0.460393,0.480772,1.20229,-1.43883,7299.23,1.1718,-1.45087,0
5775.71,1.19425,-1.40017,0,0,-0.743792,3.57969,1.19425,-1.40017,7316.74,1.20104,-1.33269,0
5784.26,1.18225,-1.3487,0,0,-1.40381,6.02005,1.18225,-1.3487,7327.11,1.14445,-1.39142,0
5795.6,1.16969,-1.31917,0,0,-1.10705,2.60276,1.16969,-1.31917,7334.39,1.20952,-1.27009,0
5804.27,1.15653,-1.2826,0,0,-1.51929,4.22081,1.15653,-1.2826,7342.12,1.30999,-1.25041,0
5816.05,1.14119,-1.16555,0,0,-1.30228,9.93785,1.14119,-1.16555,7351.23,1.18609,-1.05951,0
5824.04,1.12879,-1.04649,0,0,-1.55243,14.9014,1.12879,-1.04649,7359.53,1.0724,-0.940651,0
5835.72,1.12354,-1.01723,0,0,-0.449474,2.50393,1.12354,-1.01723,7365.47,1.09917,-1.00796,0
5844.26,1.11938,-0.974962,0,0,-0.486256,4.9502,1.11938,-0.974962,7371.19,1.13358,-1.02112,0
5856.28,1.11481,-0.911897,0,0,-0.380669,5.24845,1.11481,-0.911897,7379.06,1.06974,-0.839579,0
5864.27,1.11052,-0.861174,0,0,-0.537183,6.34985,1.11052,-0.861174,7388.54,1.10023,-0.88594,0
5875.05,1.10606,-0.815356,0,0,-0.413367,4.2487,1.10606,-0.815356,7398.29,1.16357,-0.663422,0
5883.05,1.10185,-0.771164,0,0,-0.525879,5.5205,1.10185,-0.771164,7407.97,1.13229,-0.748004,0
5896.55,1.09609,-0.710367,0,0,-0.426993,4.50353,1.09609,-0.710367,7417.63,1.11697,-0.645276,0
5904.49,1.08825,-0.668516,0,0,-0.987061,5.27348,1.08825,-0.668516,7427.22,1.09182,-0.668725,0
5915.05,1.07496,-0.61625,0,0,-1.25874,4.9481,1.07496,-0.61625,7436.82,0.999167,-0.493935,0
5924.54,1.05458,-0.499263,0,0,-2.14737,12.33,1.05458,-0.499263,7446.33,0.974649,-0.365714,0
5935.87,1.03656,-0.39661,0,0,-1.59053,9.06108,1.03656,-0.39661,7453.97,0.959941,-0.370506,0
5943.87,1.02398,-0.288486,0,0,-1.57344,13.5171,1.02398,-0.288486,7457.96,1.04524,-0.21499,0
5956.28,1.01264,-0.117992,0,0,-0.913831,13.7385,1.01264,-0.117992,7459.14,0.959302,-0.0181435,0
5968.28,1.00546,0.00592702,0,0,-0.597572,10.3231,1.00546,0.00592702,7459.18,0.999327,0.154945,0
5976.11,1.0018,0.075287,0,0,-0.468494,8.85936,1.0018,0.075287,7458.64,1.00678,0.0781509,0
5987.73,0.997004,0.174823,0,0,-0.412721,8.57113,0.997004,0.174823,7457.23,0.988064,0.311026,0
5996.3,0.992595,0.278248,0,0,-0.514228,12.064,0.992595,0.278248,7453.99,0.983142,0.420382,0
6007.95,0.991337,0.335442,0,0,-0.108038,4.91019,0.991337,0.335442,7446.8,0.986823,0.34369,0
6015.88,0.990594,0.382968,0,0,-0.093642,5.99088,0.990594,0.382968,7434.74,1.04855,0.424392,0
6028.56,0.98792,0.448936,0,0,-0.210909,5.20419,0.98792,0.448936,7421.5,0.993205,0.478475,0
6036.06,0.984586,0.510947,0,0,-0.444339,8.26369,0.984586,0.510947,7411.65,0.996331,0.546375,0
6048.29,0.981428,0.559274,0,0,-0.258299,3.95255,0.981428,0.559274,7404.66,1.00782,0.588225,0
6056.31,0.971543,0.690035,0,0,-1.23215,16.3002,0.971543,0.690035,7396.56,0.954507,0.814628,0
6067.09,0.955805,0.817472,0,0,-1.45927,11.8161,0.955805,0.817472,7386.08,0.981968,0.818618,0
6075.08,0.92985,0.984232,0,0,-3.25172,20.892,0.92985,0.984232,7376.58,0.796222,1.19164,0
6088.27,0.901337,1.16852,0,0,-2.16037,13.9631,0.901337,1.16852,7371.19,0.873981,1.09889,0
6096.53,0.887707,1.21983,0,0,-1.65136,6.21686,0.887707,1.21983,7369.33,0.847651,1.23921,0
6107.89,0.882597,1.26039,0,0,-0.449787,3.56998,0.882597,1.26039,7369.41,0.792508,1.31389,0
6116.06,0.886244,1.2801,0,0,0.446146,2.41155,0.886244,1.2801,7373.35,0.892017,1.36253,0
6128.07,0.907288,1.28237,0,0,1.75309,0.188462,0.907288,1.28237,7389.09,0.803718,1.45803,0
6135.99,0.96116,1.23445,0,0,6.79683,-6.04533,0.96116,1.23445,7425.12,0.964895,1.20467,0
6147.65,1.11419,-0.0141768,0,0,13.1293,-107.123,1.11419,-0.0141768,7474.74,1.48653,-1.20458,0
6156.18,1.30755,-2.13597,0,0,22.6704,-248.774,1.30755,-2.13597,7515.96,1.60099,-3.05579,0
6168.24,1.4412,-3.84378,0,0,11.079,-141.575,1.4412,-3.84378,7536.32,1.46698,-4.7174,0
6176.25,1.50054,-4.60145,0,0,7.41026,-94.6026,1.50054,-4.60145,7542.24,1.7179,-4.78788,0
6188.04,1.516,-4.63066,0,0,1.31029,-2.47698,1.516,-4.63066,7543.62,1.53512,-4.65241,0
6195.85,1.52114,-4.62447,0,0,0.658817,0.794059,1.52114,-4.62447,7544.4,1.56298,-4.57417,0
6207.72,1.51941,-4.48655,0,0,-0.145855,11.6195,1.51941,-4.48655,7545.04,1.47723,-4.39655,0
6219.71,1.51526,-4.37077,0,0,-0.345233,9.65005,1.51526,-4.37077,7546.24,1.43585,-4.3335,0
6227.71,1.50886,-4.3364,0,0,-0.800916,4.29915,1.50886,-4.3364,7550.15,1.55898,-4.32728,0
6240.26,1.49941,-4.32551,0,0,-0.75317,0.867337,1.49941,-4.32551,7559.46,1.47548,-4.35368,0
6248.52,1.48558,-4.21983,0,0,-1.67284,12.7849,1.48558,-4.21983,7573.96,1.47044,-4.11131,0
6259.35,1.47076,-4.10139,0,0,-1.36871,10.938,1.47076,-4.10139,7589.49,1.51041,-4.08533,0
6267.35,1.45544,-4.01915,0,0,-1.91565,10.2824,1.45544,-4.01915,7603.28,1.34336,-3.80534,0
6280.84,1.43674,-3.88848,0,0,-1.38653,9.68751,1.43674,-3.88848,7617.91,1.38795,-3.82258,0
6288.52,1.42126,-3.7874,0,0,-2.01444,13.1551,1.42126,-3.7874,7638.02,1.42354,-3.6608,0
6300.25,1.41277,-3.71607,0,0,-0.723424,6.07957,1.41277,-3.71607,7664.17,1.38537,-3.706,0
6308.26,1.408,-3.61202,0,0,-0.59525,12.9934,1.408,-3.61202,7692.37,1.44464,-3.53507,0
6320.04,1.40656,-3.54053,0,0,-0.122623,6.06813,1.40656,-3.54053,7720.54,1.37611,-3.54062,0
6328.03,1.40776,-3.52668,0,0,0.150586,1.73294,1.40776,-3.52668,7749.91,1.33609,-3.51184,0
6340.04,1.40601,-3.43858,0,0,-0.14583,7.33619,1.40601,-3.43858,7780.34,1.39834,-3.36095,0
6348.24,1.4012,-3.28501,0,0,-0.586162,18.7266,1.4012,-3.28501,7810.53,1.40134,-3.12862,0
6360.04,1.39847,-3.20265,0,0,-0.231316,6.97848,1.39847,-3.20265,7840.73,1.4642,-3.19855,0
6367.86,1.39838,-3.19461,0,0,-0.0122936,1.02799,1.39838,-3.19461,7869.74,1.49825,-3.25305,0
6379.86,1.3975,-3.16275,0,0,-0.0732236,2.65395,1.3975,-3.16275,7893.44,1.34872,-3.19195,0
6387.06,1.39652,-3.13233,0,0,-0.136396,4.23051,1.39652,-3.13233,7908.56,1.47471,-2.96574,0
6399.04,1.39023,-2.97387,0,0,-0.524768,13.2243,1.39023,-2.97387,7915.4,1.31536,-2.70394,0
6408.89,1.38195,-2.82232,0,0,-0.840045,15.3773,1.38195,-2.82232,7917.07,1.51003,-2.75273,0
6419.72,1.37254,-2.76724,0,0,-0.869626,5.08783,1.37254,-2.76724,7915.49,1.38846,-2.76881,0
6428.27,1.35861,-2.74086,0,0,-1.62913,3.08527,1.35861,-2.74086,7908.67,1.37647,-2.67912,0
6440.07,1.33807,-2.67672,0,0,-1.73958,5.43291,1.33807,-2.67672,7894.18,1.32263,-2.63318,0
6447.85,1.31117,-2.59012,0,0,-3.45916,11.1356,1.31117,-2.59012,7874.65,1.20877,-2.50454,0
6460.54,1.28194,-2.52519,0,0,-2.30337,5.11598,1.28194,-2.52519,7853.57,1.30852,-2.59066,0
6472.06,1.256,-2.50028,0,0,-2.25223,2.1638,1.256,-2.50028,7829.25,1.25411,-2.50227,0
6480.54,1.23386,-2.44241,0,0,-2.60974,6.8199,1.23386,-2.44241,7801.82,1.25138,-2.38416,0
6492.02,1.2151,-2.34324,0,0,-1.6342,8.63714,1.2151,-2.34324,7776.61,1.22322,-2.21484,0
6500.26,1.19743,-2.22913,0,0,-2.14335,13.8464,1.19743,-2.22913,7755.59,1.16979,-2.15491,0
6511.47,1.1772,-2.15045,0,0,-1.80457,7.02015,1.1772,-2.15045,7734.83,1.17746,-2.13932,0
6519.46,1.15377,-2.14207,0,0,-2.93521,1.0486,1.15377,-2.14207,7713.05,1.08111,-2.14706,0
6532.27,1.13018,-2.14193,0,0,-1.84076,0.0113795,1.13018,-2.14193,7695.18,1.12905,-2.18128,0
6540.72,1.11079,-2.11788,0,0,-2.29516,2.8466,1.11079,-2.11788,7685.13,1.07579,-2.0522,0
6551.72,1.09352,-2.0288,0,0,-1.57083,8.10048,1.09352,-2.0288,7681.29,1.09794,-1.95961,0
6560.27,1.07731,-1.92611,0,0,-1.89573,12.0109,1.07731,-1.92611,7680.18,1.02203,-1.82286,0
6571.58,1.06101,-1.83533,0,0,-1.44041,8.02174,1.06101,-1.83533,7680.08,1.13156,-1.77454,0
6579.58,1.04441,-1.74458,0,0,-2.07664,11.3512,1.04441,-1.74458,7680.49,1.02268,-1.6409,0
6592.55,1.02963,-1.63782,0,0,-1.13875,8.2282,1.02963,-1.63782,7681.63,1.06663,-1.44667,0
6600.26,1.01903,-1.52928,0,0,-1.37484,14.0826,1.01903,-1.52928,7685.22,1.15015,-1.48073,0
6612.29,1.01328,-1.4564,0,0,-0.47828,6.05946,1.01328,-1.4564,7693.62,1.0146,-1.39865,0
6620.27,1.00764,-1.36254,0,0,-0.707564,11.7616,1.00764,-1.36254,7706.64,0.979702,-1.20583,0
6632.27,1.00022,-1.252,0,0,-0.617952,9.20694,1.00022,-1.252,7721.36,0.990553,-1.19503,0
6640.27,0.992654,-1.16864,0,0,-0.946454,10.4319,0.992654,-1.16864,7737.34,0.942338,-1.14112,0
6651.72,0.983592,-1.08398,0,0,-0.791085,7.39065,0.983592,-1.08398,7757.38,0.985835,-1.01839,0
6660.71,0.973344,-1.02589,0,0,-1.13996,6.46168,0.973344,-1.02589,7781.22,1.0203,-1.00939,0
6671.72,0.963832,-1.01796,0,0,-0.863698,0.719849,0.963832,-1.01796,7805.32,0.946656,-1.03894,0
6680.85,0.955761,-1.00349,0,0,-0.884314,1.58492,0.955761,-1.00349,7829.93,0.943724,-0.994778,0
6691.56,0.949154,-0.941821,0,0,-0.616774,5.75718,0.949154,-0.941821,7858.06,0.944209,-0.889514,0
6699.55,0.944987,-0.879599,0,0,-0.521359,7.78551,0.944987,-0.879599,7888.9,0.898153,-0.84766,0
6712.57,0.942865,-0.847174,0,0,-0.162992,2.49063,0.942865,-0.847174,7919.74,0.943164,-0.816569,0
6724.25,0.938851,-0.776938,0,0,-0.343623,6.01276,0.938851,-0.776938,7951.31,0.934455,-0.633924,0
6731.85,0.933317,-0.675432,0,0,-0.728535,13.3631,0.933317,-0.675432,7985.9,0.924566,-0.629976,0
6743.71,0.923927,-0.500275,0,0,-0.791845,14.77,0.923927,-0.500275,8022.01,0.921983,-0.364715,0
6752.53,0.915862,-0.365518,0,0,-0.913863,15.2699,0.915862,-0.365518,8056.87,0.934203,-0.354583,0
6763.46,0.911746,-0.346339,0,0,-0.376839,1.75589,0.911746,-0.346339,8091.18,0.897337,-0.337681,0
6771.46,0.902627,-0.329951,0,0,-1.14004,2.04872,0.902627,-0.329951,8125.67,1.01605,-0.303613,0
6784.27,0.883112,-0.290488,0,0,-1.52302,3.07994,0.883112,-0.290488,8160.75,0.890611,-0.260892,0
6792.08,0.851737,-0.181428,0,0,-4.01882,13.9695,0.851737,-0.181428,8199.45,0.785951,-0.101752,0
6803.87,0.822555,-0.0938295,0,0,-2.47497,7.42922,0.822555,-0.0938295,8241.42,0.730243,-0.0901384,0
6812.4,0.805125,-0.0587377,0,0,-2.04333,4.11392,0.805125,-0.0587377,8280.19,0.813834,-0.0319948,0
6824.13,0.795945,-0.0240308,0,0,-0.782576,2.95857,0.795945,-0.0240308,8313.17,0.79419,0.00423693,0
6831.9,0.791598,0.00697676,0,0,-0.559679,3.99222,0.791598,0.00697676,8345.34,0.762003,0.0833601,0
6844.05,0.78939,0.0463097,0,0,-0.181624,3.23515,0.78939,0.0463097,8381.51,0.848496,0.0554887,0
6852.3,0.791347,0.0481252,0,0,0.237359,0.220158,0.791347,0.0481252,8427.59,0.755784,0.126982,0
6863.45,0.796386,0.0419314,0,0,0.451733,-0.55525,0.796386,0.0419314,8496.17,0.834123,0.147841,0
6872.56,0.815401,-0.154941,0,0,2.08929,-21.6319,0.815401,-0.154941,8590.07,0.899498,-0.710943,0
6883.41,0.885705,-1.33046,0,0,6.47432,-108.253,0.885705,-1.33046,8684.21,0.843047,-2.34786,0
6891.54,0.953908,-2.66481,0,0,8.39622,-164.268,0.953908,-2.66481,8747.99,0.92063,-3.73584,0
6904.25,0.986638,-3.37878,0,0,2.57494,-56.17,0.986638,-3.37878,8776.87,1.00665,-3.90903,0
6912.51,0.999745,-3.711,0,0,1.58679,-40.2194,0.999745,-3.711,8786.44,1.15855,-3.75225,0
6923.69,1.00036,-3.73975,0,0,0.0554704,-2.57117,1.00036,-3.73975,8791.86,1.09267,-3.80642,0
6933.29,0.998836,-3.7396,0,0,-0.159313,0.0156448,0.998836,-3.7396,8802.21,1.14496,-3.69086,0
6943.35,0.996077,-3.71703,0,0,-0.274365,2.24426,0.996077,-3.71703,8821.24,0.948663,-3.7376,0
6951.32,0.992715,-3.68038,0,0,-0.421419,4.59472,0.992715,-3.68038,8845.81,0.991004,-3.64992,0
6964.24,0.989236,-3.65507,0,0,-0.269217,1.95853,0.989236,-3.65507,8870.03,0.980521,-3.66844,0
6976.27,0.985389,-3.64192,0,0,-0.319973,1.09368,0.985389,-3.64192,8892.32,1.01581,-3.62043,0
6984.25,0.979598,-3.59673,0,0,-0.725704,5.66293,0.979598,-3.59673,8914.84,0.981343,-3.55751,0
6996.26,0.972878,-3.54018,0,0,-0.559294,4.7066,0.972878,-3.54018,8938.77,0.856293,-3.52841,0
7004.24,0.966468,-3.5012,0,0,-0.803893,4.88882,0.966468,-3.5012,8963.06,0.966101,-3.30213,0
7015.04,0.958543,-3.46148,0,0,-0.733926,3.6786,0.958543,-3.46148,8984.64,0.875761,-3.44759,0
7023.21,0.946769,-3.41081,0,0,-1.44049,6.19924,0.946769,-3.41081,9001.29,0.882787,-3.4259,0
7035.02,0.930713,-3.37761,0,0,-1.35899,2.8098,0.930713,-3.37761,9014.85,0.943054,-3.33275,0
7043.03,0.911907,-3.33088,0,0,-2.34965,5.83895,0.911907,-3.33088,9027.51,0.97814,-3.28173,0
7055.11,0.893308,-3.24097,0,0,-1.53964,7.44278,0.893308,-3.24097,9037.71,0.905023,-3.10811,0
7063.02,0.878166,-3.17445,0,0,-1.91401,8.40771,0.878166,-3.17445,9043.48,0.860715,-3.1946,0
7075.04,0.866833,-3.15163,0,0,-0.943111,1.89943,0.866833,-3.15163,9045.59,0.792787,-3.28813,0
7083.03,0.854753,-3.13282,0,0,-1.51089,2.3528,0.854753,-3.13282,9046,0.802668,-3.11152,0
7096.24,0.840876,-3.14359,0,0,-1.05061,-0.815459,0.840876,-3.14359,9045.2,0.860413,-3.00721,0
7104.02,0.828356,-3.14388,0,0,-1.60899,-0.0378963,0.828356,-3.14388,9040.64,0.770546,-3.08053,0
7115.86,0.821177,-3.12067,0,0,-0.606219,1.95998,0.821177,-3.12067,9025.96,0.789243,-3.13905,0
7124.24,0.81945,-3.09993,0,0,-0.206196,2.47691,0.81945,-3.09993,8996.14,0.84569,-3.15327,0
7135.44,0.821683,-3.09795,0,0,0.199414,0.17684,0.821683,-3.09795,8953.21,0.801557,-3.0726,0
7143.43,0.82446,-3.07308,0,0,0.347521,3.11295,0.82446,-3.07308,8901.58,0.819374,-3.02116,0
7156.23,0.824629,-3.00532,0,0,0.0132062,5.29072,0.824629,-3.00532,8845.96,0.82035,-2.96406,0
7164.22,0.823401,-2.94623,0,0,-0.153801,7.40166,0.823401,-2.94623,8790.99,0.844615,-2.84065,0
7176.27,0.821715,-2.89666,0,0,-0.139851,4.11225,0.821715,-2.89666,8735.07,0.972707,-2.88164,0
7184.24,0.818865,-2.83208,0,0,-0.357731,8.10449,0.818865,-2.83208,8675.96,0.894952,-2.74263,0
7195.84,0.815126,-2.79706,0,0,-0.322248,3.01857,0.815126,-2.79706,8618.99,0.836164,-2.82938,0
7203.03,0.807991,-2.79226,0,0,-0.992397,0.667538,0.807991,-2.79226,8568.54,0.75474,-2.76265,0
7215.02,0.795924,-2.78345,0,0,-1.00642,0.734317,0.795924,-2.78345,8522.19,0.782413,-2.80647,0
7229.01,0.783419,-2.78325,0,0,-0.893795,0.0148707,0.783419,-2.78325,8476.39,0.678264,-2.7984,0
7236.22,0.773497,-2.76929,0,0,-1.37673,1.93601,0.773497,-2.76929,8429.62,0.744823,-2.77881,0
7247.32,0.767455,-2.7556,0,0,-0.544223,1.23282,0.767455,-2.7556,8384.96,0.687127,-2.70282,0
7256.8,0.762719,-2.70067,0,0,-0.499703,5.79578,0.762719,-2.70067,8349.57,0.771404,-2.63264,0
7267.54,0.758292,-2.62161,0,0,-0.412014,7.35961,0.758292,-2.62161,8325.64,0.76204,-2.48406,0
7276.23,0.754445,-2.54035,0,0,-0.443147,9.35929,0.754445,-2.54035,8307.89,0.84497,-2.51559,0
7288.23,0.752411,-2.45911,0,0,-0.169387,6.76658,0.752411,-2.45911,8291.62,0.695238,-2.34267,0
7296.22,0.754208,-2.41098,0,0,0.225027,6.0278,0.754208,-2.41098,8276.9,0.757279,-2.28101,0
7308.22,0.756598,-2.34626,0,0,0.199098,5.39103,0.756598,-2.34626,8265.71,0.610868,-2.4213,0
7316.22,0.758806,-2.2797,0,0,0.276028,8.32179,0.758806,-2.2797,8258.86,0.690308,-2.28204,0
7327.04,0.760912,-2.22164,0,0,0.194648,5.36537,0.760912,-2.22164,8255.28,0.821642,-2.06115,0
7335,0.760183,-2.10271,0,0,-0.0916252,14.9408,0.760183,-2.10271,8253.45,0.813075,-1.99543,0
7348.22,0.76152,-2.0027,0,0,0.101114,7.56587,0.76152,-2.0027,8252.6,0.808805,-1.94019,0
7356.21,0.764617,-1.92861,0,0,0.387586,9.27196,0.764617,-1.92861,8252.36,0.908942,-1.82085,0
7368,0.762476,-1.84847,0,0,-0.181586,6.79718,0.762476,-1.84847,8252.53,0.75624,-1.81173,0
7375.83,0.748895,-1.75408,0,0,-1.73484,12.057,0.748895,-1.75408,8253.47,0.701891,-1.69516,0
7387.83,0.726092,-1.69467,0,0,-1.90075,4.9521,0.726092,-1.69467,8256.5,0.676252,-1.69773,0
7395.82,0.701512,-1.65176,0,0,-3.07515,5.36854,0.701512,-1.65176,8263.71,0.768291,-1.60582,0
7407.67,0.681832,-1.58707,0,0,-1.66147,5.46161,0.681832,-1.58707,8275.24,0.664218,-1.563,0
7416.49,0.66935,-1.52676,0,0,-1.41399,6.83192,0.66935,-1.52676,8286.96,0.637743,-1.42958,0
7427.42,0.658315,-1.41498,0,0,-1.00957,10.2267,0.658315,-1.41498,8295.23,0.676673,-1.25166,0
7436.21,0.644757,-1.22769,0,0,-1.54295,21.3149,0.644757,-1.22769,8301.48,0.566655,-1.01912,0
7448.22,0.632661,-1.06745,0,0,-1.00705,13.341,0.632661,-1.06745,8308.77,0.58323,-1.21279,0
7456.2,0.626278,-0.999807,0,0,-0.800436,8.48157,0.626278,-0.999807,8317.67,0.639331,-0.981423,0
7468.21,0.624135,-0.962087,0,0,-0.178404,3.13967,0.624135,-0.962087,8327.59,0.481327,-0.948142,0
7479.83,0.627514,-0.960312,0,0,0.290797,0.152725,0.627514,-0.960312,8340.13,0.607933,-0.938561,0
7488.78,0.642154,-0.960582,0,0,1.6369,-0.0301874,0.642154,-0.960582,8359.46,0.620867,-0.788222,0
7499,0.694429,-0.998747,0,0,5.11542,-3.73468,0.694429,-0.998747,8388.22,0.601423,-1.04589,0
7508.43,0.826348,-1.33432,0,0,13.9878,-35.5821,0.826348,-1.33432,8420.9,1.05383,-2.10346,0
7518.99,1.04067,-2.34864,0,0,20.2918,-96.0349,1.04067,-2.34864,8445.81,1.35896,-3.12116,0
7527.02,1.23168,-3.17487,0,0,23.7899,-102.905,1.23168,-3.17487,8457.78,1.19979,-3.47032,0
7539.13,1.3321,-3.2922,0,0,8.28925,-9.68601,1.3321,-3.2922,8461.23,1.46422,-3.39163,0
7547,1.37223,-3.29338,0,0,5.10199,-0.150112,1.37223,-3.29338,8461.66,1.40295,-3.26944,0
7558.99,1.38795,-3.29072,0,0,1.31107,0.222349,1.38795,-3.29072,8461.05,1.46593,-3.35237,0
7567.01,1.39441,-3.24897,0,0,0.805351,5.20529,1.39441,-3.24897,8459.18,1.4804,-3.19435,0
7579,1.39314,-3.12294,0,0,-0.105875,10.5087,1.39314,-3.12294,8455.57,1.43836,-2.94887,0
7586.99,1.38746,-2.98638,0,0,-0.711712,17.1069,1.38746,-2.98638,8450.39,1.31165,-3.07644,0
7599.03,1.38061,-2.94267,0,0,-0.568703,3.62824,1.38061,-2.94267,8444.33,1.43455,-2.93564,0
7607.08,1.36688,-2.82528,0,0,-1.70661,14.5925,1.36688,-2.82528,8437.76,1.23807,-2.71857,0
7619.01,1.35295,-2.71211,0,0,-1.16656,9.48188,1.35295,-2.71211,8430.96,1.33222,-2.70306,0
7627,1.34539,-2.68058,0,0,-0.946996,3.9481,1.34539,-2.68058,8424.49,1.31681,-2.6189,0
7639.11,1.33923,-2.59413,0,0,-0.508836,7.13507,1.33923,-2.59413,8418.38,1.41878,-2.36517,0
7648.68,1.33402,-2.48253,0,0,-0.543907,11.6604,1.33402,-2.48253,8411.89,1.34728,-2.56849,0
7659.67,1.33088,-2.40307,0,0,-0.286064,7.23423,1.33088,-2.40307,8404.71,1.34675,-2.49106,0
7668.2,1.32995,-2.35738,0,0,-0.109426,5.35712,1.32995,-2.35738,8397.42,1.29628,-2.20638,0
7679.54,1.32866,-2.25566,0,0,-0.113052,8.96692,1.32866,-2.25566,8390.38,1.31493,-2.16788,0
7688.46,1.32809,-2.10725,0,0,-0.0643102,16.6324,1.32809,-2.10725,8383.36,1.27445,-2.04676,0
7699.41,1.33105,-2.00945,0,0,0.270141,8.93541,1.33105,-2.00945,8376.85,1.39276,-1.96166,0
7707.39,1.33533,-1.96869,0,0,0.536317,5.10438,1.33533,-1.96869,8371.69,1.36669,-1.97403,0
7720.21,1.33786,-1.93805,0,0,0.197653,2.39023,1.33786,-1.93805,8367.64,1.33874,-1.8255,0
7732.49,1.33789,-1.88527,0,0,0.00221315,4.30033,1.33789,-1.88527,8363.99,1.33191,-1.85992,0
7739.99,1.33598,-1.8143,0,0,-0.254477,9.45795,1.33598,-1.8143,8359.99,1.40951,-1.76432,0
7751.98,1.33215,-1.7366,0,0,-0.319283,6.47824,1.33215,-1.7366,8354.42,1.32968,-1.59304,0
7759.99,1.32396,-1.65999,0,0,-1.02405,9.57316,1.32396,-1.65999,8346.68,1.23525,-1.64367,0
7771.99,1.30525,-1.59086,0,0,-1.55894,5.76097,1.30525,-1.59086,8338.69,1.39489,-1.55812,0
7780.21,1.27139,-1.53159,0,0,-4.11758,7.20841,1.27139,-1.53159,8332.63,1.14344,-1.43019,0
7791.66,1.22335,-1.53235,0,0,-4.19493,-0.066873,1.22335,-1.53235,8328.62,1.23881,-1.49348,0
7800.68,1.15031,-1.54272,0,0,-8.09933,-1.14972,1.15031,-1.54272,8326.24,1.35581,-1.37951,0
7811.5,1.04863,-1.6938,0,0,-9.39746,-13.9628,1.04863,-1.6938,8325.02,1.02713,-2.18142,0
7820.18,0.948397,-2.28565,0,0,-11.548,-68.1862,0.948397,-2.28565,8324.39,0.829357,-3.16921,0
7831.97,0.88777,-3.37457,0,0,-5.14091,-92.3357,0.88777,-3.37457,8324.15,0.775602,-4.93381,0
7839.96,0.864862,-4.56379,0,0,-2.86742,-148.858,0.864862,-4.56379,8324.19,0.776849,-5.23662,0
7851.79,0.845326,-5.04562,0,0,-1.65083,-40.7161,0.845326,-5.04562,8324.25,0.843764,-5.13352,0
7860.65,0.826163,-5.06576,0,0,-2.1629,-2.2724,0.826163,-5.06576,8324.21,0.798583,-5.13233,0
7871.3,0.813773,-5.06012,0,0,-1.16415,0.529526,0.813773,-5.06012,8324.3,0.878475,-4.99547,0
7880.77,0.802919,-4.9104,0,0,-1.14555,15.8021,0.802919,-4.9104,8324.94,0.775353,-4.81156,0
7891.64,0.795604,-4.81621,0,0,-0.673052,8.66639,0.795604,-4.81621,8326.58,0.809869,-4.76333,0
7899.66,0.789778,-4.79543,0,0,-0.726253,2.59009,0.789778,-4.79543,8330.3,0.863567,-4.81656,0
7912.18,0.779829,-4.69259,0,0,-0.795035,8.21856,0.779829,-4.69259,8337.55,0.649069,-4.60769,0
7920.22,0.765125,-4.56057,0,0,-1.82756,16.4082,0.765125,-4.56057,8347.84,0.732489,-4.51607,0
7931.4,0.74456,-4.50652,0,0,-1.84053,4.83708,0.74456,-4.50652,8358.15,0.825467,-4.47184,0
7940.2,0.716469,-4.47403,0,0,-3.18963,3.68931,0.716469,-4.47403,8365.74,0.679811,-4.45287,0
7951.97,0.689599,-4.43718,0,0,-2.28254,3.13002,0.689599,-4.43718,8370.8,0.766904,-4.41699,0
7960.17,0.673383,-4.40013,0,0,-1.97858,4.5207,0.673383,-4.40013,8376.5,0.653344,-4.33721,0
7971.64,0.666179,-4.33459,0,0,-0.628088,5.71427,0.666179,-4.33459,8387.21,0.621955,-4.25563,0
7984.72,0.661892,-4.20582,0,0,-0.327691,9.84227,0.661892,-4.20582,8403.98,0.638487,-4.1189,0
7992.21,0.660494,-4.0679,0,0,-0.186622,18.4188,0.660494,-4.0679,8421.56,0.61562,-3.96531,0
8003.39,0.665677,-3.98842,0,0,0.463669,7.1109,0.665677,-3.98842,8435.37,0.518751,-4.0222,0
8012.18,0.673875,-3.93321,0,0,0.932526,6.2801,0.673875,-3.93321,8445.98,0.742617,-3.8442,0
8023.98,0.678047,-3.87478,0,0,0.353524,4.95133,0.678047,-3.87478,8453.68,0.768966,-3.71352,0
8032,0.677189,-3.79113,0,0,-0.107055,10.4379,0.677189,-3.79113,8457.59,0.751419,-3.84224,0
8043.97,0.675362,-3.72783,0,0,-0.152556,5.28564,0.675362,-3.72783,8458.6,0.717059,-3.74471,0
8052.23,0.671579,-3.69231,0,0,-0.458303,4.30252,0.671579,-3.69231,8457.62,0.711634,-3.54262,0
8063.5,0.659274,-3.60849,0,0,-1.09125,7.43354,0.659274,-3.60849,8452.9,0.627503,-3.67205,0
8072.19,0.641295,-3.53283,0,0,-2.07005,8.71067,0.641295,-3.53283,8440.95,0.612494,-3.49242,0
8083.52,0.62301,-3.45044,0,0,-1.61392,7.27241,0.62301,-3.45044,8420.42,0.542371,-3.39138,0
8091.5,0.601278,-3.30842,0,0,-2.72116,17.7837,0.601278,-3.30842,8394.85,0.621891,-3.22342,0
8104.17,0.575582,-3.21712,0,0,-2.02814,7.20566,0.575582,-3.21712,8368.76,0.525057,-3.20194,0
8112.46,0.551906,-3.20099,0,0,-2.85909,1.94835,0.551906,-3.20099,8339.49,0.438498,-3.21282,0
8123.4,0.535606,-3.17391,0,0,-1.48914,2.47339,0.535606,-3.17391,8300.55,0.433849,-3.04232,0
8132.43,0.526819,-3.12338,0,0,-0.973472,5.59889,0.526819,-3.12338,8253.5,0.481568,-3.09932,0
8143.51,0.521957,-3.08514,0,0,-0.438942,3.45177,0.521957,-3.08514,8208.1,0.539496,-2.97007,0
8151.49,0.516206,-3.04676,0,0,-0.720448,4.8087,0.516206,-3.04676,8171.36,0.524789,-3.06904,0
8164.18,0.507289,-2.99485,0,0,-0.702649,4.09063,0.507289,-2.99485,8140.73,0.477585,-3.08078,0
8172.16,0.495898,-2.90161,0,0,-1.42784,11.6866,0.495898,-2.90161,8109.87,0.50025,-2.82885,0
8183.51,0.485536,-2.81938,0,0,-0.912925,7.24532,0.485536,-2.81938,8078.79,0.342315,-2.81787,0
8192.21,0.47228,-2.74036,0,0,-1.52233,9.07424,0.47228,-2.74036,8052.94,0.523015,-2.66868,0
8203.49,0.450469,-2.65464,0,0,-1.93355,7.59872,0.450469,-2.65464,8034.04,0.296634,-2.52678,0
8211.48,0.423614,-2.62476,0,0,-3.36196,3.74097,0.423614,-2.62476,8019.01,0.409033,-2.59135,0
8224.18,0.397693,-2.60839,0,0,-2.04165,1.28979,0.397693,-2.60839,8004.63,0.372993,-2.6188,0
8236.45,0.37737,-2.53387,0,0,-1.65604,6.07215,0.37737,-2.53387,7988.19,0.477956,-2.456,0
8243.95,0.365919,-2.44947,0,0,-1.5266,11.2517,0.365919,-2.44947,7969.21,0.315835,-2.40248,0
8255.49,0.361185,-2.41525,0,0,-0.410181,2.96474,0.361185,-2.41525,7951.04,0.358784,-2.39661,0
8264.41,0.356379,-2.39328,0,0,-0.538862,2.46361,0.356379,-2.39328,7937.13,0.394637,-2.37929,0
8275.49,0.3483,-2.35664,0,0,-0.729107,3.30642,0.3483,-2.35664,7927.99,0.296112,-2.28302,0
8283.5,0.336055,-2.23505,0,0,-1.52833,15.1757,0.336055,-2.23505,7921.61,0.253561,-2.14212,0
8296.69,0.326987,-2.1285,0,0,-0.687544,8.07936,0.326987,-2.1285,7915.69,0.381214,-2.08304,0
8303.96,0.32392,-2.09923,0,0,-0.422129,4.02824,0.32392,-2.09923,7909.99,0.318882,-2.08848,0
8315.49,0.320566,-2.04198,0,0,-0.290709,4.962,0.320566,-2.04198,7905.9,0.288468,-1.83331,0
8324.43,0.315973,-1.94236,0,0,-0.514178,11.1516,0.315973,-1.94236,7904.01,0.215807,-2.00606,0
8335.38,0.314262,-1.8837,0,0,-0.156291,5.35854,0.314262,-1.8837,7903.51,0.198555,-1.89895,0
8343.37,0.315431,-1.87586,0,0,0.146309,0.98022,0.315431,-1.87586,7903.64,0.319154,-1.87125,0
8356.46,0.31641,-1.873,0,0,0.0747903,0.218849,0.31641,-1.873,7904.59,0.388569,-1.86334,0
8364.16,0.314158,-1.81023,0,0,-0.292326,8.1473,0.314158,-1.81023,7907.08,0.352778,-1.63812,0
8375.37,0.309831,-1.70198,0,0,-0.386123,9.65919,0.309831,-1.70198,7911.16,0.353568,-1.54968,0
8384.4,0.307869,-1.62927,0,0,-0.217213,8.05005,0.307869,-1.62927,7915.8,0.263959,-1.57609,0
8395.49,0.310171,-1.6071,0,0,0.207501,1.99868,0.310171,-1.6071,7920.97,0.312984,-1.64584,0
8403.49,0.318503,-1.57939,0,0,1.04214,3.46552,0.318503,-1.57939,7928.83,0.269779,-1.6452,0
8416.01,0.348347,-1.55498,0,0,2.38354,1.94941,0.348347,-1.55498,7942.31,0.262838,-1.31797,0
8424.49,0.43775,-1.54861,0,0,10.5478,0.752187,0.43775,-1.54861,7962.41,0.0992262,-1.24437,0
8435.27,0.623648,-1.54521,0,0,17.2335,0.314845,0.623648,-1.54521,7984.46,0.778134,-1.66577,0
8443.76,0.896879,-1.75362,0,0,32.1827,-24.5483,0.896879,-1.75362,8000.64,1.31197,-1.97728,0
8456.43,1.19326,-2.33806,0,0,23.3921,-46.1279,1.19326,-2.33806,8008.4,1.50386,-2.8098,0
8463.01,1.42042,-2.68518,0,0,34.5606,-52.8096,1.42042,-2.68518,8011.65,1.60741,-2.80788,0
8474.97,1.54669,-2.69115,0,0,10.5556,-0.49884,1.54669,-2.69115,8014.95,1.62475,-2.68008,0
8488.47,1.60198,-2.68544,0,0,4.09356,0.423032,1.60198,-2.68544,8020.63,1.67561,-2.69877,0
8496.69,1.62302,-2.63878,0,0,2.55941,5.67466,1.62302,-2.63878,8029.07,1.65484,-2.5195,0
8507.96,1.63174,-2.54996,0,0,0.774357,7.88316,1.63174,-2.54996,8038.71,1.60946,-2.49981,0
8515.96,1.63486,-2.47398,0,0,0.389273,9.49709,1.63486,-2.47398,8047.23,1.53786,-2.31572,0
8527.96,1.634,-2.40121,0,0,-0.0714997,6.06354,1.634,-2.40121,8053.29,1.6504,-2.40012,0
8535.96,1.63039,-2.30111,0,0,-0.45176,12.5188,1.63039,-2.30111,8056.97,1.67124,-2.18226,0
8547.5,1.62607,-2.19675,0,0,-0.374088,9.04542,1.62607,-2.19675,8059.33,1.63188,-2.08789,0
8556.17,1.62291,-2.12224,0,0,-0.364402,8.5939,1.62291,-2.12224,8061.48,1.61445,-2.10192,0
8567.63,1.61988,-2.04531,0,0,-0.264708,6.71209,1.61988,-2.04531,8064.15,1.52779,-1.98404,0
8576.18,1.61772,-1.98002,0,0,-0.252107,7.63204,1.61772,-1.98002,8067.59,1.54728,-1.99291,0
8587.5,1.61374,-1.85182,0,0,-0.351833,11.3311,1.61374,-1.85182,8071.67,1.53694,-1.73247,0
8595.48,1.61028,-1.70773,0,0,-0.433839,18.043,1.61028,-1.70773,8076.6,1.6082,-1.6328,0
8607.78,1.61198,-1.65695,0,0,0.138317,4.12746,1.61198,-1.65695,8082.86,1.66403,-1.7371,0
8616.45,1.6157,-1.62644,0,0,0.429616,3.52072,1.6157,-1.62644,8089.51,1.63085,-1.61259,0
8627.79,1.61842,-1.56977,0,0,0.240073,4.9963,1.61842,-1.56977,8094.52,1.62933,-1.51625,0
8635.94,1.61884,-1.50921,0,0,0.0503662,7.43652,1.61884,-1.50921,8097.5,1.56229,-1.50416,0
8647.48,1.61646,-1.46104,0,0,-0.205627,4.17259,1.61646,-1.46104,8099.76,1.66417,-1.34979,0
8655.48,1.60448,-1.35748,0,0,-1.4978,12.951,1.60448,-1.35748,8102.35,1.58699,-1.2201,0
8667.78,1.5666,-1.26581,0,0,-3.08085,7.45383,1.5666,-1.26581,8105.94,1.65038,-1.15976,0
8676.62,1.45708,-1.26967,0,0,-12.3821,-0.436163,1.45708,-1.26967,8110.8,1.69794,-1.03458,0
8687.36,1.22058,-1.30027,0,0,-22.0221,-2.84958,1.22058,-1.30027,8115.59,1.17536,-1.26213,0
8696.77,0.910694,-1.65841,0,0,-32.9318,-38.059,0.910694,-1.65841,8118.19,0.471524,-2.0513,0
8707.48,0.657713,-2.1526,0,0,-23.632,-46.1651,0.657713,-2.1526,8117.84,0.487591,-2.67634,0
8715.47,0.526805,-2.3071,0,0,-16.384,-19.3364,0.526805,-2.3071,8114.07,0.482626,-2.56146,0
8728.15,0.487839,-2.31517,0,0,-3.07136,-0.635604,0.487839,-2.31517,8106.62,0.459035,-2.38362,0
8740.15,0.481713,-2.31445,0,0,-0.510518,0.0593293,0.481713,-2.31445,8094.98,0.451672,-2.26903,0
8748.16,0.480475,-2.28593,0,0,-0.154581,3.56295,0.480475,-2.28593,8077.8,0.476918,-2.23618,0
8759.94,0.479147,-2.20316,0,0,-0.112762,7.02447,0.479147,-2.20316,8054.95,0.506963,-2.15842,0
8767.77,0.479958,-2.05465,0,0,0.10366,18.9749,0.479958,-2.05465,8028.29,0.469731,-1.94924,0
8779.78,0.490003,-1.91023,0,0,0.836133,12.0221,0.490003,-1.91023,8003.15,0.468474,-1.86754,0
8787.77,0.511234,-1.83827,0,0,2.65722,9.0057,0.511234,-1.83827,7984.38,0.542711,-1.75284,0
8799.77,0.531186,-1.78119,0,0,1.66299,4.75727,0.531186,-1.78119,7971.14,0.578121,-1.75221,0
8808.72,0.540034,-1.70683,0,0,0.988394,8.30735,0.540034,-1.70683,7960.6,0.618362,-1.45409,0
8818.97,0.538475,-1.58883,0,0,-0.15211,11.5114,0.538475,-1.58883,7951.81,0.579032,-1.57123,0
8828.74,0.53226,-1.44041,0,0,-0.635924,15.1857,0.53226,-1.44041,7945.1,0.539652,-1.36068,0
8839.62,0.525834,-1.32161,0,0,-0.591055,10.9267,0.525834,-1.32161,7941.02,0.709031,-1.2449,0
8847.62,0.519566,-1.26698,0,0,-0.783423,6.82962,0.519566,-1.26698,7939.32,0.520562,-1.27642,0
8860.16,0.508972,-1.21278,0,0,-0.844423,4.32007,0.508972,-1.21278,7938.95,0.465433,-1.17403,0
8868.15,0.493122,-1.11648,0,0,-1.98383,12.0527,0.493122,-1.11648,7939.49,0.491806,-1.05778,0
8880.16,0.478792,-1.05403,0,0,-1.19287,5.19813,0.478792,-1.05403,7942.02,0.405343,-1.03815,0
8888.15,0.469119,-1.02879,0,0,-1.21071,3.15996,0.469119,-1.02879,7948.76,0.426926,-1.00303,0
8900.16,0.460385,-0.935273,0,0,-0.727707,7.79135,0.460385,-0.935273,7961.46,0.386173,-0.857515,0
8907.81,0.454974,-0.843176,0,0,-0.707225,12.0357,0.454974,-0.843176,7979.43,0.414629,-0.805125,0
8919.49,0.454863,-0.814074,0,0,-0.00943937,2.49009,0.454863,-0.814074,7998.82,0.47184,-0.877539,0
8928.8,0.457807,-0.764442,0,0,0.316267,5.33221,0.457807,-0.764442,8015.28,0.461415,-0.726054,0
8939.38,0.471692,-0.716447,0,0,1.31316,4.53894,0.471692,-0.716447,8028.66,0.387939,-0.69536,0
8948.71,0.512488,-0.667854,0,0,4.37107,5.20658,0.512488,-0.667854,8043.52,0.456987,-0.44324,0
8959.49,0.596621,-0.660295,0,0,7.80314,0.701104,0.596621,-0.660295,8062.71,0.65525,-0.43893,0
8967.47,0.709167,-0.658527,0,0,14.1035,0.221462,0.709167,-0.658527,8082.36,0.899232,-0.778867,0
8980.18,0.820084,-0.790341,0,0,8.7268,-10.3708,0.820084,-0.790341,8096.04,1.01628,-1.20045,0
8992.5,0.897204,-0.950814,0,0,6.26122,-13.0286,0.897204,-0.950814,8102.18,1.01868,-1.14508,0
8999.75,0.931326,-0.955497,0,0,4.7052,-0.645806,0.931326,-0.955497,8103.95,0.979423,-0.947941,0
9011.48,0.945365,-0.953766,0,0,1.19725,0.147644,0.945365,-0.953766,8104.43,0.962525,-0.896043,0
9020.41,0.95194,-0.935067,0,0,0.736121,2.09349,0.95194,-0.935067,8105.03,0.882679,-0.945929,0
9031.96,0.956625,-0.912417,0,0,0.405764,1.96155,0.956625,-0.912417,8106.73,0.921112,-0.910137,0
9039.96,0.955546,-0.806505,0,0,-0.134908,13.239,0.955546,-0.806505,8110.14,0.878375,-0.714993,0
9052.42,0.947785,-0.646885,0,0,-0.622457,12.8023,0.947785,-0.646885,8114.58,0.970844,-0.448649,0
9060.15,0.938042,-0.52201,0,0,-1.26083,16.1588,0.938042,-0.52201,8119.21,1.04532,-0.377631,0
9072.15,0.928369,-0.421953,0,0,-0.805975,8.33746,0.928369,-0.421953,8124.56,0.902078,-0.463256,0
9080.15,0.917348,-0.286675,0,0,-1.37829,16.9182,0.917348,-0.286675,8131.13,0.95157,-0.181679,0
9092.16,0.910173,-0.181731,0,0,-0.597185,8.73436,0.910173,-0.181731,8138.2,0.892905,-0.166546,0
9098.98,0.90897,-0.121547,0,0,-0.176458,8.82729,0.90897,-0.121547,8146.48,0.849411,0.0383516,0
9110.96,0.909326,-0.0378105,0,0,0.0297422,6.99261,0.909326,-0.0378105,8158.97,0.928154,0.0260237,0
9120.15,0.912867,0.00815333,0,0,0.385321,5.00204,0.912867,0.00815333,8176.51,0.912716,-0.00127586,0
9132.16,0.912811,0.119138,0,0,-0.00461995,9.23719,0.912811,0.119138,8195.42,0.83341,0.217278,0
9140.4,0.908855,0.272429,0,0,-0.480155,18.6055,0.908855,0.272429,8212.52,0.854639,0.325414,0
9151.75,0.907094,0.351627,0,0,-0.155163,6.97535,0.907094,0.351627,8228.25,0.903701,0.414831,0
9159.76,0.902887,0.451912,0,0,-0.525346,12.5247,0.902887,0.451912,8243.56,0.899959,0.531716,0
9171.48,0.89766,0.556213,0,0,-0.446188,8.90321,0.89766,0.556213,8260.23,0.895364,0.628148,0
9180.16,0.891629,0.671348,0,0,-0.694479,13.2583,0.891629,0.671348,8281.57,0.870448,0.798161,0
9191.61,0.886023,0.779666,0,0,-0.489804,9.46339,0.886023,0.779666,8306.93,0.891081,0.727928,0
9200.12,0.882587,0.84983,0,0,-0.403302,8.2362,0.882587,0.84983,8332.01,0.930582,1.00741,0
9211.94,0.879704,0.909476,0,0,-0.244099,5.04997,0.879704,0.909476,8357.13,0.869628,1.02698,0
9218.94,0.876642,0.969541,0,0,-0.437011,8.57215,0.876642,0.969541,8385.19,0.901947,0.919153,0
9230.96,0.873738,1.0224,0,0,-0.241698,4.39993,0.873738,1.0224,8416.35,0.855908,1.01542,0
9245,0.873519,1.02238,0,0,-0.0156528,-0.00108143,0.873519,1.02238,8455.52,0.868149,1.11793,0
9252.48,0.87528,0.967098,0,0,0.235563,-7.39287,0.87528,0.967098,8511.64,0.941462,1.21688,0
9262.95,0.878822,0.822379,0,0,0.338163,-13.8156,0.878822,0.822379,8578.69,0.923418,0.247475,0
9272.15,0.912039,0.0292521,0,0,3.61246,-86.2564,0.912039,0.0292521,8635,0.891536,-0.633983,0
9284.16,0.929023,-0.615616,0,0,1.41365,-53.6764,0.929023,-0.615616,8668.85,0.753142,-0.878027,0
9292.15,0.915541,-0.678447,0,0,-1.68648,-7.85978,0.915541,-0.678447,8686.91,0.829943,-0.564975,0
9304.15,0.905485,-0.705951,0,0,-0.838503,-2.29332,0.905485,-0.705951,8698.41,0.943637,-0.668294,0
9311.61,0.900081,-0.706322,0,0,-0.723948,-0.049727,0.900081,-0.706322,8707.08,0.897545,-0.846548,0
9323.63,0.89675,-0.680555,0,0,-0.277216,2.14401,0.89675,-0.680555,8715.25,0.900271,-0.743549,0
9332.42,0.894851,-0.659771,0,0,-0.215944,2.36422,0.894851,-0.659771,8726.2,0.887492,-0.454113,0
9344.41,0.88906,-0.554933,0,0,-0.483206,8.74746,0.88906,-0.554933,8741.26,0.912427,-0.492687,0
9351.76,0.880472,-0.402414,0,0,-1.16826,20.748,0.880472,-0.402414,8758.25,0.878925,-0.169257,0
9363.47,0.871108,-0.251566,0,0,-0.799288,12.8765,0.871108,-0.251566,8774.08,0.867706,-0.310688,0
9372.45,0.865224,-0.18072,0,0,-0.655719,7.89462,0.865224,-0.18072,8786.58,0.868444,-0.185975,0
9383.49,0.861816,-0.170055,0,0,-0.308705,0.965979,0.861816,-0.170055,8795.17,0.818497,-0.157421,0
9392.41,0.856143,-0.152994,0,0,-0.63587,1.91249,0.856143,-0.152994,8801.73,0.780299,-0.0890415,0
9404.39,0.847088,-0.126177,0,0,-0.755929,2.23863,0.847088,-0.126177,8808.64,0.860389,-0.116714,0
9411.81,0.836401,-0.0768283,0,0,-1.43934,6.64635,0.836401,-0.0768283,8815.6,0.819214,-0.0394888,0
9423.28,0.826769,0.00860472,0,0,-0.839679,7.44774,0.826769,0.00860472,8820.67,0.796497,0.147289,0
9431.24,0.819093,0.10834,0,0,-0.964868,12.5359,0.819093,0.10834,8823.47,0.759718,0.156726,0
9442.96,0.811972,0.218556,0,0,-0.607502,9.40321,0.811972,0.218556,8826.39,0.85717,0.289338,0
9450.96,0.81232,0.223269,0,0,0.0435089,0.588883,0.81232,0.223269,8834.68,0.78699,0.296763,0
9462.95,0.817748,0.214685,0,0,0.452879,-0.716236,0.817748,0.214685,8854.57,0.893435,0.435192,0
9470.93,0.843976,-0.0352629,0,0,3.2839,-31.2943,0.843976,-0.0352629,8884.49,0.822505,-0.858023,0
9482.94,0.926326,-1.18156,0,0,6.8596,-95.485,0.926326,-1.18156,8911.41,0.92557,-2.06297,0
9494.93,1.02609,-2.52759,0,0,8.32095,-112.263,1.02609,-2.52759,8925.52,1.02853,-3.95417,0
9502.94,1.12094,-3.67475,0,0,11.8415,-143.216,1.12094,-3.67475,8929.48,1.2121,-4.77289,0
9514.95,1.19217,-4.47003,0,0,5.92882,-66.2015,1.19217,-4.47003,8928.58,1.31283,-4.86745,0
9523.13,1.22396,-4.59344,0,0,3.88671,-15.0888,1.22396,-4.59344,8922.52,1.28367,-4.64747,0
9534.94,1.23744,-4.59662,0,0,1.14142,-0.269021,1.23744,-4.59662,8907.95,1.36567,-4.62549,0
9542.97,1.24242,-4.58847,0,0,0.621267,1.0139,1.24242,-4.58847,8884.45,1.46067,-4.46898,0
9555.03,1.23683,-4.40352,0,0,-0.464498,15.3423,1.23683,-4.40352,8857.14,1.15757,-4.25184,0
9562.94,1.22505,-4.22712,0,0,-1.48821,22.2958,1.22505,-4.22712,8832.93,1.11795,-4.20367,0
9574.98,1.21099,-4.1653,0,0,-1.16727,5.13143,1.21099,-4.1653,8813.55,1.28028,-4.08025,0
9582.95,1.19393,-4.01698,0,0,-2.14159,18.6246,1.19393,-4.01698,8794.91,1.19476,-3.8912,0
9594.94,1.17977,-3.8699,0,0,-1.18074,12.264,1.17977,-3.8699,8773.25,1.1649,-3.83963,0
9602.93,1.1702,-3.8216,0,0,-1.19732,6.04201,1.1702,-3.8216,8748.74,1.10771,-3.78263,0
9614.98,1.15976,-3.72099,0,0,-0.866734,8.35199,1.15976,-3.72099,8723.49,1.13705,-3.6346,0
9623.15,1.14937,-3.61069,0,0,-1.27164,13.5035,1.14937,-3.61069,8698.36,1.17693,-3.53269,0
9634.97,1.13871,-3.53904,0,0,-0.901742,6.06119,1.13871,-3.53904,8674.94,1.21503,-3.4045,0
9642.96,1.12704,-3.47309,0,0,-1.46145,8.25372,1.12704,-3.47309,8656.29,1.13486,-3.4507,0
9655,1.11843,-3.42218,0,0,-0.715125,4.22837,1.11843,-3.42218,8641.76,1.10916,-3.30569,0
9662.93,1.11321,-3.38046,0,0,-0.657593,5.25856,1.11321,-3.38046,8627.26,1.0921,-3.37395,0
9674.97,1.10605,-3.2973,0,0,-0.59503,6.91188,1.10605,-3.2973,8611.2,0.977549,-3.23278,0
9682.94,1.09669,-3.18301,0,0,-1.1736,14.3347,1.09669,-3.18301,8593.7,1.02433,-3.05945,0
9694.95,1.08708,-3.08206,0,0,-0.801088,8.40834,1.08708,-3.08206,8572.99,0.983941,-3.00712,0
9705.09,1.07427,-2.93804,0,0,-1.2623,14.196,1.07427,-2.93804,8549.09,1.1405,-2.82752,0
9715.48,1.06169,-2.83843,0,0,-1.21114,9.58838,1.06169,-2.83843,8526.91,1.12918,-2.85082,0
9723.45,1.04921,-2.73774,0,0,-1.56492,12.631,1.04921,-2.73774,8508.55,1.03281,-2.64593,0
9735.93,1.03706,-2.60352,0,0,-0.974009,10.757,1.03706,-2.60352,8489.14,0.95027,-2.50995,0
9748.15,1.02921,-2.53085,0,0,-0.642372,5.94782,1.02921,-2.53085,8463.53,1.0183,-2.55709,0
9756.15,1.02373,-2.46779,0,0,-0.684706,7.88041,1.02373,-2.46779,8431.8,1.0559,-2.35845,0
9768.12,1.01864,-2.37991,0,0,-0.425597,7.33977,1.01864,-2.37991,8397.66,1.04625,-2.22242,0
9776.73,1.01421,-2.30801,0,0,-0.514187,8.34714,1.01421,-2.30801,8362.2,1.06131,-2.28636,0
9787.34,1.0095,-2.24732,0,0,-0.44358,5.72093,1.0095,-2.24732,8323.48,0.977697,-2.10437,0
9795.36,1.00269,-2.16243,0,0,-0.850363,10.5946,1.00269,-2.16243,8282.06,0.971197,-2.29077,0
9808.68,0.995727,-2.10925,0,0,-0.52233,3.99106,0.995727,-2.10925,8240.1,0.997728,-2.1266,0
9816.14,0.988624,-2.06001,0,0,-0.951984,6.59913,0.988624,-2.06001,8198.39,1.01311,-1.91214,0
9828.16,0.980718,-1.96224,0,0,-0.65784,8.1356,0.980718,-1.96224,8159.04,0.945865,-1.90702,0
9836.14,0.973253,-1.84633,0,0,-0.935452,14.523,0.973253,-1.84633,8124.16,1.01351,-1.78607,0
9848.14,0.9651,-1.71406,0,0,-0.679169,11.0203,0.9651,-1.71406,8093.68,0.883267,-1.64468,0
9855.76,0.954504,-1.57677,0,0,-1.39112,18.024,0.954504,-1.57677,8068.48,0.96155,-1.51174,0
9868.69,0.941488,-1.45777,0,0,-1.00658,9.20236,0.941488,-1.45777,8047.26,1.01857,-1.38232,0
9876.14,0.929862,-1.39362,0,0,-1.56142,8.61523,0.929862,-1.39362,8024.34,0.923218,-1.28382,0
9887.37,0.917649,-1.33516,0,0,-1.08754,5.20639,0.917649,-1.33516,7996.04,0.94807,-1.39718,0
9896.72,0.900356,-1.24349,0,0,-1.84906,9.80155,0.900356,-1.24349,7964.19,0.819781,-1.20294,0
9907.49,0.878919,-1.19544,0,0,-1.99118,4.46362,0.878919,-1.19544,7934.57,0.870978,-1.19631,0
9915.47,0.850275,-1.10319,0,0,-3.58822,11.556,0.850275,-1.10319,7912.41,0.807199,-1.01792,0
9928.69,0.821456,-0.939154,0,0,-2.17907,12.4031,0.821456,-0.939154,7898.23,0.902876,-0.830884,0
9935.92,0.806339,-0.855944,0,0,-2.09097,11.5091,0.806339,-0.855944,7889.27,0.806921,-0.850714,0
9948.16,0.802769,-0.843753,0,0,-0.291832,0.996755,0.802769,-0.843753,7882.07,0.768216,-0.857672,0
9955.95,0.802853,-0.818048,0,0,0.0107783,3.29797,0.802853,-0.818048,7873.86,0.797437,-0.803726,0
9967.95,0.798634,-0.731783,0,0,-0.351491,7.18636,0.798634,-0.731783,7873.86,0.760941,-0.669517,0
9974.93,0.79033,-0.564388,0,0,-1.18973,23.9821,0.79033,-0.564388,7873.86,0.665746,-0.465762,0
9986.96,0.79033,-0.564388,0,0,0,0,0.79033,-0.564388,7873.86,0.81234,-0.413743,0
