Resolution,1920,1080,Distance,58,Width,47.5,Subject,V004GBAURA,Test,TIF2-03122018-135833,Calibration,CC9-03122018-135748,Oscann, 4.0.8,libTracker, 1.0.7,crtime, 11072018-163901
Time(ms),GazeX(deg),GazeY(deg),StimulusX(deg),StimulusY(deg),GazeVelX(deg/s),GazeVelY(deg/s),ErrorX(deg),ErrorY(deg),PupilArea(px^2),GazeRawX(deg),GazeRawY(deg),Blinks
0.0,-1.17186,1.19384,0.0,0.0,0.0,0.0,-1.17186,1.19384,5965.3,-1.16654,1.19206,0.0
11.751,-1.17186,1.19384,0.0,0.0,0.0,0.0,-1.17186,1.19384,5965.3,-1.17921,1.25978,0.0
18.923,-1.19653,1.2094,0.0,0.0,-3.44019,2.16963,-1.19653,1.2094,5965.3,-1.25194,1.25655,0.0
30.992,-1.22046,1.21749,0.0,0.0,-1.98272,0.6707,-1.22046,1.21749,5965.3,-1.25524,1.20121,0.0
40.372,-1.23083,1.22234,0.0,0.0,-1.10557,0.516918,-1.23083,1.22234,5981.31,-1.22201,1.23944,0.0
52.061,-1.23905,1.21591,0.0,0.0,-0.703267,-0.549867,-1.23905,1.21591,5989.89,-1.25527,1.20396,0.0
59.823,-1.24692,1.21167,0.0,0.0,-1.01384,-0.546962,-1.24692,1.21167,5997.77,-1.16117,1.21364,0.0
71.371,-1.25394,1.21665,0.0,0.0,-0.607693,0.431274,-1.25394,1.21665,6004.52,-1.27198,1.17921,0.0
80.282,-1.26084,1.21253,0.0,0.0,-0.774702,-0.462494,-1.26084,1.21253,6010.28,-1.28174,1.21336,0.0
91.356,-1.26133,1.20995,0.0,0.0,-0.0441178,-0.232545,-1.26133,1.20995,6016.21,-1.27461,1.24663,0.0
99.358,-1.26084,1.20956,0.0,0.0,0.0607466,-0.049619,-1.26084,1.20956,6023.76,-1.23288,1.16075,0.0
112.035,-1.24928,1.20224,0.0,0.0,0.911885,-0.577324,-1.24928,1.20224,6032.53,-1.1557,1.17075,0.0
120.31,-1.24174,1.18614,0.0,0.0,0.911479,-1.94498,-1.24174,1.18614,6040.82,-1.24262,1.22328,0.0
131.646,-1.23492,1.17282,0.0,0.0,0.601729,-1.17483,-1.23492,1.17282,6048.35,-1.21071,1.12414,0.0
143.659,-1.22961,1.16603,0.0,0.0,0.442344,-0.565654,-1.22961,1.16603,6055.98,-1.27475,1.13948,0.0
152.038,-1.22926,1.16569,0.0,0.0,0.0410008,-0.0399979,-1.22926,1.16569,6063.84,-1.22872,1.19869,0.0
164.044,-1.22644,1.16432,0.0,0.0,0.235105,-0.114822,-1.22644,1.16432,6071.74,-1.21904,1.16343,0.0
171.832,-1.22534,1.16392,0.0,0.0,0.14181,-0.0512898,-1.22534,1.16392,6080.37,-1.26366,1.09637,0.0
183.369,-1.22418,1.15799,0.0,0.0,0.100255,-0.513472,-1.22418,1.15799,6091.1,-1.19397,1.18997,0.0
192.287,-1.22043,1.15691,0.0,0.0,0.420841,-0.121706,-1.22043,1.15691,6103.78,-1.22535,1.16479,0.0
203.371,-1.20016,1.14164,0.0,0.0,1.82823,-1.37701,-1.20016,1.14164,6115.46,-1.16008,1.13309,0.0
212.334,-1.17295,1.09419,0.0,0.0,3.03575,-5.2943,-1.17295,1.09419,6124.1,-1.13306,1.03289,0.0
223.878,-1.16322,1.05718,0.0,0.0,0.843486,-3.20574,-1.16322,1.05718,6130.75,-1.1843,1.05434,0.0
231.843,-1.16365,1.04828,0.0,0.0,-0.0547787,-1.11768,-1.16365,1.04828,6135.82,-1.16239,0.985699,0.0
244.287,-1.1694,1.04094,0.0,0.0,-0.461814,-0.589983,-1.1694,1.04094,6138.53,-1.15839,1.06594,0.0
252.029,-1.17667,1.04921,0.0,0.0,-0.939785,1.06852,-1.17667,1.04921,6139.07,-1.19392,1.09377,0.0
264.297,-1.16867,1.0524,0.0,0.0,0.652531,0.259862,-1.16867,1.0524,6136.73,-1.19743,1.00717,0.0
272.3,-1.16798,1.06078,0.0,0.0,0.0858722,1.04688,-1.16798,1.06078,6126.09,-1.15982,1.06109,0.0
283.135,-1.17538,1.06937,0.0,0.0,-0.682396,0.793078,-1.17538,1.06937,6096.91,-1.14155,1.0863,0.0
291.134,-1.17525,1.08439,0.0,0.0,0.0158075,1.87696,-1.17525,1.08439,6039.5,-1.11559,1.08603,0.0
304.625,-1.18854,1.12243,0.0,0.0,-0.985164,2.82024,-1.18854,1.12243,5950.31,-1.20482,1.16747,0.0
312.347,-1.17087,1.15684,0.0,0.0,2.28885,4.45617,-1.17087,1.15684,5832.95,-1.22029,1.14204,0.0
323.148,-1.15335,1.17008,0.0,0.0,1.6214,1.2253,-1.15335,1.17008,5694.65,-1.22196,1.18407,0.0
332.255,-1.03499,1.27136,0.0,0.0,12.9972,11.1214,-1.03499,1.27136,5545.19,-0.597411,1.457,0.0
343.473,-0.452518,1.9099,0.0,0.0,51.9227,56.9208,-0.452518,1.9099,5398.09,0.177577,2.49958,0.0
351.476,-0.00838621,2.48627,0.0,0.0,55.4957,72.0196,-0.00838621,2.48627,5262.26,0.234242,2.6713,0.0
364.029,0.0148887,2.5717,0.0,0.0,1.85413,6.80537,0.0148887,2.5717,5135.18,0.012141,2.50175,0.0
372.298,0.0191489,2.62888,0.0,0.0,0.515208,6.9155,0.0191489,2.62888,5012.61,0.0177055,2.64233,0.0
383.127,0.0136289,2.64832,0.0,0.0,-0.509742,1.79444,0.0136289,2.64832,4892.86,0.00697549,2.61985,0.0
396.291,0.00492159,2.65098,0.0,0.0,-0.661452,0.202471,0.00492159,2.65098,4768.2,-0.0536132,2.72416,0.0
403.815,0.00679997,2.67925,0.0,0.0,0.249651,3.75774,0.00679997,2.67925,4634.2,-0.00682873,2.6932,0.0
415.816,0.0077066,2.6948,0.0,0.0,0.0755463,1.29519,0.0077066,2.6948,4501.92,-0.00693663,2.76835,0.0
423.834,0.00152936,2.71196,0.0,0.0,-0.770422,2.13994,0.00152936,2.71196,4383.42,0.0765843,2.69235,0.0
435.362,0.00434881,2.72939,0.0,0.0,0.244574,1.51238,0.00434881,2.72939,4280.74,0.0379446,2.69442,0.0
444.785,0.00601682,2.74927,0.0,0.0,0.177015,2.10928,0.00601682,2.74927,4190.27,0.00832382,2.84408,0.0
455.24,0.00633611,2.75325,0.0,0.0,0.0305392,0.381452,0.00633611,2.75325,4102.77,0.0220911,2.75161,0.0
464.59,0.0076109,2.77191,0.0,0.0,0.136341,1.99499,0.0076109,2.77191,4010.42,0.00364784,2.79216,0.0
475.348,0.00343309,2.78236,0.0,0.0,-0.388345,0.97158,0.00343309,2.78236,3918.66,0.00712747,2.84824,0.0
483.338,0.00257457,2.79049,0.0,0.0,-0.107449,1.01718,0.00257457,2.79049,3836.2,0.0327828,2.62643,0.0
496.021,-0.0117754,2.79194,0.0,0.0,-1.13144,0.114403,-0.0117754,2.79194,3760.88,-0.0386431,2.93537,0.0
504.286,-0.0372632,2.79271,0.0,0.0,-3.08382,0.0935318,-0.0372632,2.79271,3690.01,-0.00196853,2.76984,0.0
515.116,-0.054229,2.79326,0.0,0.0,-1.56655,0.0510899,-0.054229,2.79326,3626.47,-0.0664664,2.81496,0.0
524.282,-0.063066,2.77515,0.0,0.0,-0.964106,-1.97642,-0.063066,2.77515,3570.92,-0.0779755,2.75762,0.0
535.343,-0.0685262,2.74631,0.0,0.0,-0.493646,-2.60725,-0.0685262,2.74631,3523.5,-0.0761005,2.66983,0.0
543.348,-0.0715032,2.72152,0.0,0.0,-0.371895,-3.09655,-0.0715032,2.72152,3483.05,-0.0740003,2.67373,0.0
556.022,-0.0733588,2.71185,0.0,0.0,-0.146411,-0.762898,-0.0733588,2.71185,3444.03,-0.0905916,2.73722,0.0
564.268,-0.0775654,2.71181,0.0,0.0,-0.510137,-0.00512261,-0.0775654,2.71181,3403.52,-0.0292661,2.69992,0.0
575.471,-0.0903747,2.71323,0.0,0.0,-1.14338,0.126291,-0.0903747,2.71323,3364.12,-0.0993328,2.71108,0.0
584.257,-0.139319,2.72558,0.0,0.0,-5.57075,1.40643,-0.139319,2.72558,3329.16,-0.183286,2.73341,0.0
595.224,-0.187734,2.73096,0.0,0.0,-4.41458,0.490124,-0.187734,2.73096,3299.07,-0.208301,2.69558,0.0
603.217,-0.206346,2.75861,0.0,0.0,-2.32849,3.45979,-0.206346,2.75861,3269.9,-0.21468,2.82435,0.0
616.012,-0.22647,2.81419,0.0,0.0,-1.57282,4.34355,-0.22647,2.81419,3237.81,-0.267474,2.93343,0.0
624.273,-0.246198,2.85031,0.0,0.0,-2.38814,4.3724,-0.246198,2.85031,3205.17,-0.254667,2.87501,0.0
635.135,-0.252439,2.87792,0.0,0.0,-0.574547,2.54202,-0.252439,2.87792,3177.61,-0.277616,2.81892,0.0
647.16,-0.249634,2.91626,0.0,0.0,0.233239,3.18844,-0.249634,2.91626,3157.59,-0.252237,2.93273,0.0
655.136,-0.2495,2.9179,0.0,0.0,0.0167968,0.205234,-0.2495,2.9179,3143.1,-0.241811,2.96354,0.0
669.562,-0.249058,2.91877,0.0,0.0,0.0306545,0.0605901,-0.249058,2.91877,3130.73,-0.207479,2.8094,0.0
675.169,-0.239042,2.93808,0.0,0.0,1.78638,3.44302,-0.239042,2.93808,3118.93,-0.196734,3.0907,0.0
687.12,-0.239933,2.92549,0.0,0.0,-0.074548,-1.05297,-0.239933,2.92549,3107.56,-0.272109,2.83012,0.0
696.997,-0.246101,2.92093,0.0,0.0,-0.624535,-0.461955,-0.246101,2.92093,3097.06,-0.228371,3.00004,0.0
708.017,-0.25832,2.92173,0.0,0.0,-1.10877,0.0724448,-0.25832,2.92173,3088.7,-0.250529,2.90066,0.0
716.949,-0.262723,2.92209,0.0,0.0,-0.49299,0.0401489,-0.262723,2.92209,3082.63,-0.27362,2.90822,0.0
727.55,-0.270186,2.92076,0.0,0.0,-0.704004,-0.12541,-0.270186,2.92076,3077.12,-0.318476,2.97654,0.0
735.46,-0.294633,2.8778,0.0,0.0,-3.09058,-5.43128,-0.294633,2.8778,3071.35,-0.264851,2.8409,0.0
748.582,-0.318038,2.85841,0.0,0.0,-1.78367,-1.47708,-0.318038,2.85841,3065.83,-0.290208,2.84893,0.0
755.793,-0.328945,2.85845,0.0,0.0,-1.51251,0.00541452,-0.328945,2.85845,3060.6,-0.334196,2.81324,0.0
768.012,-0.334715,2.86135,0.0,0.0,-0.472264,0.237218,-0.334715,2.86135,3055.4,-0.328429,2.88346,0.0
776.003,-0.46629,2.9366,0.0,0.0,-16.4654,9.41652,-0.46629,2.9366,3051.11,-0.758061,3.08981,0.0
787.998,-1.27812,3.22875,0.0,0.0,-67.6803,24.3565,-1.27812,3.22875,3048.8,-2.00625,3.46224,0.0
795.616,-2.13787,3.60277,0.0,0.0,-112.859,49.0967,-2.13787,3.60277,3048.14,-2.64141,3.81067,0.0
807.465,-2.50384,3.73946,0.0,0.0,-30.8862,11.5358,-2.50384,3.73946,3048.34,-2.74649,3.79852,0.0
816.248,-2.76819,3.77624,0.0,0.0,-30.0972,4.18692,-2.76819,3.77624,3049.46,-2.8476,3.83174,0.0
827.307,-2.87605,3.78394,0.0,0.0,-9.75296,0.696894,-2.87605,3.78394,3052.16,-2.91023,3.73975,0.0
836.579,-2.91092,3.75302,0.0,0.0,-3.76128,-3.33548,-2.91092,3.75302,3057.04,-2.9164,3.78997,0.0
847.347,-2.92306,3.73683,0.0,0.0,-1.1274,-1.50319,-2.92306,3.73683,3064.18,-2.94528,3.72519,0.0
855.359,-2.92417,3.72973,0.0,0.0,-0.138594,-0.886527,-2.92417,3.72973,3072.14,-2.94516,3.68532,0.0
867.815,-2.92335,3.72937,0.0,0.0,0.0660556,-0.028293,-2.92335,3.72937,3078.69,-3.01575,3.60534,0.0
876.293,-2.90292,3.72675,0.0,0.0,2.40991,-0.30932,-2.90292,3.72675,3083.33,-2.875,3.72275,0.0
887.221,-2.87645,3.70199,0.0,0.0,2.422,-2.26554,-2.87645,3.70199,3088.35,-2.86567,3.80995,0.0
900.274,-2.84363,3.69118,0.0,0.0,2.51435,-0.828465,-2.84363,3.69118,3096.64,-2.78493,3.75696,0.0
907.788,-2.81112,3.68624,0.0,0.0,4.32612,-0.657554,-2.81112,3.68624,3108.64,-2.78939,3.61281,0.0
919.798,-2.81418,3.64072,0.0,0.0,-0.254507,-3.79017,-2.81418,3.64072,3121.96,-2.83515,3.62346,0.0
927.78,-2.8147,3.63785,0.0,0.0,-0.0657263,-0.358809,-2.8147,3.63785,3132.91,-2.81963,3.69689,0.0
939.422,-2.82221,3.61781,0.0,0.0,-0.645008,-1.72188,-2.82221,3.61781,3139.82,-2.8058,3.6002,0.0
948.166,-2.82266,3.6092,0.0,0.0,-0.0510151,-0.984968,-2.82266,3.6092,3143.72,-2.81905,3.71317,0.0
959.262,-2.82449,3.57605,0.0,0.0,-0.164956,-2.98765,-2.82449,3.57605,3145.61,-2.85657,3.50513,0.0
968.177,-2.797,3.52036,0.0,0.0,3.08369,-6.24639,-2.797,3.52036,3146.3,-2.76047,3.48583,0.0
979.28,-2.76196,3.48719,0.0,0.0,3.15611,-2.98766,-2.76196,3.48719,3147.11,-2.76047,3.48583,2.0
987.288,-2.75557,3.47894,0.0,0.0,0.797708,-1.02985,-2.75557,3.47894,3149.5,-2.76047,3.48583,2.0
999.948,-2.63556,3.32123,0.0,0.0,9.47938,-12.457,-2.63556,3.32123,3153.69,-2.17754,0.854424,0.0
1008.21,-2.4369,3.29862,0.0,0.0,24.0363,-2.73624,-2.4369,3.29862,3157.8,-2.46551,1.66706,0.0
1019.18,-2.36066,3.29364,0.0,0.0,6.95067,-0.453589,-2.36066,3.29364,3160.74,-2.70322,3.15891,0.0
1028.61,-2.35433,3.33073,0.0,0.0,0.670354,3.93222,-2.35433,3.33073,3166.41,-2.37251,3.51407,0.0
1039.32,-2.33584,3.56759,0.0,0.0,1.72776,22.1304,-2.33584,3.56759,3184.13,-2.27273,3.87893,0.0
1047.38,-2.32126,3.72344,0.0,0.0,1.80829,19.3291,-2.32126,3.72344,3219.8,-2.31907,3.75113,0.0
1059.81,-2.3097,3.86086,0.0,0.0,0.92965,11.0523,-2.3097,3.86086,3263.91,-2.30506,3.91116,0.0
1068.26,-2.30926,3.92828,0.0,0.0,0.052606,7.97758,-2.30926,3.92828,3300.41,-2.31129,3.94903,0.0
1079.48,-2.33392,3.95138,0.0,0.0,-2.19938,2.06,-2.33392,3.95138,3325.89,-2.33769,4.14995,0.0
1088.56,-2.3586,3.96972,0.0,0.0,-2.71616,2.01862,-2.3586,3.96972,3347.25,-2.36751,4.01886,0.0
1099.2,-2.36621,3.98416,0.0,0.0,-0.715186,1.35708,-2.36621,3.98416,3367.73,-2.3962,3.95714,0.0
1107.21,-2.36613,3.98858,0.0,0.0,0.00984306,0.552852,-2.36613,3.98858,3385.26,-2.32735,3.97139,0.0
1120.01,-2.36545,3.98661,0.0,0.0,0.0532934,-0.154558,-2.36545,3.98661,3400.13,-2.36156,4.09887,0.0
1128.33,-2.34683,3.96943,0.0,0.0,2.23538,-2.06305,-2.34683,3.96943,3417.95,-2.3197,3.98785,0.0
1139.8,-2.33707,3.96649,0.0,0.0,0.851521,-0.256063,-2.33707,3.96649,3442.31,-2.3179,3.91966,0.0
1152.27,-2.33959,3.93198,0.0,0.0,-0.202184,-2.76791,-2.33959,3.93198,3467.64,-2.34496,3.88257,0.0
1159.46,-2.33403,3.90183,0.0,0.0,0.772036,-4.19249,-2.33403,3.90183,3487.31,-2.35782,3.89615,0.0
1171.45,-2.34324,3.89392,0.0,0.0,-0.767469,-0.659604,-2.34324,3.89392,3503.71,-2.36243,3.95871,0.0
1180.01,-2.34439,3.89246,0.0,0.0,-0.13455,-0.170579,-2.34439,3.89246,3522.91,-2.28831,3.88525,0.0
1191.45,-2.35806,3.89314,0.0,0.0,-1.19519,0.0590321,-2.35806,3.89314,3546.34,-2.37029,3.86109,0.0
1200.0,-2.3487,3.88343,0.0,0.0,1.09452,-1.13486,-2.3487,3.88343,3572.31,-2.34835,3.69354,0.0
1211.45,-2.32896,3.86584,0.0,0.0,1.72376,-1.53672,-2.32896,3.86584,3599.41,-2.38774,3.94259,0.0
1220.59,-2.32843,3.85749,0.0,0.0,0.0584947,-0.912897,-2.32843,3.85749,3625.48,-2.32384,3.78869,0.0
1231.21,-2.32018,3.84047,0.0,0.0,0.777553,-1.60401,-2.32018,3.84047,3647.61,-2.31549,3.77278,0.0
1239.2,-2.30849,3.83055,0.0,0.0,1.46079,-1.24,-2.30849,3.83055,3665.66,-2.29923,3.85568,0.0
1251.21,-2.30223,3.81853,0.0,0.0,0.521924,-1.00133,-2.30223,3.81853,3683.49,-2.30058,3.80714,0.0
1259.2,-2.30128,3.81803,0.0,0.0,0.119198,-0.0619309,-2.30128,3.81803,3704.94,-2.24118,3.81709,0.0
1271.78,-2.30109,3.81968,0.0,0.0,0.0148918,0.130564,-2.30109,3.81968,3730.05,-2.26954,3.8541,0.0
1280.29,-2.30075,3.82001,0.0,0.0,0.0392353,0.0397056,-2.30075,3.82001,3755.96,-2.30453,3.7842,0.0
1291.33,-2.29305,3.82603,0.0,0.0,0.69746,0.544849,-2.29305,3.82603,3779.48,-2.34181,3.79655,0.0
1299.33,-2.28625,3.82578,0.0,0.0,0.850894,-0.0316905,-2.28625,3.82578,3799.29,-2.30342,3.86483,0.0
1312.0,-2.27528,3.8249,0.0,0.0,0.864897,-0.0692494,-2.27528,3.8249,3816.43,-2.21813,3.89193,0.0
1320.24,-2.2492,3.82245,0.0,0.0,3.16603,-0.297387,-2.2492,3.82245,3831.97,-2.21014,3.84294,0.0
1331.21,-2.24283,3.81414,0.0,0.0,0.580151,-0.757945,-2.24283,3.81414,3845.99,-2.28378,3.76569,0.0
1340.56,-2.23833,3.82213,0.0,0.0,0.481719,0.85478,-2.23833,3.82213,3858.78,-2.27298,3.74342,0.0
1351.31,-2.23985,3.79808,0.0,0.0,-0.141596,-2.23769,-2.23985,3.79808,3871.3,-2.20793,3.83955,0.0
1359.31,-2.22702,3.77843,0.0,0.0,1.6044,-2.45725,-2.22702,3.77843,3885.49,-2.19491,3.95521,0.0
1371.99,-2.20817,3.77614,0.0,0.0,1.48707,-0.180113,-2.20817,3.77614,3903.25,-2.19167,3.7896,0.0
1380.26,-2.20045,3.77429,0.0,0.0,0.933274,-0.224381,-2.20045,3.77429,3923.74,-2.16053,3.72798,0.0
1391.19,-2.2026,3.74538,0.0,0.0,-0.196511,-2.64325,-2.2026,3.74538,3943.32,-2.20438,3.70339,0.0
1404.56,-2.19852,3.72209,0.0,0.0,0.305078,-1.74223,-2.19852,3.72209,3959.01,-2.18481,3.72565,0.0
1411.99,-2.20025,3.70454,0.0,0.0,-0.232663,-2.36285,-2.20025,3.70454,3971.13,-2.23868,3.68875,0.0
1423.99,-2.21011,3.68568,0.0,0.0,-0.821938,-1.57156,-2.21011,3.68568,3981.99,-2.17643,3.60499,0.0
1431.59,-2.21592,3.68531,0.0,0.0,-0.764475,-0.0481237,-2.21592,3.68531,3993.77,-2.21963,3.6599,0.0
1443.43,-2.22325,3.68531,0.0,0.0,-0.618771,-0.000323947,-2.22325,3.68531,4006.68,-2.24187,3.69248,0.0
1452.24,-2.22541,3.67334,0.0,0.0,-0.245864,-1.35964,-2.22541,3.67334,4018.36,-2.20076,3.80049,0.0
1463.98,-2.23873,3.70601,0.0,0.0,-1.13475,2.78379,-2.23873,3.70601,4026.89,-2.24434,3.7759,0.0
1472.24,-2.23508,3.75339,0.0,0.0,0.441894,5.73046,-2.23508,3.75339,4032.93,-2.28635,3.67196,0.0
1483.21,-2.23272,3.77836,0.0,0.0,0.215616,2.27764,-2.23272,3.77836,4038.62,-2.27527,3.79656,0.0
1491.22,-2.23152,3.77885,0.0,0.0,0.149298,0.060535,-2.23152,3.77885,4046.62,-2.22007,3.7916,0.0
1504.25,-2.2061,3.76685,0.0,0.0,1.95039,-0.9202,-2.2061,3.76685,4058.41,-2.1872,3.77801,0.0
1511.77,-2.1954,3.76437,0.0,0.0,1.42296,-0.330366,-2.1954,3.76437,4072.48,-2.1317,3.69542,0.0
1523.44,-2.17572,3.73494,0.0,0.0,1.68572,-2.52097,-2.17572,3.73494,4086.95,-2.11889,3.71581,0.0
1532.24,-2.16102,3.71134,0.0,0.0,1.67116,-2.68281,-2.16102,3.71134,4101.93,-2.20742,3.72211,0.0
1543.29,-2.14697,3.63657,0.0,0.0,1.27147,-6.76599,-2.14697,3.63657,4117.51,-2.17415,3.56728,0.0
1551.3,-2.13141,3.57365,0.0,0.0,1.9421,-7.85289,-2.13141,3.57365,4132.84,-2.09049,3.53506,0.0
1564.23,-2.11435,3.56919,0.0,0.0,1.32019,-0.345329,-2.11435,3.56919,4147.24,-2.02951,3.46573,0.0
1571.76,-2.09719,3.55584,0.0,0.0,2.27985,-1.77318,-2.09719,3.55584,4160.63,-2.09384,3.61577,0.0
1583.44,-2.08967,3.54923,0.0,0.0,0.642815,-0.565669,-2.08967,3.54923,4172.89,-2.06421,3.61285,0.0
1592.23,-2.07654,3.55653,0.0,0.0,1.49403,0.831191,-2.07654,3.55653,4183.32,-2.10097,3.55039,0.0
1603.19,-2.05485,3.56334,0.0,0.0,1.98036,0.62203,-2.05485,3.56334,4192.06,-2.02284,3.53202,0.0
1611.19,-2.05368,3.56325,0.0,0.0,0.146938,-0.0118267,-2.05368,3.56325,4200.55,-1.98361,3.61575,0.0
1623.98,-2.04784,3.55434,0.0,0.0,0.456544,-0.69666,-2.04784,3.55434,4210.14,-2.05671,3.57927,0.0
1632.25,-2.04219,3.54748,0.0,0.0,0.682526,-0.829943,-2.04219,3.54748,4222.02,-2.13086,3.55601,0.0
1643.19,-2.04315,3.53443,0.0,0.0,-0.0870232,-1.19237,-2.04315,3.53443,4236.45,-2.03933,3.48558,0.0
1656.56,-2.04613,3.49921,0.0,0.0,-0.223213,-2.63296,-2.04613,3.49921,4251.08,-2.05657,3.51006,0.0
1663.98,-2.03936,3.49713,0.0,0.0,0.91392,-0.280943,-2.03936,3.49713,4262.48,-2.02028,3.42578,0.0
1675.99,-2.03291,3.49708,0.0,0.0,0.53698,-0.00404705,-2.03291,3.49708,4270.16,-1.99007,3.4808,0.0
1683.61,-2.0305,3.50772,0.0,0.0,0.315356,1.39657,-2.0305,3.50772,4276.72,-2.02739,3.53212,0.0
1695.63,-2.02539,3.51025,0.0,0.0,0.425333,0.210184,-2.02539,3.51025,4285.1,-2.02941,3.55401,0.0
1703.61,-2.02369,3.51022,0.0,0.0,0.212766,-0.00355833,-2.02369,3.51022,4297.39,-2.03974,3.50843,0.0
1715.6,-1.98845,3.5069,0.0,0.0,2.93816,-0.277047,-1.98845,3.5069,4314.33,-1.94533,3.51209,0.0
1724.96,-1.94944,3.49089,0.0,0.0,4.16988,-1.71112,-1.94944,3.49089,4333.4,-1.90833,3.41002,0.0
1735.2,-1.94182,3.44523,0.0,0.0,0.744035,-4.45938,-1.94182,3.44523,4349.34,-1.95771,3.39735,0.0
1743.19,-1.93961,3.40636,0.0,0.0,0.276489,-4.86145,-1.93961,3.40636,4360.43,-1.97242,3.47965,0.0
1755.97,-1.93956,3.40434,0.0,0.0,0.00386403,-0.15812,-1.93956,3.40434,4370.68,-1.91534,3.38908,0.0
1764.25,-1.93954,3.40117,0.0,0.0,0.00246692,-0.38225,-1.93954,3.40117,4382.86,-1.94426,3.39733,0.0
1775.2,-1.9316,3.40729,0.0,0.0,0.725659,0.559407,-1.9316,3.40729,4395.24,-1.94692,3.4126,0.0
1784.59,-1.92527,3.40734,0.0,0.0,0.673477,0.00484102,-1.92527,3.40734,4406.99,-1.92376,3.45183,0.0
1795.98,-1.92379,3.41316,0.0,0.0,0.130067,0.511029,-1.92379,3.41316,4420.02,-1.91793,3.39118,0.0
1804.0,-1.9066,3.4168,0.0,0.0,2.14571,0.454406,-1.9066,3.4168,4434.14,-1.87095,3.4164,0.0
1815.31,-1.87383,3.41911,0.0,0.0,2.89781,0.20419,-1.87383,3.41911,4446.23,-1.83438,3.425,0.0
1824.79,-1.84621,3.41721,0.0,0.0,2.91261,-0.200854,-1.84621,3.41721,4454.83,-1.83476,3.45136,0.0
1835.31,-1.83623,3.41912,0.0,0.0,0.948718,0.181743,-1.83623,3.41912,4461.24,-1.88683,3.42306,0.0
1844.03,-1.83372,3.43366,0.0,0.0,0.28742,1.6675,-1.83372,3.43366,4466.51,-1.82918,3.33776,0.0
1855.97,-1.79086,3.75552,0.0,0.0,3.58715,26.9363,-1.79086,3.75552,4471.06,-1.77335,4.06566,0.0
1864.05,-1.50458,4.35225,0.0,0.0,35.4574,73.9075,-1.50458,4.35225,4476.25,-0.917655,5.19462,0.0
1875.3,-1.20803,5.11874,0.0,0.0,26.3452,68.0959,-1.20803,5.11874,4484.23,-1.09529,6.1584,0.0
1884.74,-1.12805,5.8255,0.0,0.0,8.47372,74.8767,-1.12805,5.8255,4495.87,-1.12028,6.00992,0.0
1895.2,-1.08662,6.05156,0.0,0.0,3.96343,21.6286,-1.08662,6.05156,4508.7,-1.10155,6.16354,0.0
1908.01,-1.08405,6.06043,0.0,0.0,0.201174,0.692013,-1.08405,6.06043,4518.96,-1.06054,6.07453,0.0
1916.24,-1.06344,6.06562,0.0,0.0,2.50432,0.630718,-1.06344,6.06562,4525.76,-1.0764,5.97644,0.0
1927.09,-1.05215,6.06441,0.0,0.0,1.04,-0.111425,-1.05215,6.06441,4530.65,-1.02665,6.00726,0.0
1935.07,-1.04254,6.04837,0.0,0.0,1.20471,-2.01071,-1.04254,6.04837,4535.12,-1.02519,6.05419,0.0
1948.22,-1.04312,6.03737,0.0,0.0,-0.0439541,-0.836489,-1.04312,6.03737,4541.08,-1.01893,6.08048,0.0
1955.84,-1.04332,6.03258,0.0,0.0,-0.0256902,-0.62865,-1.04332,6.03258,4550.41,-1.07762,5.94792,0.0
1967.44,-1.03812,6.02493,0.0,0.0,0.447969,-0.659439,-1.03812,6.02493,4562.02,-1.05722,6.01217,0.0
1975.98,-1.03888,6.01426,0.0,0.0,-0.0884869,-1.24986,-1.03888,6.01426,4572.05,-1.06046,6.07011,0.0
1987.97,-1.03892,6.00836,0.0,0.0,-0.00382466,-0.49221,-1.03892,6.00836,4578.25,-1.04565,5.89942,0.0
1995.97,-1.02765,5.99983,0.0,0.0,1.40867,-1.06594,-1.02765,5.99983,4582.28,-0.983414,6.01959,0.0
2007.18,-1.01925,5.99379,0.0,0.0,0.74933,-0.538367,-1.01925,5.99379,4586.9,-1.0029,5.9857,0.0
2016.22,-1.00686,5.99212,0.0,0.0,1.3691,-0.185427,-1.00686,5.99212,4592.75,-1.04491,6.00214,0.0
2027.29,-0.995367,5.97805,0.0,0.0,1.03874,-1.27161,-0.995367,5.97805,4599.13,-0.992265,5.92089,0.0
2036.55,-0.985274,5.94407,0.0,0.0,1.08972,-3.66779,-0.985274,5.94407,4606.02,-0.96417,5.85755,0.0
2047.29,-0.962432,5.93514,0.0,0.0,2.12719,-0.832355,-0.962432,5.93514,4612.93,-0.941283,5.96205,0.0
2055.29,-0.950662,5.91757,0.0,0.0,1.47206,-2.19638,-0.950662,5.91757,4618.02,-0.954477,5.8886,0.0
2067.97,-0.951331,5.90469,0.0,0.0,-0.0527817,-1.01617,-0.951331,5.90469,4619.94,-0.945829,5.94574,0.0
2076.29,-0.949207,5.93307,0.0,0.0,0.255407,3.41239,-0.949207,5.93307,4618.94,-0.944779,5.95685,0.0
2087.43,-0.962114,5.9361,0.0,0.0,-1.1584,0.272464,-0.962114,5.9361,4616.36,-0.983653,5.88742,0.0
2095.77,-0.975078,5.95548,0.0,0.0,-1.55384,2.32233,-0.975078,5.95548,4614.21,-0.967307,5.95699,0.0
2107.81,-0.99611,5.97389,0.0,0.0,-1.74626,1.52851,-0.99611,5.97389,4613.01,-1.01241,5.9963,0.0
2115.77,-1.04239,5.98525,0.0,0.0,-5.81826,1.42904,-1.04239,5.98525,4611.41,-1.07386,5.99523,0.0
2127.3,-1.07244,5.98784,0.0,0.0,-2.60689,0.224645,-1.07244,5.98784,4608.1,-1.08357,6.01157,0.0
2135.98,-1.07633,5.98814,0.0,0.0,-0.448765,0.0339677,-1.07633,5.98814,4601.85,-1.07264,5.96601,0.0
2147.42,-1.07865,5.98837,0.0,0.0,-0.202655,0.0203869,-1.07865,5.98837,4590.92,-1.09413,5.92444,0.0
2159.96,-1.07888,6.02068,0.0,0.0,-0.0183938,2.57584,-1.07888,6.02068,4572.72,-1.01465,5.92519,0.0
2168.02,-1.0686,6.77907,0.0,0.0,1.27539,94.0927,-1.0686,6.77907,4544.99,-1.14662,7.52062,0.0
2179.95,-1.20207,8.1553,0.0,0.0,-11.1864,115.35,-1.20207,8.1553,4510.86,-1.32702,8.82972,0.0
2187.98,-1.68455,9.07164,0.0,0.0,-60.0923,114.129,-1.68455,9.07164,4479.83,-2.00265,9.79149,0.0
2199.31,-2.00808,9.63916,0.0,0.0,-28.5604,50.0985,-2.00808,9.63916,4459.5,-2.10551,10.2895,0.0
2208.22,-2.01463,9.99093,0.0,0.0,-0.734908,39.4804,-2.01463,9.99093,4449.63,-1.97048,10.1147,0.0
2219.28,-2.06203,10.0417,0.0,0.0,-4.28419,4.58673,-2.06203,10.0417,4445.83,-1.93043,10.1364,0.0
2228.56,-2.08925,10.0451,0.0,0.0,-2.93382,0.374326,-2.08925,10.0451,4444.85,-2.09245,10.0576,0.0
2239.28,-2.08995,10.0496,0.0,0.0,-0.0649156,0.411656,-2.08995,10.0496,4445.48,-2.10012,9.9329,0.0
2247.29,-2.09228,10.0499,0.0,0.0,-0.290723,0.0433769,-2.09228,10.0499,4447.34,-2.09579,10.0079,0.0
2259.96,-2.09785,10.0507,0.0,0.0,-0.440346,0.0618802,-2.09785,10.0507,4450.18,-2.1226,10.0813,0.0
2268.23,-2.09914,10.0609,0.0,0.0,-0.155586,1.23846,-2.09914,10.0609,4454.44,-2.11154,10.0779,0.0
2279.17,-2.10458,10.0803,0.0,0.0,-0.497522,1.77346,-2.10458,10.0803,4460.41,-2.10898,10.0936,0.0
2288.55,-2.10469,10.0814,0.0,0.0,-0.0114657,0.108693,-2.10469,10.0814,4466.31,-2.09366,10.0828,0.0
2299.3,-2.10049,10.0856,0.0,0.0,0.391155,0.399051,-2.10049,10.0856,4470.34,-2.12477,10.117,0.0
2307.31,-2.07082,10.0872,0.0,0.0,3.70058,0.198846,-2.07082,10.0872,4472.93,-2.03825,10.0518,0.0
2319.76,-2.04247,10.0836,0.0,0.0,2.27782,-0.292733,-2.04247,10.0836,4475.0,-1.99129,10.1329,0.0
2328.22,-2.03156,10.0824,0.0,0.0,1.28864,-0.137234,-2.03156,10.0824,4476.59,-2.06255,10.0883,0.0
2339.16,-2.0251,10.0741,0.0,0.0,0.591195,-0.76568,-2.0251,10.0741,4477.49,-2.02165,10.0814,0.0
2348.53,-2.00209,10.0722,0.0,0.0,2.45435,-0.201331,-2.00209,10.0722,4477.91,-1.98093,10.0098,0.0
2359.29,-1.97814,10.0705,0.0,0.0,2.2258,-0.156364,-1.97814,10.0705,4478.24,-1.99214,10.0478,0.0
2367.27,-1.96148,10.0675,0.0,0.0,2.08837,-0.37099,-1.96148,10.0675,4478.6,-1.93029,10.0278,0.0
2379.97,-1.93177,10.0658,0.0,0.0,2.33994,-0.136527,-1.93177,10.0658,4478.88,-1.88991,10.0733,0.0
2388.22,-1.92448,10.0733,0.0,0.0,0.883961,0.905783,-1.92448,10.0733,4479.12,-1.88858,10.0637,0.0
2399.06,-1.92243,10.0816,0.0,0.0,0.188761,0.766453,-1.92243,10.0816,4479.47,-1.94058,10.1139,0.0
2412.57,-1.90383,10.0807,0.0,0.0,1.3768,-0.0638185,-1.90383,10.0807,4479.68,-1.9291,10.0888,0.0
2420.2,-1.92288,10.0826,0.0,0.0,-2.49624,0.240116,-1.92288,10.0826,4479.47,-1.96328,10.1599,0.0
2431.06,-1.9374,10.0835,0.0,0.0,-1.3371,0.0916186,-1.9374,10.0835,4479.13,-1.89985,10.0358,0.0
2439.07,-1.96227,10.0847,0.0,0.0,-3.10458,0.142465,-1.96227,10.0847,4478.93,-1.98924,10.0812,0.0
2452.21,-1.97641,10.0738,0.0,0.0,-1.07671,-0.830837,-1.97641,10.0738,4478.62,-2.02375,10.0528,0.0
2459.73,-1.97695,10.0736,0.0,0.0,-0.0713798,-0.0203609,-1.97695,10.0736,4477.66,-2.00089,10.0985,0.0
2471.42,-1.97453,10.0811,0.0,0.0,0.206738,0.637005,-1.97453,10.0811,4475.57,-1.96473,10.0654,0.0
2480.2,-1.93808,10.0803,0.0,0.0,4.15228,-0.0921184,-1.93808,10.0803,4471.99,-1.90277,10.0929,0.0
2491.27,-1.90958,10.0786,0.0,0.0,2.57611,-0.146842,-1.90958,10.0786,4467.17,-1.8725,10.0614,0.0
2499.29,-1.90573,10.0784,0.0,0.0,0.479443,-0.0308189,-1.90573,10.0784,4462.52,-1.91896,10.0942,0.0
2511.99,-1.90551,10.0784,0.0,0.0,0.0171366,-0.00114527,-1.90551,10.0784,4458.82,-1.89642,10.0613,0.0
2520.28,-1.90275,10.0781,0.0,0.0,0.332428,-0.0337794,-1.90275,10.0781,4455.39,-1.84977,10.1042,0.0
2531.41,-1.89105,10.0751,0.0,0.0,1.05174,-0.26602,-1.89105,10.0751,4451.91,-1.9231,10.0436,0.0
2539.58,-1.87213,10.0738,0.0,0.0,2.31629,-0.160616,-1.87213,10.0738,4449.14,-1.85792,10.0821,0.0
2551.57,-1.86074,10.0729,0.0,0.0,0.950578,-0.0773338,-1.86074,10.0729,4447.73,-1.86887,10.0018,0.0
2560.21,-1.86016,10.0735,0.0,0.0,0.0664409,0.0692629,-1.86016,10.0735,4447.34,-1.85924,10.1024,0.0
2571.16,-1.85744,10.0887,0.0,0.0,0.248537,1.39164,-1.85744,10.0887,4447.65,-1.8382,10.1263,0.0
2580.51,-1.8512,10.1066,0.0,0.0,0.667035,1.90885,-1.8512,10.1066,4449.45,-1.87397,10.0486,0.0
2591.27,-1.85098,10.1089,0.0,0.0,0.0205262,0.215898,-1.85098,10.1089,4454.49,-1.83378,10.1224,0.0
2599.94,-1.85691,10.1094,0.0,0.0,-0.683619,0.0535703,-1.85691,10.1094,4463.47,-1.84132,10.1479,0.0
2611.95,-1.8751,10.1106,0.0,0.0,-1.51518,0.104013,-1.8751,10.1106,4474.35,-1.9496,10.1119,0.0
2620.01,-1.88773,10.112,0.0,0.0,-1.56614,0.165955,-1.88773,10.112,4484.18,-1.80725,10.0921,0.0
2631.27,-1.89987,10.1061,0.0,0.0,-1.0788,-0.524376,-1.89987,10.1061,4491.91,-1.92362,10.0982,0.0
2639.97,-1.90792,10.1006,0.0,0.0,-0.925077,-0.627943,-1.90792,10.1006,4499.35,-1.886,10.1621,0.0
2651.55,-1.91835,10.0745,0.0,0.0,-0.900488,-2.25461,-1.91835,10.0745,4509.18,-1.79014,10.0457,0.0
2663.96,-2.12561,9.99883,0.0,0.0,-16.7003,-6.09703,-2.12561,9.99883,4523.39,-2.65595,9.85318,0.0
2672.01,-3.04032,9.81549,0.0,0.0,-113.558,-22.7609,-3.04032,9.81549,4542.91,-3.77905,9.67488,0.0
2683.95,-4.23388,9.66767,0.0,0.0,-100.005,-12.3849,-4.23388,9.66767,4565.23,-4.73928,9.64893,0.0
2691.57,-4.83994,9.65384,0.0,0.0,-79.5143,-1.8143,-4.83994,9.65384,4585.16,-5.47442,9.53497,0.0
2703.44,-5.08202,9.66001,0.0,0.0,-20.3975,0.519598,-5.08202,9.66001,4601.5,-5.20039,9.66581,0.0
2712.26,-5.23196,9.63052,0.0,0.0,-17.004,-3.34409,-5.23196,9.63052,4616.57,-5.22353,9.53583,0.0
2723.29,-5.2638,9.59104,0.0,0.0,-2.88443,-3.57653,-5.2638,9.59104,4631.52,-5.33383,9.57914,0.0
2732.55,-5.26759,9.5715,0.0,0.0,-0.410337,-2.11198,-5.26759,9.5715,4648.53,-5.33151,9.60001,0.0
2743.28,-5.27459,9.5671,0.0,0.0,-0.651688,-0.410054,-5.27459,9.5671,4669.83,-5.2655,9.51374,0.0
2751.27,-5.27346,9.58007,0.0,0.0,0.141198,1.62325,-5.27346,9.58007,4691.24,-5.24187,9.50918,0.0
2763.95,-5.27931,9.58595,0.0,0.0,-0.461816,0.463487,-5.27931,9.58595,4706.29,-5.27696,9.6366,0.0
2772.27,-5.26398,9.58685,0.0,0.0,1.84219,0.107443,-5.26398,9.58685,4715.21,-5.28489,9.68405,0.0
2783.16,-5.27573,9.59138,0.0,0.0,-1.07931,0.415944,-5.27573,9.59138,4724.48,-5.32524,9.70804,0.0
2792.55,-5.28586,9.59223,0.0,0.0,-1.07851,0.0911181,-5.28586,9.59223,4740.95,-5.24968,9.59782,0.0
2803.27,-5.28564,9.59107,0.0,0.0,0.0204419,-0.108354,-5.28564,9.59107,4767.02,-5.26524,9.5666,0.0
2811.26,-5.26973,9.56202,0.0,0.0,1.99005,-3.63262,-5.26973,9.56202,4799.01,-5.31278,9.52091,0.0
2823.74,-5.23806,9.51496,0.0,0.0,2.53819,-3.77148,-5.23806,9.51496,4830.19,-5.22159,9.45926,0.0
2832.19,-5.21755,9.48685,0.0,0.0,2.42728,-3.32699,-5.21755,9.48685,4855.7,-5.21925,9.4385,0.0
2843.14,-5.21433,9.48554,0.0,0.0,0.294447,-0.119944,-5.21433,9.48554,4875.62,-5.19342,9.44849,0.0
2852.53,-5.20713,9.48573,0.0,0.0,0.766653,0.0209626,-5.20713,9.48573,4892.84,-5.22539,9.52004,0.0
2863.26,-5.1929,9.50125,0.0,0.0,1.32683,1.44665,-5.1929,9.50125,4909.27,-5.20915,9.52186,0.0
2871.27,-5.18124,9.51832,0.0,0.0,1.4536,2.12917,-5.18124,9.51832,4927.8,-5.1365,9.57048,0.0
2883.95,-5.18462,9.53287,0.0,0.0,-0.266391,1.14761,-5.18462,9.53287,4951.83,-5.14541,9.51062,0.0
2892.75,-5.17956,9.54648,0.0,0.0,0.575389,1.5471,-5.17956,9.54648,4979.19,-5.21278,9.57841,0.0
2903.16,-5.17178,9.54653,0.0,0.0,0.747312,0.00516097,-5.17178,9.54653,5003.98,-5.19697,9.55873,0.0
2916.56,-5.17121,9.54585,0.0,0.0,0.0421683,-0.0510211,-5.17121,9.54585,5024.77,-5.18737,9.538,0.0
2924.52,-5.16547,9.52948,0.0,0.0,0.721951,-2.05541,-5.16547,9.52948,5044.15,-5.16476,9.49088,0.0
2934.75,-5.15418,9.49752,0.0,0.0,1.10311,-3.12485,-5.15418,9.49752,5062.46,-5.13011,9.47232,0.0
2942.76,-5.13276,9.46479,0.0,0.0,2.67508,-4.08653,-5.13276,9.46479,5078.64,-5.10713,9.42218,0.0
2956.19,-5.10527,9.44099,0.0,0.0,2.04704,-1.77224,-5.10527,9.44099,5095.32,-5.07817,9.41724,0.0
2964.2,-5.09219,9.43918,0.0,0.0,1.63451,-0.225927,-5.09219,9.43918,5114.9,-5.07065,9.3858,0.0
2975.94,-5.09159,9.43969,0.0,0.0,0.0507247,0.0428805,-5.09159,9.43969,5133.22,-5.09068,9.43282,0.0
2984.19,-5.09032,9.45294,0.0,0.0,0.154347,1.60718,-5.09032,9.45294,5145.44,-5.08643,9.4926,0.0
2995.54,-5.09816,9.47549,0.0,0.0,-0.691028,1.98734,-5.09816,9.47549,5152.86,-5.10694,9.48788,0.0
3003.54,-5.09851,9.47646,0.0,0.0,-0.0434325,0.120834,-5.09851,9.47646,5159.76,-5.11244,9.4738,0.0
3016.53,-5.09847,9.47598,0.0,0.0,0.00270881,-0.0365504,-5.09847,9.47598,5170.26,-5.17848,9.49354,0.0
3024.19,-5.09667,9.46392,0.0,0.0,0.235475,-1.57621,-5.09667,9.46392,5187.23,-5.0515,9.43724,0.0
3036.19,-5.07344,9.43318,0.0,0.0,1.93455,-2.56015,-5.07344,9.43318,5209.46,-5.06715,9.38654,0.0
3044.2,-5.0621,9.38625,0.0,0.0,1.41764,-5.86507,-5.0621,9.38625,5232.0,-4.99477,9.32921,0.0
3055.56,-5.05432,9.34387,0.0,0.0,0.684767,-3.73093,-5.05432,9.34387,5251.52,-5.0699,9.31942,0.0
3063.54,-5.03336,9.32152,0.0,0.0,2.62421,-2.79845,-5.03336,9.32152,5269.4,-4.98073,9.32136,0.0
3076.52,-5.01236,9.31239,0.0,0.0,1.6186,-0.703366,-5.01236,9.31239,5289.32,-5.05253,9.27027,0.0
3084.16,-5.00562,9.27866,0.0,0.0,0.881748,-4.41306,-5.00562,9.27866,5314.82,-5.00117,9.30999,0.0
3096.18,-4.77684,8.97663,0.0,0.0,19.0423,-25.1404,-4.77684,8.97663,5351.03,-4.16676,8.19852,0.0
3104.16,-4.02831,8.03938,0.0,0.0,93.7311,-117.361,-4.02831,8.03938,5397.92,-2.80469,6.61084,0.0
3115.95,-2.91965,6.19508,0.0,0.0,94.0579,-156.469,-2.91965,6.19508,5442.03,-2.29659,4.9244,0.0
3124.21,-2.23493,4.665,0.0,0.0,82.896,-185.24,-2.23493,4.665,5470.73,-2.14395,4.11858,0.0
3135.4,-2.09196,4.27008,0.0,0.0,12.7771,-35.2955,-2.09196,4.27008,5485.46,-1.96726,4.29267,0.0
3144.52,-2.00451,4.19298,0.0,0.0,9.58519,-8.4502,-2.00451,4.19298,5493.36,-1.94407,4.24963,0.0
3155.25,-1.94873,4.16447,0.0,0.0,5.19746,-2.65609,-1.94873,4.16447,5498.78,-1.9296,4.15428,0.0
3167.93,-1.941,4.16249,0.0,0.0,0.609778,-0.15591,-1.941,4.16249,5503.77,-1.89861,4.1827,0.0
3176.27,-1.93878,4.14913,0.0,0.0,0.266163,-1.60363,-1.93878,4.14913,5509.51,-1.94281,4.14548,0.0
3187.03,-1.9262,4.04491,0.0,0.0,1.16829,-9.68138,-1.9262,4.04491,5516.14,-2.02038,3.97171,0.0
3195.02,-1.63725,3.61993,0.0,0.0,36.1727,-53.2015,-1.63725,3.61993,5523.49,-0.746504,2.6805,0.0
3208.19,-1.09154,2.5625,0.0,0.0,41.4424,-80.3033,-1.09154,2.5625,5531.46,-0.795608,0.888539,0.0
3215.72,-0.825365,1.45491,0.0,0.0,35.3441,-147.071,-0.825365,1.45491,5538.97,-0.848509,0.900219,0.0
3227.26,-0.751536,1.04838,0.0,0.0,6.39935,-35.2368,-0.751536,1.04838,5544.65,-0.612568,1.03378,0.0
3236.19,-0.666386,1.01985,0.0,0.0,9.52776,-3.19315,-0.666386,1.01985,5548.46,-0.682217,0.983354,0.0
3247.25,-0.663884,1.00501,0.0,0.0,0.226192,-1.34171,-0.663884,1.00501,5551.62,-0.657763,1.01249,0.0
3255.25,-0.664029,1.00376,0.0,0.0,-0.0181135,-0.156317,-0.664029,1.00376,5555.45,-0.623921,1.0237,0.0
3268.52,-0.670261,0.98947,0.0,0.0,-0.469802,-1.07709,-0.670261,0.98947,5559.89,-0.837202,0.993181,0.0
3275.92,-0.671886,0.977025,0.0,0.0,-0.219517,-1.68172,-0.671886,0.977025,5563.97,-0.708167,0.941911,0.0
3287.12,-0.674075,0.949627,0.0,0.0,-0.195404,-2.4454,-0.674075,0.949627,5567.5,-0.64037,0.936158,0.0
3296.2,-0.675369,0.933283,0.0,0.0,-0.142573,-1.80019,-0.675369,0.933283,5571.4,-0.720209,0.919999,0.0
3308.22,-0.677112,0.914714,0.0,0.0,-0.145083,-1.54555,-0.677112,0.914714,5576.88,-0.648435,0.866636,0.0
3314.74,-0.684416,0.890654,0.0,0.0,-1.11909,-3.68668,-0.684416,0.890654,5584.1,-0.610364,0.882202,0.0
3326.77,-0.668477,0.858517,0.0,0.0,1.32538,-2.67229,-0.668477,0.858517,5591.21,-0.710945,0.815808,0.0
3336.53,-0.666753,0.827971,0.0,0.0,0.176631,-3.13042,-0.666753,0.827971,5596.49,-0.695505,0.841601,0.0
3347.73,-0.675988,0.816435,0.0,0.0,-0.824355,-1.0297,-0.675988,0.816435,5600.18,-0.656942,0.817577,0.0
3356.49,-0.686258,0.815363,0.0,0.0,-1.17184,-0.122308,-0.686258,0.815363,5602.96,-0.703628,0.768148,0.0
3367.02,-0.68634,0.814328,0.0,0.0,-0.00776409,-0.098293,-0.68634,0.814328,5604.8,-0.583958,0.805006,0.0
3375.03,-0.678382,0.790577,0.0,0.0,0.994367,-2.96778,-0.678382,0.790577,5605.64,-0.698657,0.733125,0.0
3387.93,-0.679236,0.770707,0.0,0.0,-0.0661263,-1.53958,-0.679236,0.770707,5605.86,-0.705138,0.771874,0.0
3396.19,-0.673606,0.7633,0.0,0.0,0.681805,-0.897019,-0.673606,0.7633,5605.73,-0.590258,0.741056,0.0
3407.92,-0.677519,0.763457,0.0,0.0,-0.33368,0.0133898,-0.677519,0.763457,5605.04,-0.630405,0.76828,0.0
3419.71,-0.676736,0.76632,0.0,0.0,0.0663312,0.242602,-0.676736,0.76632,5603.12,-0.704752,0.757173,0.0
3427.93,-0.658436,0.784304,0.0,0.0,2.22707,2.18868,-0.658436,0.784304,5599.34,-0.665557,0.839055,0.0
3439.94,-0.656275,0.797731,0.0,0.0,0.179899,1.1178,-0.656275,0.797731,5593.16,-0.760844,0.83001,0.0
3447.93,-0.647903,0.79758,0.0,0.0,1.0488,-0.0188861,-0.647903,0.79758,5584.38,-0.615164,0.771964,0.0
3459.23,-0.645005,0.78615,0.0,0.0,0.256287,-1.01091,-0.645005,0.78615,5572.94,-0.56384,0.857788,0.0
3468.17,-0.666628,0.508455,0.0,0.0,-2.41979,-31.076,-0.666628,0.508455,5556.49,-0.723686,0.248831,0.0
3479.25,-0.712586,-0.0762421,0.0,0.0,-4.14785,-52.7705,-0.712586,-0.0762421,5530.09,-0.737045,-0.567646,0.0
3488.17,-0.753389,-0.422975,0.0,0.0,-4.57481,-38.8758,-0.753389,-0.422975,5494.65,-0.764542,-0.417983,0.0
3499.26,-0.772784,-0.448454,0.0,0.0,-1.7487,-2.29722,-0.772784,-0.448454,5458.51,-0.781776,-0.460138,0.0
3507.27,-0.780869,-0.454024,0.0,0.0,-1.0086,-0.69485,-0.780869,-0.454024,5425.12,-0.781603,-0.491786,0.0
3519.94,-0.792019,-0.447335,0.0,0.0,-0.880053,0.527943,-0.792019,-0.447335,5391.68,-0.831558,-0.439573,0.0
3528.19,-0.796365,-0.446284,0.0,0.0,-0.527115,0.127444,-0.796365,-0.446284,5358.46,-0.830967,-0.465652,0.0
3539.14,-0.796071,-0.436985,0.0,0.0,0.0268332,0.849334,-0.796071,-0.436985,5327.49,-0.752318,-0.400581,0.0
3547.94,-0.801607,-0.436105,0.0,0.0,-0.628957,0.100001,-0.801607,-0.436105,5297.99,-0.784719,-0.386854,0.0
3559.92,-0.801983,-0.436329,0.0,0.0,-0.0313911,-0.0187401,-0.801983,-0.436329,5266.7,-0.768007,-0.466655,0.0
3568.0,-0.805076,-0.436588,0.0,0.0,-0.38254,-0.0320432,-0.805076,-0.436588,5231.26,-0.811707,-0.420874,0.0
3579.25,-0.818001,-0.447232,0.0,0.0,-1.14925,-0.946442,-0.818001,-0.447232,5195.51,-0.841617,-0.465844,0.0
3587.93,-0.827307,-0.446939,0.0,0.0,-1.07274,0.0337678,-0.827307,-0.446939,5165.69,-0.856236,-0.477167,0.0
3599.53,-0.835722,-0.445455,0.0,0.0,-0.724914,0.127845,-0.835722,-0.445455,5140.94,-0.83516,-0.452692,0.0
3607.98,-0.83733,-0.427131,0.0,0.0,-0.190384,2.16958,-0.83733,-0.427131,5114.42,-0.81022,-0.320603,0.0
3619.93,-0.839872,-0.401316,0.0,0.0,-0.212655,2.15932,-0.839872,-0.401316,5082.35,-0.878611,-0.478017,0.0
3627.93,-0.858038,-0.3915,0.0,0.0,-2.27249,1.22789,-0.858038,-0.3915,5048.13,-0.796345,-0.355918,0.0
3639.24,-0.879869,-0.373466,0.0,0.0,-1.93056,1.59484,-0.879869,-0.373466,5017.36,-0.928594,-0.416579,0.0
3647.93,-0.90405,-0.387216,0.0,0.0,-2.78194,-1.58199,-0.90405,-0.387216,4991.83,-0.907425,-0.367516,0.0
3659.37,-0.928137,-0.386189,0.0,0.0,-2.10499,0.0897798,-0.928137,-0.386189,4970.0,-0.936061,-0.325606,0.0
3671.93,-0.929762,-0.393992,0.0,0.0,-0.12944,-0.62142,-0.929762,-0.393992,4949.78,-0.958273,-0.394696,0.0
3679.93,-0.929782,-0.400498,0.0,0.0,-0.00244342,-0.813365,-0.929782,-0.400498,4928.16,-0.958889,-0.446118,0.0
3691.91,-0.920763,-0.42289,0.0,0.0,0.752421,-1.86799,-0.920763,-0.42289,4901.86,-0.88055,-0.445942,0.0
3699.54,-0.927413,-0.44503,0.0,0.0,-0.871858,-2.90247,-0.927413,-0.44503,4871.69,-0.868791,-0.407795,0.0
3711.28,-0.910733,-0.462096,0.0,0.0,1.42154,-1.45443,-0.910733,-0.462096,4843.89,-0.902636,-0.503639,0.0
3720.21,-0.897556,-0.486793,0.0,0.0,1.47442,-2.7634,-0.897556,-0.486793,4824.23,-0.976666,-0.55515,0.0
3731.38,-0.897708,-0.501205,0.0,0.0,-0.0135871,-1.29034,-0.897708,-0.501205,4811.55,-0.924497,-0.497814,0.0
3739.92,-0.89089,-0.517304,0.0,0.0,0.798588,-1.88588,-0.89089,-0.517304,4799.38,-0.882449,-0.568411,0.0
3751.93,-0.878885,-0.528128,0.0,0.0,0.999804,-0.901413,-0.878885,-0.528128,4783.33,-0.844705,-0.526328,0.0
3759.92,-0.876036,-0.529179,0.0,0.0,0.35643,-0.131531,-0.876036,-0.529179,4765.34,-0.876916,-0.543684,0.0
3771.24,-0.87663,-0.538266,0.0,0.0,-0.0524513,-0.802956,-0.87663,-0.538266,4750.77,-0.849623,-0.526179,0.0
3780.17,-0.885957,-0.546166,0.0,0.0,-1.04421,-0.884396,-0.885957,-0.546166,4741.98,-0.871692,-0.495976,0.0
3791.2,-1.13215,-0.806973,0.0,0.0,-22.312,-23.6367,-1.13215,-0.806973,4736.34,-1.37168,-1.32569,0.0
3800.44,-1.99517,-2.99185,0.0,0.0,-93.4516,-236.587,-1.99517,-2.99185,4729.48,-3.53052,-4.97584,0.0
3811.2,-3.5804,-5.7556,0.0,0.0,-147.257,-256.734,-3.5804,-5.7556,4718.16,-5.72118,-8.01832,0.0
3819.23,-4.92972,-7.99811,0.0,0.0,-168.098,-279.37,-4.92972,-7.99811,4701.23,-5.81986,-9.9511,0.0
3831.91,-5.39494,-9.62814,0.0,0.0,-36.6859,-128.542,-5.39494,-9.62814,4679.93,-5.34538,-9.55346,0.0
3840.16,-5.52098,-9.8165,0.0,0.0,-15.2805,-22.8345,-5.52098,-9.8165,4657.27,-5.47015,-9.82115,0.0
3851.12,-5.52824,-9.82087,0.0,0.0,-0.661537,-0.398693,-5.52824,-9.82087,4636.44,-5.58267,-9.84435,0.0
3860.17,-5.47672,-9.81006,0.0,0.0,5.69446,1.19548,-5.47672,-9.81006,4620.31,-5.61232,-9.81942,0.0
3871.23,-5.4738,-9.80894,0.0,0.0,0.264159,0.101079,-5.4738,-9.80894,4608.83,-5.47166,-9.71075,0.0
3879.23,-5.45772,-9.79442,0.0,0.0,2.00904,1.8149,-5.45772,-9.79442,4597.86,-5.39558,-9.75931,0.0
3891.92,-5.42732,-9.79672,0.0,0.0,2.39675,-0.180836,-5.42732,-9.79672,4584.17,-5.39202,-9.7884,0.0
3900.2,-5.42606,-9.79745,0.0,0.0,0.151956,-0.0889984,-5.42606,-9.79745,4569.09,-5.39707,-9.81106,0.0
3911.94,-5.42741,-9.8119,0.0,0.0,-0.115355,-1.22994,-5.42741,-9.8119,4555.76,-5.41736,-9.84601,0.0
3924.18,-5.43368,-9.82637,0.0,0.0,-0.511875,-1.18218,-5.43368,-9.82637,4544.86,-5.48351,-9.81045,0.0
3931.53,-5.45302,-9.82813,0.0,0.0,-2.6342,-0.240484,-5.45302,-9.82813,4535.19,-5.50718,-9.83069,0.0
3943.53,-5.45483,-9.83613,0.0,0.0,-0.150434,-0.666684,-5.45483,-9.83613,4526.77,-5.45701,-9.8248,0.0
3952.19,-5.46267,-9.83888,0.0,0.0,-0.906363,-0.316833,-5.46267,-9.83888,4519.45,-5.47859,-9.86577,0.0
3963.12,-5.47065,-9.85405,0.0,0.0,-0.728925,-1.38725,-5.47065,-9.85405,4511.39,-5.4326,-9.86181,0.0
3972.16,-5.47329,-9.86573,0.0,0.0,-0.292576,-1.29213,-5.47329,-9.86573,4501.22,-5.53548,-9.91793,0.0
3983.24,-5.47351,-9.87277,0.0,0.0,-0.0193819,-0.635675,-5.47351,-9.87277,4488.56,-5.45411,-9.87523,0.0
3992.5,-5.46443,-9.87817,0.0,0.0,0.980154,-0.582735,-5.46443,-9.87817,4473.86,-5.50197,-9.87578,0.0
4003.23,-5.46368,-9.88261,0.0,0.0,0.0698391,-0.413974,-5.46368,-9.88261,4459.65,-5.44594,-9.88718,0.0
4011.23,-5.44861,-9.89091,0.0,0.0,1.88545,-1.03781,-5.44861,-9.89091,4449.36,-5.44545,-9.91774,0.0
4023.9,-5.44812,-9.89512,0.0,0.0,0.0388922,-0.33206,-5.44812,-9.89512,4443.25,-5.44485,-9.90372,0.0
4031.93,-5.44513,-9.89787,0.0,0.0,0.372371,-0.342986,-5.44513,-9.89787,4438.05,-5.44158,-9.87647,0.0
4043.91,-5.44497,-9.89799,0.0,0.0,0.0134755,-0.0097338,-5.44497,-9.89799,4430.59,-5.47578,-9.89743,0.0
4051.92,-5.44413,-9.89817,0.0,0.0,0.103899,-0.0235758,-5.44413,-9.89817,4420.73,-5.43718,-9.91181,0.0
4063.92,-5.44018,-9.90086,0.0,0.0,0.329912,-0.223562,-5.44018,-9.90086,4410.37,-5.51435,-9.87603,0.0
4071.93,-5.43265,-9.89842,0.0,0.0,0.939774,0.304542,-5.43265,-9.89842,4399.47,-5.42037,-9.89,0.0
4083.91,-5.43199,-9.8939,0.0,0.0,0.0548635,0.376749,-5.43199,-9.8939,4385.65,-5.30408,-9.91469,0.0
4091.91,-5.43223,-9.89072,0.0,0.0,-0.0296904,0.397585,-5.43223,-9.89072,4368.29,-5.38441,-9.87068,0.0
4103.93,-5.43303,-9.89078,0.0,0.0,-0.0662854,-0.004782,-5.43303,-9.89078,4349.88,-5.43665,-9.89191,0.0
4111.92,-5.4522,-9.89467,0.0,0.0,-2.39768,-0.486314,-5.4522,-9.89467,4333.78,-5.50972,-9.91168,0.0
4123.93,-5.48309,-9.88577,0.0,0.0,-2.57404,0.741124,-5.48309,-9.88577,4320.39,-5.49458,-9.87739,0.0
4131.92,-5.50454,-9.8915,0.0,0.0,-2.6834,-0.716671,-5.50454,-9.8915,4307.29,-5.53753,-9.93005,0.0
4143.23,-5.52085,-9.88821,0.0,0.0,-1.44141,0.291083,-5.52085,-9.88821,4293.45,-5.50092,-9.8099,0.0
4152.18,-5.53998,-9.88592,0.0,0.0,-2.13727,0.256313,-5.53998,-9.88592,4279.75,-5.54611,-9.88022,0.0
4163.3,-5.55263,-9.88822,0.0,0.0,-1.13771,-0.206951,-5.55263,-9.88822,4266.75,-5.60537,-9.91865,0.0
4176.52,-5.55324,-9.88948,0.0,0.0,-0.0465496,-0.0955485,-5.55324,-9.88948,4254.34,-5.58694,-9.86709,0.0
4183.77,-5.55416,-9.91688,0.0,0.0,-0.126665,-3.77739,-5.55416,-9.91688,4243.03,-5.54199,-10.0314,0.0
4195.7,-5.52479,-9.94248,0.0,0.0,2.46207,-2.14649,-5.52479,-9.94248,4233.3,-5.47254,-9.98692,0.0
4203.93,-5.48596,-9.955,0.0,0.0,4.71773,-1.52124,-5.48596,-9.955,4224.58,-5.48246,-9.89355,0.0
4215.23,-5.48576,-9.97337,0.0,0.0,0.0184393,-1.62605,-5.48576,-9.97337,4216.39,-5.44916,-9.92705,0.0
4224.51,-5.48585,-9.96762,0.0,0.0,-0.0106652,0.620494,-5.48585,-9.96762,4208.24,-5.48122,-10.0345,0.0
4235.23,-5.49867,-9.96882,0.0,0.0,-1.19451,-0.112181,-5.49867,-9.96882,4198.63,-5.54603,-9.98846,0.0
4244.16,-5.49636,-9.96917,0.0,0.0,0.258704,-0.0391747,-5.49636,-9.96917,4186.79,-5.59981,-9.94266,0.0
4255.23,-5.49568,-9.96885,0.0,0.0,0.0616845,0.0292202,-5.49568,-9.96885,4174.26,-5.52051,-9.96194,0.0
4263.23,-5.46252,-9.96323,0.0,0.0,4.14736,0.702816,-5.46252,-9.96323,4162.33,-5.39067,-9.9651,0.0
4276.51,-4.93723,-10.0136,0.0,0.0,39.5632,-3.7909,-4.93723,-10.0136,4150.22,-3.60708,-10.3891,0.0
4283.92,-3.51014,-10.1278,0.0,0.0,192.435,-15.4052,-3.51014,-10.1278,4138.12,-1.59617,-10.2601,0.0
4295.25,-1.29049,-10.3442,0.0,0.0,195.927,-19.1031,-1.29049,-10.3442,4128.36,0.0693871,-10.4742,0.0
4304.21,0.331489,-10.5039,0.0,0.0,181.024,-17.8247,0.331489,-10.5039,4121.48,0.898603,-10.5016,0.0
4316.21,0.694736,-10.5667,0.0,0.0,30.2706,-5.23487,0.694736,-10.5667,4115.92,0.696981,-10.6218,0.0
4322.72,0.71919,-10.6203,0.0,0.0,3.75624,-8.23107,0.71919,-10.6203,4111.1,0.719993,-10.7511,0.0
4334.74,0.729328,-10.6235,0.0,0.0,0.843319,-0.265555,0.729328,-10.6235,4107.01,0.670877,-10.6258,0.0
4344.52,0.719671,-10.6226,0.0,0.0,-0.987504,0.0910832,0.719671,-10.6226,4102.98,0.760874,-10.6251,0.0
4355.7,0.71865,-10.6238,0.0,0.0,-0.0913445,-0.100023,0.71865,-10.6238,4098.5,0.741879,-10.6077,0.0
4363.9,0.706747,-10.6226,0.0,0.0,-1.45319,0.139217,0.706747,-10.6226,4093.41,0.699707,-10.648,0.0
4375.92,0.701797,-10.6216,0.0,0.0,-0.411455,0.0871177,0.701797,-10.6216,4087.09,0.678701,-10.5647,0.0
4383.92,0.694355,-10.6238,0.0,0.0,-0.931351,-0.284404,0.694355,-10.6238,4078.48,0.600535,-10.6363,0.0
4395.22,0.680768,-10.6338,0.0,0.0,-1.20192,-0.877256,0.680768,-10.6338,4066.86,0.702615,-10.6236,0.0
4403.93,0.679539,-10.6521,0.0,0.0,-0.141141,-2.10696,0.679539,-10.6521,4052.92,0.714387,-10.6751,0.0
4415.52,0.723276,-10.7002,0.0,0.0,3.77299,-4.15019,0.723276,-10.7002,4037.59,0.633424,-10.8209,0.0
4427.89,1.68449,-10.7962,0.0,0.0,77.6926,-7.75621,1.68449,-10.7962,4021.14,2.6172,-11.0542,0.0
4435.91,3.24279,-10.9485,0.0,0.0,194.302,-18.9937,3.24279,-10.9485,4004.46,4.9725,-11.0709,0.0
4447.91,5.52368,-11.1613,0.0,0.0,190.042,-17.7273,5.52368,-11.1613,3988.35,7.26358,-11.2892,0.0
4455.53,7.54639,-11.2597,0.0,0.0,265.622,-12.9281,7.54639,-11.2597,3974.04,8.58508,-11.1947,0.0
4467.24,8.44328,-11.2231,0.0,0.0,76.5525,3.12258,8.44328,-11.2231,3964.35,9.63402,-11.1426,0.0
4476.19,9.14022,-11.2661,0.0,0.0,77.9406,-4.8066,9.14022,-11.2661,3960.1,9.356,-11.1982,0.0
4487.23,9.34532,-11.2658,0.0,0.0,18.5628,0.0239198,9.34532,-11.2658,3959.06,9.35257,-11.2402,0.0
4496.19,9.35469,-11.2678,0.0,0.0,1.04631,-0.219137,9.35469,-11.2678,3959.28,9.33674,-11.3384,0.0
4507.27,9.36151,-11.3122,0.0,0.0,0.615668,-4.00396,9.36151,-11.3122,3960.45,9.41247,-11.3028,0.0
4515.24,9.3756,-11.3272,0.0,0.0,1.76686,-1.88514,9.3756,-11.3272,3962.33,9.38349,-11.3384,0.0
4527.94,9.38968,-11.3325,0.0,0.0,1.10858,-0.417294,9.38968,-11.3325,3963.93,9.41453,-11.3811,0.0
4536.19,9.39692,-11.3299,0.0,0.0,0.878151,0.322345,9.39692,-11.3299,3964.7,9.36177,-11.3229,0.0
4547.38,9.39721,-11.3295,0.0,0.0,0.0263845,0.0312865,9.39721,-11.3295,3964.89,9.40908,-11.343,0.0
4556.2,9.39689,-11.3243,0.0,0.0,-0.0367338,0.590417,9.39689,-11.3243,3964.82,9.39815,-11.3176,0.0
4567.12,9.38747,-11.3215,0.0,0.0,-0.862523,0.256273,9.38747,-11.3215,3964.47,9.36065,-11.2804,0.0
4575.12,9.36976,-11.3197,0.0,0.0,-2.21255,0.230264,9.36976,-11.3197,3963.82,9.35976,-11.3111,0.0
4588.53,9.35694,-11.3189,0.0,0.0,-0.957064,0.0549027,9.35694,-11.3189,3963.05,9.34208,-11.3617,0.0
4595.92,9.35197,-11.3319,0.0,0.0,-0.672198,-1.76014,9.35197,-11.3319,3962.29,9.34784,-11.3259,0.0
4607.12,9.35149,-11.357,0.0,0.0,-0.0426553,-2.24183,9.35149,-11.357,3961.32,9.35257,-11.3791,0.0
4616.17,9.35136,-11.3684,0.0,0.0,-0.0144517,-1.25797,9.35136,-11.3684,3959.98,9.3733,-11.3888,0.0
4627.23,9.35135,-11.3689,0.0,0.0,-0.000471258,-0.0410475,9.35135,-11.3689,3958.44,9.33924,-11.3538,0.0
4635.23,9.35108,-11.3686,0.0,0.0,-0.034385,0.0314701,9.35108,-11.3686,3956.92,9.37339,-11.3812,0.0
4647.91,9.34495,-11.3629,0.0,0.0,-0.483649,0.450865,9.34495,-11.3629,3955.35,9.29768,-11.2978,0.0
4656.18,9.3472,-11.3629,0.0,0.0,0.27245,-0.000159093,9.3472,-11.3629,3952.89,9.25387,-11.3411,0.0
4667.19,9.33929,-11.3629,0.0,0.0,-0.719114,0.00594365,9.33929,-11.3629,3947.85,9.38818,-11.3723,0.0
4680.52,9.33873,-11.3802,0.0,0.0,-0.0414756,-1.29747,9.33873,-11.3802,3938.52,9.38059,-11.4059,0.0
4687.98,9.33891,-11.4001,0.0,0.0,0.0242635,-2.66873,9.33891,-11.4001,3925.15,9.33796,-11.4419,0.0
4699.95,9.34889,-11.4144,0.0,0.0,0.833682,-1.19461,9.34889,-11.4144,3911.39,9.38861,-11.4295,0.0
4707.27,9.36662,-11.4347,0.0,0.0,2.42036,-2.77524,9.36662,-11.4347,3900.72,9.33231,-11.3984,0.0
4719.73,9.34879,-11.4422,0.0,0.0,-1.43082,-0.604091,9.34879,-11.4422,3892.15,9.35786,-11.4776,0.0
4728.57,9.34437,-11.4543,0.0,0.0,-0.500363,-1.37239,9.34437,-11.4543,3882.53,9.37802,-11.4441,0.0
4739.12,9.32922,-11.4697,0.0,0.0,-1.43607,-1.45138,9.32922,-11.4697,3870.88,9.28997,-11.4533,0.0
4747.93,9.32599,-11.4693,0.0,0.0,-0.365871,0.0366112,9.32599,-11.4693,3858.81,9.32543,-11.4847,0.0
4759.93,9.32607,-11.4526,0.0,0.0,0.00609477,1.39128,9.32607,-11.4526,3847.61,9.3302,-11.5352,0.0
4767.92,9.32606,-11.4424,0.0,0.0,-0.000623468,1.28174,9.32606,-11.4424,3836.47,9.32671,-11.4206,0.0
4779.23,9.32623,-11.417,0.0,0.0,0.0151914,2.2486,9.32623,-11.417,3824.17,9.31438,-11.4004,0.0
4787.94,9.32266,-11.4055,0.0,0.0,-0.410373,1.31243,9.32266,-11.4055,3809.4,9.33688,-11.35,0.0
4799.37,9.28901,-11.3645,0.0,0.0,-2.94337,3.59087,9.28901,-11.3645,3788.35,9.27394,-11.4067,0.0
4807.9,9.03445,-11.109,0.0,0.0,-29.836,29.948,9.03445,-11.109,3759.99,8.84072,-10.9414,0.0
4819.87,8.20568,-10.0301,0.0,0.0,-69.22,90.1124,8.20568,-10.0301,3733.32,6.4895,-7.52218,0.0
4827.89,6.38425,-7.70066,0.0,0.0,-227.282,290.666,6.38425,-7.70066,3718.01,3.95588,-4.95466,0.0
4839.19,3.57285,-4.82552,0.0,0.0,-248.774,254.415,3.57285,-4.82552,3712.9,1.96156,-2.07893,0.0
4848.13,1.57021,-2.23785,0.0,0.0,-224.034,289.481,1.57021,-2.23785,3712.2,0.426397,-0.0634082,0.0
4859.66,0.474225,0.160013,0.0,0.0,-95.0634,207.985,0.474225,0.160013,3713.8,-0.941397,1.46528,0.0
4868.13,-0.775364,2.06987,0.0,0.0,-147.549,225.512,-0.775364,2.06987,3719.05,-1.38414,2.91354,0.0
4879.5,-1.38216,2.79135,0.0,0.0,-53.368,63.455,-1.38216,2.79135,3727.68,-1.41594,2.82984,0.0
4887.49,-1.44882,2.82299,0.0,0.0,-8.33527,3.95541,-1.44882,2.82299,3735.5,-1.5294,2.9608,0.0
4899.36,-1.51482,2.82762,0.0,0.0,-5.56313,0.390062,-1.51482,2.82762,3739.47,-1.57448,2.58648,0.0
4908.55,-1.55706,2.81183,0.0,0.0,-4.59189,-1.71666,-1.55706,2.81183,3740.55,-1.57735,2.80488,0.0
4919.69,-1.56704,2.77061,0.0,0.0,-0.896864,-3.70158,-1.56704,2.77061,3740.37,-1.58193,2.6812,0.0
4932.49,-1.57838,2.71121,0.0,0.0,-0.88541,-4.63906,-1.57838,2.71121,3739.02,-1.56462,2.73858,0.0
4939.67,-1.60353,2.6741,0.0,0.0,-3.50548,-5.17383,-1.60353,2.6741,3735.87,-1.61723,2.65671,0.0
4951.66,-1.68937,2.67555,0.0,0.0,-7.1608,0.121177,-1.68937,2.67555,3730.86,-1.77429,2.66174,0.0
4959.5,-1.7651,2.68142,0.0,0.0,-9.65853,0.748195,-1.7651,2.68142,3724.59,-1.75444,2.68153,0.0
4971.33,-1.7751,2.67855,0.0,0.0,-0.843993,-0.241856,-1.7751,2.67855,3717.88,-1.77578,2.69357,0.0
4980.14,-1.78484,2.68483,0.0,0.0,-1.10661,0.712973,-1.78484,2.68483,3712.1,-1.80389,2.73245,0.0
4991.08,-1.80295,2.69048,0.0,0.0,-1.65643,0.516751,-1.80295,2.69048,3708.12,-1.82425,2.67018,0.0
5000.11,-1.81038,2.69133,0.0,0.0,-0.821426,0.0934378,-1.81038,2.69133,3705.03,-1.84688,2.65361,0.0
5011.19,-1.81133,2.69307,0.0,0.0,-0.0864425,0.157208,-1.81133,2.69307,3700.92,-1.8784,2.72529,0.0
5019.19,-1.8107,2.69862,0.0,0.0,0.0787974,0.693,-1.8107,2.69862,3694.47,-1.81106,2.63819,0.0
5032.13,-1.80618,2.70559,0.0,0.0,0.34981,0.538986,-1.80618,2.70559,3685.5,-1.8071,2.70238,0.0
5039.55,-1.80473,2.70895,0.0,0.0,0.195471,0.453264,-1.80473,2.70895,3674.85,-1.79019,2.71481,0.0
5051.32,-1.80076,2.70919,0.0,0.0,0.337078,0.0202018,-1.80076,2.70919,3664.04,-1.82182,2.74557,0.0
5060.92,-1.79325,2.71938,0.0,0.0,0.782844,1.06198,-1.79325,2.71938,3654.01,-1.80546,2.68653,0.0
5071.07,-1.79078,2.74697,0.0,0.0,0.243022,2.71794,-1.79078,2.74697,3644.9,-1.73099,2.77577,0.0
5079.06,-1.79517,2.77279,0.0,0.0,-0.549568,3.22994,-1.79517,2.77279,3637.54,-1.74348,2.76136,0.0
5091.65,-1.79809,2.78657,0.0,0.0,-0.231598,1.09512,-1.79809,2.78657,3633.0,-1.81954,2.81062,0.0
5100.13,-1.80654,2.79944,0.0,0.0,-0.99774,1.51827,-1.80654,2.79944,3630.68,-1.78799,2.80182,0.0
5111.11,-1.80835,2.80934,0.0,0.0,-0.164301,0.900517,-1.80835,2.80934,3628.67,-1.87058,2.82616,0.0
5120.13,-1.80766,2.81698,0.0,0.0,0.076228,0.847938,-1.80766,2.81698,3624.93,-1.82215,2.86927,0.0
5131.19,-1.77837,2.83498,0.0,0.0,2.64781,1.62704,-1.77837,2.83498,3618.5,-1.79876,2.7044,0.0
5139.18,-1.14837,2.91124,0.0,0.0,78.8279,9.54184,-1.14837,2.91124,3611.1,-0.530746,2.9765,0.0
5152.44,-0.070432,3.00937,0.0,0.0,81.2866,7.39977,-0.070432,3.00937,3605.7,0.45285,3.1874,0.0
5159.94,0.420116,3.1003,0.0,0.0,65.4413,12.1311,0.420116,3.1003,3603.26,0.672022,3.42153,0.0
5171.07,0.445407,3.177,0.0,0.0,2.27299,6.89268,0.445407,3.177,3602.68,0.491193,3.12434,0.0
5183.07,0.448702,3.21558,0.0,0.0,0.274433,3.21373,0.448702,3.21558,3602.98,0.441447,3.21072,0.0
5191.07,0.455816,3.23308,0.0,0.0,0.889274,2.18776,0.455816,3.23308,3604.25,0.425949,3.25946,0.0
5203.08,0.456327,3.24477,0.0,0.0,0.0425521,0.973675,0.456327,3.24477,3606.69,0.431855,3.26977,0.0
5212.18,0.441459,3.24945,0.0,0.0,-1.63386,0.513955,0.441459,3.24945,3610.33,0.506452,3.20196,0.0
5223.47,0.438134,3.2584,0.0,0.0,-0.294528,0.792323,0.438134,3.2584,3616.41,0.526454,3.34948,0.0
5232.18,0.435305,3.25071,0.0,0.0,-0.324918,-0.882698,0.435305,3.25071,3626.03,0.432117,3.24089,0.0
5243.07,0.435702,3.24932,0.0,0.0,0.0364426,-0.127917,0.435702,3.24932,3636.96,0.431366,3.26037,0.0
5252.46,0.432746,3.22569,0.0,0.0,-0.31508,-2.51839,0.432746,3.22569,3646.17,0.420838,3.18189,0.0
5263.19,0.42755,3.1977,0.0,0.0,-0.484223,-2.60838,0.42755,3.1977,3653.69,0.447951,3.14135,0.0
5271.18,0.423326,3.18273,0.0,0.0,-0.528463,-1.87212,0.423326,3.18273,3661.18,0.441714,3.18182,0.0
5283.86,0.426076,3.18045,0.0,0.0,0.216925,-0.17989,0.426076,3.18045,3669.41,0.358671,3.23927,0.0
5292.11,0.432092,3.17117,0.0,0.0,0.728752,-1.12437,0.432092,3.17117,3678.85,0.376323,3.18252,0.0
5303.32,0.451297,3.16869,0.0,0.0,1.71272,-0.221315,0.451297,3.16869,3691.5,0.47208,3.1502,0.0
5312.15,0.457495,3.15584,0.0,0.0,0.702558,-1.4567,0.457495,3.15584,3708.88,0.496735,3.15603,0.0
5324.13,0.47748,3.15309,0.0,0.0,1.66793,-0.229283,0.47748,3.15309,3727.94,0.510693,3.09682,0.0
5331.48,0.477186,3.13926,0.0,0.0,-0.0399853,-1.88217,0.477186,3.13926,3744.28,0.43337,3.05633,0.0
5343.47,0.47321,3.1244,0.0,0.0,-0.331353,-1.2388,0.47321,3.1244,3758.99,0.502655,3.2476,0.0
5351.63,0.428143,3.0498,0.0,0.0,-5.52297,-9.1422,0.428143,3.0498,3777.51,0.527555,2.97321,0.0
5363.3,-0.0525189,2.86789,0.0,0.0,-41.2055,-15.5947,-0.0525189,2.86789,3802.66,-0.531333,2.53579,0.0
5372.1,-0.795652,2.20481,0.0,0.0,-84.4182,-75.3238,-0.795652,2.20481,3830.67,-1.53808,1.64709,0.0
5383.64,-1.07349,1.51329,0.0,0.0,-24.0717,-59.9136,-1.07349,1.51329,3853.73,-1.2385,1.31019,0.0
5391.65,-1.09644,1.34907,0.0,0.0,-2.86713,-20.5169,-1.09644,1.34907,3867.5,-1.02477,1.36618,0.0
5403.31,-1.11931,1.31662,0.0,0.0,-1.96153,-2.78345,-1.11931,1.31662,3874.04,-1.05741,1.33152,0.0
5412.12,-1.07884,1.30319,0.0,0.0,4.5913,-1.5237,-1.07884,1.30319,3877.31,-1.04134,1.26741,0.0
5423.18,-1.05579,1.2916,0.0,0.0,2.08422,-1.04833,-1.05579,1.2916,3879.84,-1.09828,1.28763,0.0
5436.12,-1.05317,1.27242,0.0,0.0,0.202552,-1.48159,-1.05317,1.27242,3882.82,-1.08362,1.25336,0.0
5443.65,-1.05835,1.26661,0.0,0.0,-0.688663,-0.772166,-1.05835,1.26661,3886.75,-1.03564,1.23664,0.0
5455.64,-1.06537,1.26542,0.0,0.0,-0.585132,-0.0997872,-1.06537,1.26542,3892.55,-1.05443,1.26769,0.0
5463.65,-1.05834,1.26211,0.0,0.0,0.877865,-0.412739,-1.05834,1.26211,3901.01,-1.08813,1.2642,0.0
5475.31,-1.04569,1.25099,0.0,0.0,1.08526,-0.954116,-1.04569,1.25099,3910.95,-1.0846,1.27272,0.0
5484.11,-1.04435,1.24835,0.0,0.0,0.152024,-0.299493,-1.04435,1.24835,3920.01,-1.03301,1.22155,0.0
5495.32,-1.03589,1.24532,0.0,0.0,0.754825,-0.269941,-1.03589,1.24532,3927.26,-1.04049,1.16156,0.0
5503.86,-1.03684,1.22787,0.0,0.0,-0.111505,-2.04347,-1.03684,1.22787,3934.17,-0.994297,1.23921,0.0
5515.88,-1.03473,1.22769,0.0,0.0,0.175722,-0.0148367,-1.03473,1.22769,3942.09,-1.07205,1.26285,0.0
5523.87,-1.0331,1.24616,0.0,0.0,0.203843,2.3102,-1.0331,1.24616,3950.12,-1.04789,1.16219,0.0
5535.19,-1.03039,1.27302,0.0,0.0,0.239534,2.37372,-1.03039,1.27302,3957.0,-1.02009,1.29783,0.0
5544.45,-1.03094,1.28275,0.0,0.0,-0.0602386,1.05045,-1.03094,1.28275,3962.86,-1.00508,1.29601,0.0
5555.38,-1.02194,1.28236,0.0,0.0,0.822884,-0.0350878,-1.02194,1.28236,3968.41,-0.919351,1.27887,0.0
5563.86,-1.01721,1.28197,0.0,0.0,0.557804,-0.0470407,-1.01721,1.28197,3974.72,-1.03436,1.26793,0.0
5575.86,-1.01747,1.2813,0.0,0.0,-0.0211885,-0.055443,-1.01747,1.2813,3982.84,-1.01153,1.22965,0.0
5583.86,-1.02884,1.26611,0.0,0.0,-1.42125,-1.8981,-1.02884,1.26611,3992.45,-1.00717,1.23892,0.0
5595.18,-1.0576,1.25584,0.0,0.0,-2.54158,-0.907186,-1.0576,1.25584,4002.15,-1.08725,1.29358,0.0
5603.84,-1.05638,1.25392,0.0,0.0,0.141587,-0.222478,-1.05638,1.25392,4011.41,-1.07532,1.24798,0.0
5615.46,-1.05672,1.24831,0.0,0.0,-0.0297322,-0.482798,-1.05672,1.24831,4021.03,-1.11439,1.26669,0.0
5623.84,-1.0565,1.23469,0.0,0.0,0.0263817,-1.62443,-1.0565,1.23469,4031.0,-1.03543,1.18566,0.0
5635.63,-1.0285,1.20035,0.0,0.0,2.37488,-2.91174,-1.0285,1.20035,4039.38,-1.01986,1.14328,0.0
5643.63,-1.0192,1.18402,0.0,0.0,1.16392,-2.04342,-1.0192,1.18402,4044.63,-1.02222,1.18372,0.0
5655.31,-1.0064,1.17521,0.0,0.0,1.09577,-0.754598,-1.0064,1.17521,4047.32,-0.997763,1.1177,0.0
5664.11,-0.996721,1.14794,0.0,0.0,1.09918,-3.09734,-0.996721,1.14794,4048.88,-0.975742,1.16712,0.0
5675.05,-0.993079,1.12276,0.0,0.0,0.332987,-2.30243,-0.993079,1.12276,4050.21,-1.00579,1.07591,0.0
5687.06,-0.993352,1.11717,0.0,0.0,-0.0226758,-0.465239,-0.993352,1.11717,4051.51,-0.945665,1.10033,0.0
5696.89,-0.995884,1.11658,0.0,0.0,-0.257675,-0.0597376,-0.995884,1.11658,4052.78,-0.937239,1.14401,0.0
5707.22,-1.0288,1.11289,0.0,0.0,-3.18609,-0.357402,-1.0288,1.11289,4053.99,-1.07039,1.13543,0.0
5715.2,-1.03557,1.11255,0.0,0.0,-0.847676,-0.0429851,-1.03557,1.11255,4054.89,-1.07364,1.08303,0.0
5727.19,-1.03697,1.09817,0.0,0.0,-0.117216,-1.19933,-1.03697,1.09817,4055.35,-1.07538,1.05229,0.0
5735.18,-1.036,1.09487,0.0,0.0,0.121427,-0.413931,-1.036,1.09487,4055.47,-0.998737,1.13736,0.0
5747.17,-1.00824,1.08949,0.0,0.0,2.31544,-0.44863,-1.00824,1.08949,4055.5,-0.965594,1.08299,0.0
5756.85,-1.00738,1.08486,0.0,0.0,0.0891309,-0.47828,-1.00738,1.08486,4055.58,-0.993512,1.09721,0.0
5767.06,-1.00792,1.08471,0.0,0.0,-0.0525576,-0.0146399,-1.00792,1.08471,4055.61,-1.07168,1.11651,0.0
5775.06,-1.02038,1.0849,0.0,0.0,-1.55796,0.0239663,-1.02038,1.0849,4055.26,-1.03027,1.06916,0.0
5787.64,-1.03496,1.06579,0.0,0.0,-1.15909,-1.51953,-1.03496,1.06579,4054.42,-1.06881,1.02551,0.0
5796.11,-1.04435,1.0494,0.0,0.0,-1.10817,-1.93352,-1.04435,1.0494,4053.36,-1.04037,0.976451,0.0
5807.06,-1.0499,1.0396,0.0,0.0,-0.507268,-0.894769,-1.0499,1.0396,4052.41,-1.05162,1.0028,0.0
5816.13,-1.05193,1.03239,0.0,0.0,-0.223178,-0.796009,-1.05193,1.03239,4051.59,-1.05046,1.05183,0.0
5827.17,-1.05073,1.03185,0.0,0.0,0.108661,-0.0484426,-1.05073,1.03185,4050.52,-1.08557,1.03466,0.0
5835.17,-1.05007,1.03179,0.0,0.0,0.0818927,-0.0076407,-1.05007,1.03179,4048.04,-1.0592,1.03298,0.0
5847.85,-1.03659,1.03065,0.0,0.0,1.06344,-0.0901304,-1.03659,1.03065,4043.12,-0.98618,1.029,0.0
5855.83,-1.03899,1.03074,0.0,0.0,-0.299878,0.0114591,-1.03899,1.03074,4036.82,-1.02007,1.02359,0.0
5867.17,-1.03244,1.02725,0.0,0.0,0.577848,-0.30771,-1.03244,1.02725,4031.84,-1.00713,1.00869,0.0
5875.84,-1.03319,1.01726,0.0,0.0,-0.0870252,-1.15226,-1.03319,1.01726,4029.37,-1.06566,1.04843,0.0
5887.85,-1.04063,0.995524,0.0,0.0,-0.619483,-1.80918,-1.04063,0.995524,4028.43,-1.04068,0.978963,0.0
5895.86,-1.04239,0.979699,0.0,0.0,-0.219619,-1.9768,-1.04239,0.979699,4027.77,-1.0589,0.944884,0.0
5907.2,-1.04725,0.979451,0.0,0.0,-0.428304,-0.0219247,-1.04725,0.979451,4026.86,-1.03611,0.978298,0.0
5915.87,-1.03981,0.979835,0.0,0.0,0.857716,0.0442848,-1.03981,0.979835,4025.75,-0.952418,0.956285,0.0
5927.3,-0.99135,1.00209,0.0,0.0,4.24015,1.94692,-0.99135,1.00209,4024.68,-1.03894,1.07954,0.0
5939.84,-0.920936,1.08963,0.0,0.0,5.61243,6.97734,-0.920936,1.08963,4023.23,-0.90164,1.18979,0.0
5947.84,-0.509879,1.51581,0.0,0.0,51.4272,53.3195,-0.509879,1.51581,4020.7,0.596697,2.50215,0.0
5959.84,0.488806,2.53403,0.0,0.0,83.1891,84.8165,0.488806,2.53403,4017.86,1.31256,3.22803,0.0
5967.85,1.16026,3.26381,0.0,0.0,83.8999,91.1883,1.16026,3.26381,4016.2,1.5107,3.73902,0.0
5979.16,1.22283,3.40292,0.0,0.0,5.5298,12.2931,1.22283,3.40292,4016.21,1.16782,3.44277,0.0
5987.84,1.23942,3.47903,0.0,0.0,1.91063,8.76797,1.23942,3.47903,4018.31,1.20903,3.50703,0.0
5999.45,1.24105,3.49506,0.0,0.0,0.140586,1.38042,1.24105,3.49506,4023.19,1.25513,3.49121,0.0
6007.84,1.24217,3.50123,0.0,0.0,0.13371,0.735958,1.24217,3.50123,4029.95,1.24307,3.39846,0.0
6019.84,1.25736,3.50437,0.0,0.0,1.26632,0.261339,1.25736,3.50437,4036.33,1.28788,3.51442,0.0
6027.83,1.25965,3.52609,0.0,0.0,0.286513,2.71674,1.25965,3.52609,4041.28,1.27542,3.57514,0.0
6039.15,1.2597,3.52704,0.0,0.0,0.00384439,0.0841871,1.2597,3.52704,4045.75,1.26405,3.55911,0.0
6048.81,1.25854,3.52708,0.0,0.0,-0.119948,0.00401017,1.25854,3.52708,4052.11,1.20154,3.54584,0.0
6059.16,1.24626,3.52546,0.0,0.0,-1.18681,-0.15655,1.24626,3.52546,4062.51,1.23782,3.48426,0.0
6067.84,1.23587,3.49451,0.0,0.0,-1.19635,-3.56588,1.23587,3.49451,4077.48,1.18261,3.50727,0.0
6079.83,1.23426,3.48023,0.0,0.0,-0.134101,-1.19021,1.23426,3.48023,4095.46,1.21505,3.44866,0.0
6087.83,1.22934,3.47616,0.0,0.0,-0.615813,-0.508895,1.22934,3.47616,4113.43,1.24425,3.4649,0.0
6099.16,1.22928,3.47599,0.0,0.0,-0.0051822,-0.0146937,1.22928,3.47599,4128.15,1.25266,3.41439,0.0
6107.96,1.23288,3.47546,0.0,0.0,0.40945,-0.0607283,1.23288,3.47546,4138.02,1.20943,3.52583,0.0
6119.31,1.23439,3.46977,0.0,0.0,0.13273,-0.501069,1.23439,3.46977,4144.09,1.23695,3.48621,0.0
6127.83,1.23503,3.46948,0.0,0.0,0.0750025,-0.034743,1.23503,3.46948,4148.72,1.238,3.43928,0.0
6139.85,1.23504,3.4687,0.0,0.0,0.0011261,-0.0645996,1.23504,3.4687,4154.49,1.24013,3.56211,0.0
6147.82,1.23524,3.45007,0.0,0.0,0.024525,-2.33606,1.23524,3.45007,4162.67,1.22446,3.43848,0.0
6159.16,1.24664,3.42591,0.0,0.0,1.00568,-2.13068,1.24664,3.42591,4171.6,1.29538,3.38697,0.0
6167.9,1.26467,3.41643,0.0,0.0,2.06086,-1.08428,1.26467,3.41643,4178.39,1.27822,3.28317,0.0
6179.29,1.27395,3.41537,0.0,0.0,0.815068,-0.0928389,1.27395,3.41537,4182.05,1.30088,3.45038,0.0
6191.84,1.2824,3.41534,0.0,0.0,0.673607,-0.0026387,1.2824,3.41534,4183.57,1.25517,3.42066,0.0
6199.84,1.29361,3.43013,0.0,0.0,1.40207,1.85094,1.29361,3.43013,4184.09,1.22767,3.44738,0.0
6211.84,1.28992,3.45326,0.0,0.0,-0.30741,1.92733,1.28992,3.45326,4184.29,1.32857,3.47374,0.0
6219.25,1.27258,3.46471,0.0,0.0,-2.34057,1.54522,1.27258,3.46471,4184.44,1.31406,3.46332,0.0
6231.16,1.11415,3.47785,0.0,0.0,-13.3031,1.10291,1.11415,3.47785,4184.55,0.997421,3.48258,0.0
6240.67,0.349914,3.53862,0.0,0.0,-80.3361,6.3887,0.349914,3.53862,4184.55,-1.44654,3.68705,0.0
6251.14,-1.25441,3.6465,0.0,0.0,-153.186,10.3003,-1.25441,3.6465,4184.32,-3.10659,3.78787,0.0
6259.84,-2.86913,3.61163,0.0,0.0,-185.558,-4.00706,-2.86913,3.61163,4183.72,-3.61047,3.4921,0.0
6271.82,-3.517,3.50771,0.0,0.0,-54.0929,-8.67596,-3.517,3.50771,4182.63,-3.56509,3.53104,0.0
6279.84,-3.55161,3.50395,0.0,0.0,-4.3139,-0.468901,-3.55161,3.50395,4181.26,-3.52012,3.46601,0.0
6291.15,-3.56362,3.50617,0.0,0.0,-1.06129,0.196152,-3.56362,3.50617,4179.81,-3.52349,3.39735,0.0
6300.11,-3.56101,3.53513,0.0,0.0,0.290656,3.23146,-3.56101,3.53513,4178.61,-3.59099,3.64665,0.0
6311.65,-3.55466,3.55434,0.0,0.0,0.550877,1.66472,-3.55466,3.55434,4178.13,-3.62149,3.60496,0.0
6320.12,-3.55248,3.57385,0.0,0.0,0.256473,2.30556,-3.55248,3.57385,4178.18,-3.52765,3.55908,0.0
6332.11,-3.55132,3.58432,0.0,0.0,0.0971423,0.872485,-3.55132,3.58432,4178.38,-3.55385,3.54727,0.0
6339.14,-3.54991,3.5724,0.0,0.0,0.200794,-1.6945,-3.54991,3.5724,4179.1,-3.5374,3.68459,0.0
6351.15,-3.5448,3.56693,0.0,0.0,0.425425,-0.455431,-3.5448,3.56693,4181.15,-3.5086,3.61003,0.0
6359.82,-3.54253,3.56299,0.0,0.0,0.261371,-0.455362,-3.54253,3.56299,4184.62,-3.5179,3.55053,0.0
6371.43,-3.54015,3.56264,0.0,0.0,0.205594,-0.0301193,-3.54015,3.56264,4188.17,-3.53938,3.57289,0.0
6380.4,-3.54019,3.56221,0.0,0.0,-0.00481357,-0.0475588,-3.54019,3.56221,4190.45,-3.54585,3.55145,0.0
6391.43,-3.54355,3.55311,0.0,0.0,-0.305144,-0.825119,-3.54355,3.55311,4191.35,-3.54479,3.51198,0.0
6399.42,-3.54569,3.56227,0.0,0.0,-0.267246,1.14688,-3.54569,3.56227,4191.42,-3.59403,3.60675,0.0
6411.6,-3.55009,3.56306,0.0,0.0,-0.360919,0.0651258,-3.55009,3.56306,4190.87,-3.51618,3.55253,0.0
6419.82,-3.55942,3.56515,0.0,0.0,-1.13568,0.253294,-3.55942,3.56515,4189.54,-3.55491,3.54682,0.0
6431.13,-3.55988,3.58281,0.0,0.0,-0.0403838,1.56215,-3.55988,3.58281,4187.06,-3.57688,3.59412,0.0
6444.07,-3.55829,3.58396,0.0,0.0,0.122654,0.088892,-3.55829,3.58396,4183.46,-3.59502,3.5573,0.0
6451.82,-3.56124,3.59588,0.0,0.0,-0.381064,1.53905,-3.56124,3.59588,4179.85,-3.52499,3.66005,0.0
6463.8,-3.56079,3.60035,0.0,0.0,0.037404,0.372878,-3.56079,3.60035,4177.23,-3.52519,3.60334,0.0
6471.42,-3.55658,3.60018,0.0,0.0,0.552576,-0.0215791,-3.55658,3.60018,4175.41,-3.58417,3.62924,0.0
6483.27,-3.55375,3.59987,0.0,0.0,0.238618,-0.0263452,-3.55375,3.59987,4173.98,-3.50458,3.5923,0.0
6492.07,-3.54975,3.59764,0.0,0.0,0.455005,-0.253472,-3.54975,3.59764,4172.98,-3.56453,3.58643,0.0
6503.28,-3.54958,3.59754,0.0,0.0,0.0152698,-0.0087091,-3.54958,3.59754,4172.36,-3.55098,3.5382,0.0
6511.83,-3.55028,3.59734,0.0,0.0,-0.0822945,-0.0239963,-3.55028,3.59734,4171.95,-3.51581,3.62613,0.0
6523.82,-3.56686,3.59303,0.0,0.0,-1.38355,-0.359126,-3.56686,3.59303,4171.72,-3.61151,3.6087,0.0
6531.81,-3.58015,3.60147,0.0,0.0,-1.6634,1.05597,-3.58015,3.60147,4171.65,-3.6097,3.64629,0.0
6543.13,-3.58015,3.60733,0.0,0.0,0.000325284,0.517755,-3.58015,3.60733,4171.72,-3.57631,3.5898,0.0
6552.07,-3.57953,3.6075,0.0,0.0,0.0697611,0.0191404,-3.57953,3.6075,4172.26,-3.58772,3.63408,0.0
6563.27,-3.56513,3.60585,0.0,0.0,1.28621,-0.147818,-3.56513,3.60585,4173.97,-3.54778,3.57973,0.0
6571.83,-3.54734,3.60451,0.0,0.0,2.07835,-0.155829,-3.54734,3.60451,4176.89,-3.51991,3.62299,0.0
6583.82,-3.54451,3.60699,0.0,0.0,0.236055,0.206562,-3.54451,3.60699,4179.77,-3.55727,3.51352,0.0
6591.81,-3.54418,3.6043,0.0,0.0,0.041209,-0.336348,-3.54418,3.6043,4181.73,-3.60741,3.59686,0.0
6603.13,-3.5441,3.60563,0.0,0.0,0.00696316,0.117517,-3.5441,3.60563,4183.11,-3.53653,3.64092,0.0
6611.8,-3.54525,3.61575,0.0,0.0,-0.132144,1.16715,-3.54525,3.61575,4184.19,-3.48847,3.58431,0.0
6623.43,-3.55337,3.62832,0.0,0.0,-0.698514,1.08163,-3.55337,3.62832,4184.92,-3.599,3.66709,0.0
6631.8,-3.57299,3.63041,0.0,0.0,-2.34254,0.249392,-3.57299,3.63041,4185.48,-3.5924,3.60796,0.0
6643.81,-3.57952,3.63156,0.0,0.0,-0.543906,0.0954426,-3.57952,3.63156,4186.64,-3.66738,3.72153,0.0
6651.81,-3.57827,3.64634,0.0,0.0,0.155937,1.84705,-3.57827,3.64634,4189.36,-3.54293,3.59272,0.0
6663.13,-3.57612,3.66568,0.0,0.0,0.189887,1.70754,-3.57612,3.66568,4193.99,-3.57976,3.59811,0.0
6672.09,-3.57065,3.67838,0.0,0.0,0.611019,1.41934,-3.57065,3.67838,4199.56,-3.55423,3.73247,0.0
6683.42,-3.57159,3.66617,0.0,0.0,-0.0828287,-1.07713,-3.57159,3.66617,4204.4,-3.52406,3.63188,0.0
6695.83,-3.56863,3.66653,0.0,0.0,0.238285,0.0291979,-3.56863,3.66653,4208.07,-3.57515,3.71544,0.0
6703.83,-3.56378,3.66578,0.0,0.0,0.606592,-0.0935083,-3.56378,3.66578,4212.05,-3.66712,3.66001,0.0
6715.31,-3.55491,3.65496,0.0,0.0,0.773148,-0.94272,-3.55491,3.65496,4218.19,-3.54234,3.65583,0.0
6723.3,-3.53943,3.63306,0.0,0.0,1.93858,-2.74256,-3.53943,3.63306,4226.9,-3.53015,3.56679,0.0
6736.08,-3.52688,3.59638,0.0,0.0,0.981397,-2.8695,-3.52688,3.59638,4236.99,-3.5009,3.63617,0.0
6744.44,-3.51338,3.57136,0.0,0.0,1.61428,-2.99089,-3.51338,3.57136,4246.74,-3.50457,3.58748,0.0
6754.92,-3.51449,3.5537,0.0,0.0,-0.105951,-1.68651,-3.51449,3.5537,4254.89,-3.48301,3.51823,0.0
6763.8,-3.51571,3.542,0.0,0.0,-0.13762,-1.31643,-3.51571,3.542,4261.61,-3.48988,3.53781,0.0
6775.8,-3.5165,3.54157,0.0,0.0,-0.0658879,-0.0352562,-3.5165,3.54157,4268.42,-3.52339,3.54374,0.0
6783.87,-3.51245,3.54125,0.0,0.0,0.501786,-0.0405793,-3.51245,3.54125,4275.81,-3.57029,3.56199,0.0
6795.13,-3.51227,3.54123,0.0,0.0,0.015952,-0.00128987,-3.51227,3.54123,4282.82,-3.53538,3.48253,0.0
6804.06,-3.51107,3.54113,0.0,0.0,0.134833,-0.0115084,-3.51107,3.54113,4289.59,-3.47235,3.54122,0.0
6815.42,-3.4836,3.53851,0.0,0.0,2.41781,-0.230152,-3.4836,3.53851,4297.6,-3.42858,3.5342,0.0
6823.86,-3.48097,3.53181,0.0,0.0,0.311412,-0.793962,-3.48097,3.53181,4307.38,-3.46549,3.52405,0.0
6835.81,-3.48179,3.52278,0.0,0.0,-0.0685083,-0.755888,-3.48179,3.52278,4318.05,-3.4656,3.5179,0.0
6843.82,-3.48571,3.4882,0.0,0.0,-0.488941,-4.31795,-3.48571,3.4882,4328.51,-3.50463,3.45913,0.0
6855.13,-3.50325,3.4114,0.0,0.0,-1.55169,-6.79119,-3.50325,3.4114,4338.21,-3.54094,3.36467,0.0
6863.11,-3.50912,3.35739,0.0,0.0,-0.734198,-6.76637,-3.50912,3.35739,4346.88,-3.5265,3.28695,0.0
6875.13,-3.51158,3.33326,0.0,0.0,-0.205505,-2.00825,-3.51158,3.33326,4354.03,-3.48939,3.33659,0.0
6883.11,-3.51446,3.31508,0.0,0.0,-0.35954,-2.27631,-3.51446,3.31508,4358.93,-3.46445,3.28244,0.0
6895.13,-3.52085,3.31484,0.0,0.0,-0.5319,-0.0206202,-3.52085,3.31484,4361.53,-3.42567,3.34887,0.0
6903.09,-3.70814,3.33006,0.0,0.0,-23.5442,1.91384,-3.70814,3.33006,4362.91,-3.83398,3.31948,0.0
6915.11,-4.7976,3.41832,0.0,0.0,-90.5993,7.33973,-4.7976,3.41832,4364.15,-5.70117,3.5353,0.0
6923.11,-6.50418,3.54925,0.0,0.0,-213.269,16.3623,-6.50418,3.54925,4365.85,-7.32113,3.76493,0.0
6935.11,-7.72217,3.65863,0.0,0.0,-101.532,9.11775,-7.72217,3.65863,4368.63,-8.19652,3.5658,0.0
6947.12,-8.15604,3.72576,0.0,0.0,-36.1323,5.59056,-8.15604,3.72576,4374.06,-8.18757,3.48073,0.0
6955.12,-8.2034,3.77809,0.0,0.0,-5.92161,6.54251,-8.2034,3.77809,4385.23,-8.41626,3.88652,0.0
6967.12,-8.19694,3.84063,0.0,0.0,0.538512,5.21234,-8.19694,3.84063,4404.09,-8.25316,4.22839,0.0
6975.11,-8.17981,3.93209,0.0,0.0,2.1424,11.4343,-8.17981,3.93209,4427.39,-8.2158,4.05454,0.0
6987.12,-8.15024,3.93364,0.0,0.0,2.46255,0.129061,-8.15024,3.93364,4448.76,-7.85751,3.90772,0.0
6995.12,-8.05508,3.92639,0.0,0.0,11.8988,-0.906455,-8.05508,3.92639,4466.07,-8.10764,3.76122,0.0
7007.11,-8.01775,3.93548,0.0,0.0,3.11173,0.75797,-8.01775,3.93548,4481.49,-8.02385,3.87854,0.0
7015.12,-8.0169,3.93595,0.0,0.0,0.106314,0.0579893,-8.0169,3.93595,4495.77,-8.02519,3.85606,0.0
7027.12,-8.03056,3.93902,0.0,0.0,-1.1379,0.25605,-8.03056,3.93902,4507.78,-7.96385,3.96819,0.0
7035.12,-8.02548,3.98417,0.0,0.0,0.634334,5.64524,-8.02548,3.98417,4518.16,-8.09579,4.02645,0.0
7047.12,-8.02202,4.01005,0.0,0.0,0.288485,2.15656,-8.02202,4.01005,4530.02,-8.06347,4.09249,0.0
7055.12,-8.02281,4.02808,0.0,0.0,-0.0982023,2.25275,-8.02281,4.02808,4544.53,-8.01307,3.90928,0.0
7067.12,-8.02078,4.03556,0.0,0.0,0.16866,0.623734,-8.02078,4.03556,4558.43,-7.97518,4.02378,0.0
7075.12,-7.99145,4.04208,0.0,0.0,3.66707,0.814796,-7.99145,4.04208,4568.19,-8.00262,4.09468,0.0
7087.11,-7.9722,4.03189,0.0,0.0,1.60421,-0.849757,-7.9722,4.03189,4574.39,-7.96407,4.03348,0.0
7094.68,-7.96424,4.03074,0.0,0.0,1.05247,-0.152315,-7.96424,4.03074,4579.92,-7.94637,4.04636,0.0
7106.8,-7.96452,4.02593,0.0,0.0,-0.0233799,-0.396229,-7.96452,4.02593,4586.33,-7.93607,4.02589,0.0
7115.15,-7.97225,3.97003,0.0,0.0,-0.926127,-6.69804,-7.97225,3.97003,4593.36,-7.98432,3.9056,0.0
7127.15,-7.99477,3.92183,0.0,0.0,-1.87527,-4.01472,-7.99477,3.92183,4600.19,-8.03723,3.92188,0.0
7135.15,-8.00159,3.92029,0.0,0.0,-0.853242,-0.192272,-8.00159,3.92029,4605.97,-8.04448,3.90945,0.0
7148.1,-8.00185,3.92031,0.0,0.0,-0.019878,0.00161152,-8.00185,3.92031,4610.43,-7.9976,3.9359,0.0
7156.37,-8.00072,3.92053,0.0,0.0,0.135922,0.0264853,-8.00072,3.92053,4614.48,-7.98046,3.95813,0.0
7167.4,-7.97447,3.92546,0.0,0.0,2.37932,0.447164,-7.97447,3.92546,4619.41,-7.95785,3.97062,0.0
7175.41,-7.95772,3.92409,0.0,0.0,2.09133,-0.17127,-7.95772,3.92409,4625.08,-7.9157,3.90185,0.0
7187.25,-7.94027,3.91515,0.0,0.0,1.47397,-0.755766,-7.94027,3.91515,4629.82,-7.94198,3.90957,0.0
7200.05,-7.9215,3.90463,0.0,0.0,1.46642,-0.822139,-7.9215,3.90463,4632.4,-7.90691,3.9346,0.0
7207.85,-7.91373,3.9014,0.0,0.0,0.995964,-0.412794,-7.91373,3.9014,4633.26,-7.85479,3.89766,0.0
7219.79,-7.9156,3.88359,0.0,0.0,-0.157087,-1.4927,-7.9156,3.88359,4633.35,-7.9249,3.82817,0.0
7227.79,-7.91792,3.85983,0.0,0.0,-0.288911,-2.96893,-7.91792,3.85983,4633.0,-7.92445,3.80792,0.0
7239.11,-7.91915,3.84474,0.0,0.0,-0.108596,-1.33349,-7.91915,3.84474,4632.04,-7.91405,3.87939,0.0
7248.03,-7.92048,3.83383,0.0,0.0,-0.149336,-1.22199,-7.92048,3.83383,4629.95,-7.96073,3.83882,0.0
7259.25,-7.92084,3.82839,0.0,0.0,-0.0323769,-0.484923,-7.92084,3.82839,4625.98,-7.85288,3.8135,0.0
7267.78,-7.91414,3.82142,0.0,0.0,0.785409,-0.817294,-7.91414,3.82142,4619.72,-7.89138,3.82277,0.0
7279.79,-7.90596,3.81079,0.0,0.0,0.68117,-0.885324,-7.90596,3.81079,4611.74,-7.97609,3.80311,0.0
7287.78,-7.9018,3.80063,0.0,0.0,0.520951,-1.27171,-7.9018,3.80063,4603.28,-7.90552,3.79679,0.0
7299.13,-7.88517,3.79885,0.0,0.0,1.46514,-0.1565,-7.88517,3.79885,4594.54,-7.87007,3.80081,0.0
7307.83,-7.87089,3.79809,0.0,0.0,1.64292,-0.0870314,-7.87089,3.79809,4584.82,-7.85492,3.78706,0.0
7320.07,-7.86906,3.80798,0.0,0.0,0.149511,0.807787,-7.86906,3.80798,4574.78,-7.86269,3.85818,0.0
7327.59,-7.86727,3.82289,0.0,0.0,0.237295,1.98258,-7.86727,3.82289,4565.41,-7.86537,3.82862,0.0
7339.58,-7.86775,3.83335,0.0,0.0,-0.0394507,0.872215,-7.86775,3.83335,4555.71,-7.87303,3.83483,0.0
7347.79,-7.86957,3.85221,0.0,0.0,-0.222067,2.29757,-7.86957,3.85221,4544.51,-7.87091,3.9035,0.0
7359.11,-7.86617,3.88096,0.0,0.0,0.300387,2.53925,-7.86617,3.88096,4531.07,-7.87625,3.9143,0.0
7368.35,-7.8596,3.90812,0.0,0.0,0.710596,2.93905,-7.8596,3.90812,4511.12,-7.86225,3.89349,0.0
7379.22,-7.76182,4.06621,0.0,0.0,8.99503,14.5429,-7.76182,4.06621,4478.83,-7.66996,4.17044,0.0
7388.55,-7.52251,4.82234,0.0,0.0,25.668,81.1028,-7.52251,4.82234,4437.02,-7.12908,6.56853,0.0
7399.57,-6.97675,6.61007,0.0,0.0,49.5114,162.182,-6.97675,6.61007,4397.98,-6.21768,7.78589,0.0
7407.55,-6.0018,8.43647,0.0,0.0,122.144,228.815,-6.0018,8.43647,4370.22,-4.89606,9.09332,0.0
7419.39,-4.44346,9.33905,0.0,0.0,131.65,76.2507,-4.44346,9.33905,4353.88,-3.38647,10.0743,0.0
7428.79,-2.53689,10.2642,0.0,0.0,202.848,98.4295,-2.53689,10.2642,4346.35,-1.55997,10.9944,0.0
7439.57,-1.40608,11.0193,0.0,0.0,104.88,70.0302,-1.40608,11.0193,4343.64,-0.464573,11.2275,0.0
7452.78,-1.01841,11.0856,0.0,0.0,29.3443,5.02351,-1.01841,11.0856,4342.01,-0.834961,11.0927,0.0
7460.05,-0.769398,11.0721,0.0,0.0,34.2567,-1.85895,-0.769398,11.0721,4340.29,-0.619737,11.0549,0.0
7472.06,-0.672299,11.0633,0.0,0.0,8.08688,-0.735072,-0.672299,11.0633,4338.96,-0.717136,11.0676,0.0
7478.59,-0.651252,11.0007,0.0,0.0,3.22269,-9.58048,-0.651252,11.0007,4338.36,-0.676009,10.9358,0.0
7490.63,-0.657198,10.9406,0.0,0.0,-0.493891,-4.99298,-0.657198,10.9406,4338.18,-0.649862,10.948,0.0
7498.6,-0.664576,10.9385,0.0,0.0,-0.925643,-0.259572,-0.664576,10.9385,4337.98,-0.62375,10.8438,0.0
7510.64,-0.664898,10.9392,0.0,0.0,-0.0267592,0.052395,-0.664898,10.9392,4337.35,-0.674643,10.8716,0.0
7518.6,-0.665267,10.9537,0.0,0.0,-0.0463394,1.83041,-0.665267,10.9537,4335.96,-0.682796,10.9665,0.0
7530.63,-0.668969,10.9693,0.0,0.0,-0.307799,1.29412,-0.668969,10.9693,4334.15,-0.656457,11.0218,0.0
7538.59,-0.686071,10.9714,0.0,0.0,-2.14746,0.260638,-0.686071,10.9714,4332.46,-0.700658,11.0153,0.0
7551.4,-0.701176,10.9797,0.0,0.0,-1.17888,0.652347,-0.701176,10.9797,4330.97,-0.746758,10.9137,0.0
7559.4,-0.708902,10.9801,0.0,0.0,-0.965974,0.0445272,-0.708902,10.9801,4329.54,-0.696999,10.9372,0.0
7571.24,-0.719281,10.9683,0.0,0.0,-0.876323,-0.995909,-0.719281,10.9683,4327.95,-0.777002,10.9886,0.0
7580.11,-0.742291,10.9264,0.0,0.0,-2.59679,-4.72163,-0.742291,10.9264,4325.78,-0.724235,10.8803,0.0
7591.11,-0.751229,10.8994,0.0,0.0,-0.812184,-2.45495,-0.751229,10.8994,4323.17,-0.735798,10.8878,0.0
7599.11,-0.751206,10.8983,0.0,0.0,0.00287307,-0.141763,-0.751206,10.8983,4320.82,-0.806308,10.8811,0.0
7611.1,-0.742657,10.8983,0.0,0.0,0.712534,0.0025267,-0.742657,10.8983,4319.21,-0.733042,10.9256,0.0
7619.09,-0.739994,10.9115,0.0,0.0,0.333676,1.64421,-0.739994,10.9115,4318.44,-0.739378,10.9797,0.0
7631.56,-0.720273,10.911,0.0,0.0,1.58097,-0.040385,-0.720273,10.911,4318.21,-0.688708,10.9047,0.0
7640.01,-0.694391,10.9136,0.0,0.0,3.06434,0.311025,-0.694391,10.9136,4318.17,-0.705474,10.9722,0.0
7652.02,-0.682595,10.9135,0.0,0.0,0.982213,-0.00708416,-0.682595,10.9135,4318.16,-0.689136,10.8002,0.0
7658.56,-0.680562,10.9245,0.0,0.0,0.310527,1.68217,-0.680562,10.9245,4318.06,-0.656872,10.9832,0.0
7670.57,-0.68046,10.9253,0.0,0.0,0.00855989,0.065818,-0.68046,10.9253,4317.3,-0.681405,10.8545,0.0
7680.04,-0.679542,10.9332,0.0,0.0,0.096853,0.836888,-0.679542,10.9332,4314.39,-0.696357,10.9386,0.0
7691.77,-0.67631,10.9556,0.0,0.0,0.275512,1.91168,-0.67631,10.9556,4307.94,-0.711572,10.9916,0.0
7703.59,-0.677243,10.957,0.0,0.0,-0.0789154,0.113949,-0.677243,10.957,4298.83,-0.684325,10.968,0.0
7711.83,-0.676513,10.9646,0.0,0.0,0.0885081,0.92184,-0.676513,10.9646,4290.25,-0.651904,11.0234,0.0
7723.81,-0.675959,10.9813,0.0,0.0,0.0462604,1.39896,-0.675959,10.9813,4284.18,-0.71909,10.9112,0.0
7731.79,-0.668923,10.9945,0.0,0.0,0.881217,1.64517,-0.668923,10.9945,4280.29,-0.647465,11.0066,0.0
7742.99,-0.668638,10.9948,0.0,0.0,0.0254774,0.0301198,-0.668638,10.9948,4278.29,-0.667312,10.9985,0.0
7752.03,-0.669033,10.9901,0.0,0.0,-0.0436454,-0.527261,-0.669033,10.9901,4278.01,-0.707661,10.994,0.0
7763.39,-0.666162,10.9891,0.0,0.0,0.252711,-0.0800249,-0.666162,10.9891,4279.35,-0.672275,10.978,0.0
7771.78,-0.67067,10.9772,0.0,0.0,-0.537355,-1.42517,-0.67067,10.9772,4282.45,-0.546167,10.9298,0.0
7783.77,-0.667651,10.9636,0.0,0.0,0.251829,-1.13476,-0.667651,10.9636,4286.48,-0.648085,10.9421,0.0
7791.77,-0.66765,10.9627,0.0,0.0,0.000154217,-0.111385,-0.66765,10.9627,4290.11,-0.678244,10.9702,0.0
7803.1,-0.67116,10.9555,0.0,0.0,-0.309859,-0.631875,-0.67116,10.9555,4293.89,-0.648919,10.9237,0.0
7812.02,-0.678341,10.9557,0.0,0.0,-0.804627,0.015649,-0.678341,10.9557,4299.54,-0.689405,10.9834,0.0
7823.37,-0.678422,10.955,0.0,0.0,-0.0071317,-0.0639553,-0.678422,10.955,4307.03,-0.679258,11.0242,0.0
7831.77,-0.673687,10.9366,0.0,0.0,0.563787,-2.18478,-0.673687,10.9366,4314.98,-0.681117,10.8593,0.0
7843.77,-0.684125,10.9038,0.0,0.0,-0.870347,-2.73829,-0.684125,10.9038,4323.18,-0.657255,10.8289,0.0
7851.76,-0.686911,10.8787,0.0,0.0,-0.3484,-3.13404,-0.686911,10.8787,4332.97,-0.758917,10.9896,0.0
7863.09,-0.681124,10.86,0.0,0.0,0.510875,-1.65181,-0.681124,10.86,4346.6,-0.660911,10.9099,0.0
7872.01,-0.665811,10.8388,0.0,0.0,1.7167,-2.37154,-0.665811,10.8388,4365.84,-0.720673,10.79,0.0
7883.38,-0.641426,10.8146,0.0,0.0,2.14543,-2.13381,-0.641426,10.8146,4388.22,-0.611322,10.7824,0.0
7891.76,-0.578964,10.767,0.0,0.0,7.4554,-5.67345,-0.578964,10.767,4407.53,-0.543265,10.7486,0.0
7903.78,-0.553655,10.7544,0.0,0.0,2.10526,-1.05527,-0.553655,10.7544,4420.45,-0.370727,10.6182,0.0
7911.79,-0.552659,10.7539,0.0,0.0,0.124226,-0.0584732,-0.552659,10.7539,4429.01,-0.309268,10.5441,0.0
7923.1,-0.553956,10.7546,0.0,0.0,-0.114627,0.0599101,-0.553956,10.7546,4437.27,-0.562053,10.7592,0.0
7932.03,-0.584273,10.7708,0.0,0.0,-3.39614,1.82034,-0.584273,10.7708,4447.38,-0.603688,10.8163,0.0
7942.57,-0.604037,10.7908,0.0,0.0,-1.87529,1.89433,-0.604037,10.7908,4458.12,-0.612515,10.8024,0.0
7955.78,-0.604485,10.8007,0.0,0.0,-0.0338952,0.751344,-0.604485,10.8007,4467.33,-0.614605,10.8011,0.0
7964.75,-0.60824,10.808,0.0,0.0,-0.418417,0.818146,-0.60824,10.808,4475.15,-0.58911,10.825,0.0
7974.88,-0.611196,10.8224,0.0,0.0,-0.29171,1.41585,-0.611196,10.8224,4483.75,-0.578516,10.8262,0.0
7982.89,-0.608186,10.8699,0.0,0.0,0.375912,5.93722,-0.608186,10.8699,4494.13,-0.652638,10.9187,0.0
7995.41,-0.601645,10.8825,0.0,0.0,0.522547,1.00323,-0.601645,10.8825,4504.62,-0.570269,10.9294,0.0
8003.39,-0.591482,10.8837,0.0,0.0,1.27358,0.150891,-0.591482,10.8837,4513.9,-0.637124,10.9249,0.0
8015.41,-0.341722,10.899,0.0,0.0,20.7735,1.27726,-0.341722,10.899,4523.26,-0.14462,10.5476,0.0
8024.03,0.274242,10.8631,0.0,0.0,71.4575,-4.16545,0.274242,10.8631,4534.27,1.34876,10.6513,0.0
8034.99,1.24865,10.8266,0.0,0.0,88.9543,-3.33733,1.24865,10.8266,4546.43,2.40673,11.0556,0.0
8042.98,2.17908,10.88,0.0,0.0,116.319,6.67401,2.17908,10.88,4558.19,3.0639,10.9174,0.0
8055.77,2.58386,10.9569,0.0,0.0,31.6507,6.01668,2.58386,10.9569,4570.62,2.6746,11.108,0.0
8064.03,2.70003,10.9564,0.0,0.0,14.0703,-0.0582062,2.70003,10.9564,4586.72,2.74504,10.9809,0.0
8074.98,2.7604,10.9527,0.0,0.0,5.51284,-0.345445,2.7604,10.9527,4605.25,2.81964,10.937,0.0
8083.76,2.7791,10.951,0.0,0.0,2.12947,-0.18336,2.7791,10.951,4621.03,2.842,10.9397,0.0
8095.79,2.78634,10.9414,0.0,0.0,0.601538,-0.798122,2.78634,10.9414,4631.54,2.79549,10.9142,0.0
8103.85,2.79479,10.9405,0.0,0.0,1.04877,-0.117657,2.79479,10.9405,4638.31,2.77652,10.9415,0.0
8115.79,2.8033,10.94,0.0,0.0,0.712464,-0.0442524,2.8033,10.94,4643.89,2.78522,10.9354,0.0
8123.77,2.81259,10.9399,0.0,0.0,1.16507,-0.0101681,2.81259,10.9399,4650.58,2.88628,11.0362,0.0
8135.09,2.84498,10.9383,0.0,0.0,2.86127,-0.139122,2.84498,10.9383,4659.02,2.865,10.9387,0.0
8144.02,2.87534,10.9364,0.0,0.0,3.39913,-0.213358,2.87534,10.9364,4667.57,2.8966,10.947,0.0
8155.1,2.89825,10.9359,0.0,0.0,2.06879,-0.0467661,2.89825,10.9359,4675.77,2.9221,10.9246,0.0
8163.09,2.92793,10.9394,0.0,0.0,3.71116,0.436265,2.92793,10.9394,4684.8,2.94976,10.9296,0.0
8175.55,2.95407,10.991,0.0,0.0,2.09824,4.14221,2.95407,10.991,4693.56,2.96296,11.1204,0.0
8184.12,2.99288,10.9951,0.0,0.0,4.53122,0.482875,2.99288,10.9951,4700.96,3.04386,11.1652,0.0
8195.1,3.04558,10.9934,0.0,0.0,4.7991,-0.15647,3.04558,10.9934,4709.07,3.0916,10.8808,0.0
8208.36,3.07107,11.0246,0.0,0.0,1.92186,2.35482,3.07107,11.0246,4719.0,3.17267,10.9609,0.0
8215.78,3.0805,10.9994,0.0,0.0,1.27163,-3.39505,3.0805,10.9994,4728.7,3.09469,10.9108,0.0
8227.78,3.09398,10.9918,0.0,0.0,1.12296,-0.633849,3.09398,10.9918,4736.76,3.07426,11.0138,0.0
8235.84,3.10112,10.9858,0.0,0.0,0.885415,-0.752094,3.10112,10.9858,4744.66,3.05421,11.015,0.0
8247.09,3.10919,10.985,0.0,0.0,0.717174,-0.0672892,3.10919,10.985,4754.15,3.13871,10.9504,0.0
8255.78,3.12021,10.9837,0.0,0.0,1.26888,-0.15251,3.12021,10.9837,4764.54,3.11717,10.9876,0.0
8267.38,3.1228,10.969,0.0,0.0,0.223661,-1.26772,3.1228,10.969,4773.73,3.12976,10.962,0.0
8275.78,3.12153,10.9544,0.0,0.0,-0.151234,-1.73984,3.12153,10.9544,4781.24,3.08806,10.9184,0.0
8287.78,3.11707,10.9404,0.0,0.0,-0.37237,-1.16106,3.11707,10.9404,4788.07,3.13876,10.9397,0.0
8295.85,3.1189,10.9262,0.0,0.0,0.226697,-1.76509,3.1189,10.9262,4795.16,3.07861,10.8853,0.0
8307.13,3.11198,10.903,0.0,0.0,-0.613017,-2.057,3.11198,10.903,4802.93,3.03262,10.8038,0.0
8316.1,3.08886,10.8587,0.0,0.0,-2.57785,-4.94061,3.08886,10.8587,4810.38,3.14482,10.9227,0.0
8328.04,3.03933,10.8353,0.0,0.0,-4.14715,-1.95435,3.03933,10.8353,4816.12,3.00071,10.8368,0.0
8336.1,3.03254,10.8347,0.0,0.0,-0.843394,-0.0795356,3.03254,10.8347,4820.8,3.00071,10.8368,2.0
8347.22,3.00196,10.8357,0.0,0.0,-2.74947,0.0915299,3.00196,10.8357,4826.86,3.00071,10.8368,2.0
8355.21,2.9997,10.8112,0.0,0.0,-0.283182,-3.06403,2.9997,10.8112,4836.58,3.05846,10.7371,0.0
8367.36,3.02307,10.7469,0.0,0.0,1.92299,-5.29094,3.02307,10.7469,4850.04,2.92202,10.6794,0.0
8376.01,3.04971,10.6861,0.0,0.0,3.08349,-7.04484,3.04971,10.6861,4863.8,3.03912,10.6597,0.0
8387.21,3.05293,10.6576,0.0,0.0,0.286598,-2.53939,3.05293,10.6576,4874.15,3.06742,10.6491,0.0
8395.75,3.06358,10.6339,0.0,0.0,1.24839,-2.77561,3.06358,10.6339,4880.64,3.09017,10.6163,0.0
8407.75,3.07807,10.6149,0.0,0.0,1.20616,-1.58533,3.07807,10.6149,4884.19,3.08141,10.5966,0.0
8415.74,3.09549,10.5962,0.0,0.0,2.18181,-2.33581,3.09549,10.5962,4885.52,3.09164,10.6051,0.0
8427.06,3.31466,10.2995,0.0,0.0,19.3561,-26.2004,3.31466,10.2995,4885.14,3.98676,9.97117,0.0
8436.01,3.8037,9.86889,0.0,0.0,54.6536,-48.1295,3.8037,9.86889,4882.74,4.25169,9.48871,0.0
8447.36,4.0863,9.46895,0.0,0.0,24.8985,-35.2364,4.0863,9.46895,4878.2,4.06192,8.75239,0.0
8459.76,4.11056,9.06747,0.0,0.0,1.95633,-32.3725,4.11056,9.06747,4872.88,4.04975,8.91394,0.0
8467.75,4.13814,8.89738,0.0,0.0,3.45182,-21.288,4.13814,8.89738,4867.53,4.12492,8.75275,0.0
8479.76,4.13814,8.86959,0.0,0.0,-0.000542619,-2.31519,4.13814,8.86959,4861.16,4.15106,8.87463,0.0
8487.36,4.14606,8.86133,0.0,0.0,1.04245,-1.08537,4.14606,8.86133,4853.33,4.14055,8.84859,0.0
8499.23,4.16093,8.86026,0.0,0.0,1.25248,-0.0903989,4.16093,8.86026,4844.36,4.19537,8.8688,0.0
8508.07,4.17017,8.8653,0.0,0.0,1.04547,0.56984,4.17017,8.8653,4835.06,4.22614,8.84588,0.0
8519.23,4.17038,8.86002,0.0,0.0,0.0192243,-0.472709,4.17038,8.86002,4827.23,4.18209,8.89224,0.0
8527.76,4.17585,8.85919,0.0,0.0,0.640199,-0.0975929,4.17585,8.85919,4822.24,4.13545,8.91973,0.0
8539.76,4.17778,8.85364,0.0,0.0,0.161163,-0.462207,4.17778,8.85364,4819.42,4.15371,8.8269,0.0
8547.76,4.17287,8.8372,0.0,0.0,-0.613395,-2.05597,4.17287,8.8372,4817.06,4.21578,8.81506,0.0
8559.07,4.16487,8.78791,0.0,0.0,-0.706926,-4.35596,4.16487,8.78791,4813.95,4.13788,8.75836,0.0
8568.0,4.16283,8.74544,0.0,0.0,-0.228751,-4.75478,4.16283,8.74544,4809.71,4.18499,8.67556,0.0
8579.36,4.1603,8.71797,0.0,0.0,-0.223002,-2.4186,4.1603,8.71797,4804.14,4.13201,8.71163,0.0
8587.75,4.14583,8.71439,0.0,0.0,-1.72408,-0.42656,4.14583,8.71439,4796.71,4.18479,8.65926,0.0
8599.75,4.12426,8.7151,0.0,0.0,-1.79846,0.0588613,4.12426,8.7151,4787.33,4.10644,8.76908,0.0
8607.75,4.08885,8.70276,0.0,0.0,-4.42465,-1.54183,4.08885,8.70276,4776.85,3.99753,8.70323,0.0
8619.76,4.05785,8.70421,0.0,0.0,-2.5815,0.120714,4.05785,8.70421,4766.48,4.05341,8.76702,0.0
8628.0,4.05383,8.70259,0.0,0.0,-0.487787,-0.197439,4.05383,8.70259,4757.71,4.06057,8.69707,0.0
8639.53,4.05328,8.69422,0.0,0.0,-0.0476326,-0.724969,4.05328,8.69422,4751.97,4.04742,8.68218,0.0
8647.53,4.05719,8.68583,0.0,0.0,0.489921,-1.0497,4.05719,8.68583,4749.37,4.05444,8.69072,0.0
8659.54,4.06679,8.67307,0.0,0.0,0.798387,-1.06269,4.06679,8.67307,4748.62,4.09626,8.64336,0.0
8667.35,4.06481,8.66289,0.0,0.0,-0.252692,-1.30353,4.06481,8.66289,4748.61,4.05174,8.6505,0.0
8679.07,4.08532,8.65242,0.0,0.0,1.74937,-0.893121,4.08532,8.65242,4749.44,4.10124,8.63398,0.0
8688.02,4.09941,8.63968,0.0,0.0,1.57449,-1.42242,4.09941,8.63968,4752.21,4.02289,8.66332,0.0
8699.37,4.12663,8.62719,0.0,0.0,2.3991,-1.10113,4.12663,8.62719,4757.49,4.14977,8.59037,0.0
8711.8,4.15513,8.61529,0.0,0.0,2.293,-0.957477,4.15513,8.61529,4763.78,4.15881,8.60984,0.0
8719.84,4.17838,8.60746,0.0,0.0,2.89036,-0.973226,4.17838,8.60746,4769.85,4.25518,8.60132,0.0
8731.77,4.20757,8.59389,0.0,0.0,2.44708,-1.13764,4.20757,8.59389,4777.49,4.2171,8.57156,0.0
8739.34,4.24496,8.50533,0.0,0.0,4.93634,-11.6913,4.24496,8.50533,4791.0,4.18663,8.45618,0.0
8751.2,4.61567,8.05603,0.0,0.0,31.2729,-37.9034,4.61567,8.05603,4812.35,5.68252,6.94492,0.0
8760.0,5.52233,7.01384,0.0,0.0,103.041,-118.443,5.52233,7.01384,4837.89,6.56514,5.77841,0.0
8771.2,6.2644,5.37769,0.0,0.0,66.2385,-146.046,6.2644,5.37769,4862.58,6.71753,4.30517,0.0
8779.76,6.45793,4.30273,0.0,0.0,22.5986,-125.521,6.45793,4.30273,4882.83,6.35069,3.93614,0.0
8791.76,6.45848,4.11398,0.0,0.0,0.0458784,-15.7316,6.45848,4.11398,4896.22,6.41094,4.08691,0.0
8799.82,6.45767,3.99324,0.0,0.0,-0.100486,-14.9934,6.45767,3.99324,4903.31,6.51765,3.95396,0.0
8811.08,6.44654,3.95183,0.0,0.0,-0.988427,-3.67705,6.44654,3.95183,4906.76,6.41625,3.91421,0.0
8820.01,6.45102,3.93828,0.0,0.0,0.500962,-1.5167,6.45102,3.93828,4908.64,6.3983,3.92775,0.0
8831.36,6.45079,3.93449,0.0,0.0,-0.0205328,-0.333703,6.45079,3.93449,4910.37,6.48622,3.96939,0.0
8839.83,6.44425,3.93283,0.0,0.0,-0.772721,-0.195831,6.44425,3.93283,4912.87,6.41819,3.93907,0.0
8851.76,6.45068,3.93176,0.0,0.0,0.539197,-0.0896464,6.45068,3.93176,4915.74,6.48785,3.92945,0.0
8859.75,6.45106,3.92036,0.0,0.0,0.0471591,-1.42682,6.45106,3.92036,4918.15,6.41758,3.88934,0.0
8871.07,6.45115,3.90109,0.0,0.0,0.00829322,-1.70219,6.45115,3.90109,4919.94,6.45132,3.8904,0.0
8879.99,6.45044,3.88585,0.0,0.0,-0.0803893,-1.70921,6.45044,3.88585,4921.03,6.46871,3.86478,0.0
8891.34,6.4491,3.87589,0.0,0.0,-0.117853,-0.877261,6.4491,3.87589,4921.39,6.45484,3.87451,0.0
8899.74,6.44853,3.86885,0.0,0.0,-0.0677517,-0.837719,6.44853,3.86885,4921.08,6.43955,3.86497,0.0
8911.77,6.44402,3.86892,0.0,0.0,-0.374506,0.00564417,6.44402,3.86892,4919.66,6.4009,3.8398,0.0
8919.75,6.44383,3.86907,0.0,0.0,-0.0238799,0.019272,6.44383,3.86907,4916.44,6.44126,3.86914,0.0
8930.96,6.44427,3.87295,0.0,0.0,0.0388027,0.345858,6.44427,3.87295,4911.23,6.41757,3.88908,0.0
8940.02,6.45172,3.89056,0.0,0.0,0.822662,1.94525,6.45172,3.89056,4904.6,6.5191,3.91538,0.0
8951.35,6.47388,3.91013,0.0,0.0,1.95432,1.72561,6.47388,3.91013,4897.87,6.45961,3.86901,0.0
8963.75,6.48962,3.92453,0.0,0.0,1.26931,1.16181,6.48962,3.92453,4890.9,6.49255,3.94387,0.0
8971.74,6.50516,3.94309,0.0,0.0,1.94579,2.32252,6.50516,3.94309,4880.93,6.48495,3.95846,0.0
8983.73,6.49187,3.95962,0.0,0.0,-1.10925,1.37894,6.49187,3.95962,4866.49,6.55612,3.99229,0.0
8991.69,6.48853,3.96053,0.0,0.0,-0.419388,0.114449,6.48853,3.96053,4850.6,6.60238,4.07914,0.0
9003.01,6.40348,3.95615,0.0,0.0,-7.50929,-0.386652,6.40348,3.95615,4837.47,6.35684,3.93861,0.0
9011.67,5.83574,3.72378,0.0,0.0,-65.5885,-26.8451,5.83574,3.72378,4821.42,5.34385,3.49472,0.0
9023.29,4.88838,3.25263,0.0,0.0,-81.5073,-40.5358,4.88838,3.25263,4772.84,4.39306,2.99336,0.0
9031.69,4.3403,2.8381,0.0,0.0,-65.2791,-49.3728,4.3403,2.8381,4639.22,4.238,2.86366,0.0
9043.7,3.47715,-0.429108,0.0,0.0,-71.8578,-271.995,3.47715,-0.429108,4415.97,2.19292,-3.81866,0.0
9051.77,2.41222,-4.00786,0.0,0.0,-132.026,-443.684,2.41222,-4.00786,4201.1,2.57692,-5.16254,0.0
9063.04,1.57488,-4.088,0.0,0.0,-74.3045,-7.1119,1.57488,-4.088,4083.71,-0.307042,-5.34662,0.0
9072.28,0.699431,-4.00187,0.0,0.0,-94.7153,9.31835,0.699431,-4.00187,4048.66,-0.658711,-4.37197,0.0
9083.05,0.122645,-3.78927,0.0,0.0,-53.5549,19.7408,0.122645,-3.78927,4045.34,1.13752,-1.84064,0.0
9091.99,-0.13194,-3.11913,0.0,0.0,-28.4644,74.9253,-0.13194,-3.11913,4053.15,-0.0776161,-2.23195,0.0
9103.07,-0.132308,-2.81793,0.0,0.0,-0.0331615,27.1968,-0.132308,-2.81793,4072.04,-0.138551,-1.37798,0.0
9111.08,-0.136128,-2.3758,0.0,0.0,-0.477141,55.218,-0.136128,-2.3758,4109.25,-0.222684,-3.88347,0.0
9123.54,-0.18983,-1.98783,0.0,0.0,-4.30753,31.12,-0.18983,-1.98783,4174.53,-0.442779,-3.51939,0.0
9131.52,-0.283509,-1.87631,0.0,0.0,-11.7407,13.9768,-0.283509,-1.87631,4265.9,-1.13771,-1.89504,0.0
9143.2,-0.451245,-1.83423,0.0,0.0,-14.3671,3.60374,-0.451245,-1.83423,4368.14,-0.226067,-1.7789,0.0
9151.74,-0.534852,-1.25249,0.0,0.0,-9.78777,68.104,-0.534852,-1.25249,4472.89,-0.399422,-0.811162,0.0
9163.75,-0.485269,-0.184373,0.0,0.0,4.12851,88.9354,-0.485269,-0.184373,4578.0,-0.514528,0.484001,0.0
9171.73,-0.439254,0.446289,0.0,0.0,5.76485,79.0105,-0.439254,0.446289,4663.79,-0.529038,0.459983,0.0
9183.06,-0.457857,0.493871,0.0,0.0,-1.64182,4.19929,-0.457857,0.493871,4710.32,-0.457504,0.547105,0.0
9192.38,-0.462173,0.510753,0.0,0.0,-0.463067,1.81117,-0.462173,0.510753,4726.16,-0.560715,0.547605,0.0
9203.2,-0.469619,0.527419,0.0,0.0,-0.688517,1.54112,-0.469619,0.527419,4730.59,-0.448405,0.511092,0.0
9216.32,-0.468255,0.566959,0.0,0.0,0.103944,3.0128,-0.468255,0.566959,4732.81,-0.422635,0.600979,0.0
9223.37,-0.495497,0.601204,0.0,0.0,-3.86574,4.85951,-0.495497,0.601204,4734.41,-0.473135,0.585327,0.0
9235.35,-0.496569,0.610567,0.0,0.0,-0.0894467,0.781145,-0.496569,0.610567,4735.46,-0.556896,0.623251,0.0
9243.6,-0.506318,0.633793,0.0,0.0,-1.18268,2.81758,-0.506318,0.633793,4736.36,-0.498496,0.684219,0.0
9255.2,-0.514938,0.681694,0.0,0.0,-0.743168,4.12977,-0.514938,0.681694,4737.55,-0.526769,0.751706,0.0
9263.74,-0.511772,0.726066,0.0,0.0,0.370638,5.19463,-0.511772,0.726066,4738.99,-0.485616,0.733805,0.0
9275.19,-0.504441,0.749481,0.0,0.0,0.640405,2.04544,-0.504441,0.749481,4740.44,-0.601129,0.81283,0.0
9283.73,-0.498222,0.770908,0.0,0.0,0.727811,2.5076,-0.498222,0.770908,4741.81,-0.512167,0.757107,0.0
9295.75,-0.488726,0.789352,0.0,0.0,0.79007,1.53453,-0.488726,0.789352,4742.95,-0.471747,0.829216,0.0
9302.95,-0.487143,0.798364,0.0,0.0,0.219848,1.25161,-0.487143,0.798364,4743.64,-0.487549,0.785182,0.0
9314.96,-0.476858,0.800424,0.0,0.0,0.85626,0.171495,-0.476858,0.800424,4743.92,-0.558285,0.839892,0.0
9322.95,-0.460557,0.811867,0.0,0.0,2.03947,1.43158,-0.460557,0.811867,4744.03,-0.44817,0.804247,0.0
9334.94,-0.449376,0.824008,0.0,0.0,0.932983,1.0131,-0.449376,0.824008,4744.14,-0.389788,0.762469,0.0
9342.94,-0.447976,0.836585,0.0,0.0,0.174922,1.57171,-0.447976,0.836585,4744.29,-0.423306,0.875438,0.0
9354.93,-0.446072,0.868081,0.0,0.0,0.158771,2.62601,-0.446072,0.868081,4744.44,-0.442471,0.937052,0.0
9362.93,-0.458637,0.877178,0.0,0.0,-1.57069,1.1371,-0.458637,0.877178,4744.56,-0.467822,0.899402,0.0
9374.94,-0.4786,0.880414,0.0,0.0,-1.6633,0.269683,-0.4786,0.880414,4744.67,-0.524423,0.943176,0.0
9382.92,-0.491128,0.908629,0.0,0.0,-1.56833,3.53215,-0.491128,0.908629,4744.78,-0.508989,0.860594,0.0
9394.93,-0.498798,0.881069,0.0,0.0,-0.638653,-2.29496,-0.498798,0.881069,4745.15,-0.493142,0.849014,0.0
9402.92,-0.507991,0.850163,0.0,0.0,-1.1504,-3.86764,-0.507991,0.850163,4746.35,-0.412978,0.915479,0.0
9414.93,-0.675235,0.700354,0.0,0.0,-13.9289,-12.4768,-0.675235,0.700354,4748.82,-0.961193,0.284815,0.0
9422.93,-0.856842,0.239531,0.0,0.0,-22.718,-57.6461,-0.856842,0.239531,4752.27,-0.94406,-0.499189,0.0
9434.93,-0.902376,-0.256359,0.0,0.0,-3.79288,-41.3069,-0.902376,-0.256359,4756.45,-0.918099,-0.4687,0.0
9442.94,-0.932729,-0.442771,0.0,0.0,-3.79176,-23.287,-0.932729,-0.442771,4761.54,-0.880657,-0.447332,0.0
9454.94,-0.928131,-0.478148,0.0,0.0,0.383038,-2.94756,-0.928131,-0.478148,4766.88,-0.897181,-0.503554,0.0
9466.93,-0.930325,-0.504854,0.0,0.0,-0.18287,-2.22666,-0.930325,-0.504854,4771.26,-0.959439,-0.540409,0.0
9474.94,-0.942142,-0.505385,0.0,0.0,-1.47637,-0.0663081,-0.942142,-0.505385,4774.79,-0.859116,-0.528152,0.0
9486.93,-0.960251,-0.513587,0.0,0.0,-1.51016,-0.683914,-0.960251,-0.513587,4778.87,-0.98109,-0.551964,0.0
9494.95,-0.960909,-0.514338,0.0,0.0,-0.0819929,-0.0936041,-0.960909,-0.514338,4783.78,-0.949256,-0.489218,0.0
9506.96,-0.958309,-0.523882,0.0,0.0,0.21657,-0.794779,-0.958309,-0.523882,4788.16,-1.0002,-0.611088,0.0
9514.96,-0.959041,-0.540472,0.0,0.0,-0.0915467,-2.07502,-0.959041,-0.540472,4790.85,-0.939422,-0.502953,0.0
9526.93,-0.950427,-0.553073,0.0,0.0,0.719517,-1.0526,-0.950427,-0.553073,4792.17,-0.950934,-0.53779,0.0
9534.93,-0.942391,-0.57963,0.0,0.0,1.0042,-3.31844,-0.942391,-0.57963,4793.18,-0.905352,-0.626656,0.0
9546.92,-0.933092,-0.617886,0.0,0.0,0.775495,-3.19063,-0.933092,-0.617886,4794.83,-0.930829,-0.654143,0.0
9555.97,-0.923189,-0.655977,0.0,0.0,1.0939,-4.20758,-0.923189,-0.655977,4797.32,-0.834234,-0.667629,0.0
9567.73,-0.905109,-0.663755,0.0,0.0,1.53781,-0.661583,-0.905109,-0.663755,4799.89,-0.916641,-0.665475,0.0
9576.3,-0.883622,-0.666041,0.0,0.0,2.50699,-0.266634,-0.883622,-0.666041,4801.8,-0.877152,-0.709307,0.0
9586.55,-0.855552,-0.673133,0.0,0.0,2.73983,-0.692243,-0.855552,-0.673133,4802.98,-0.898086,-0.718135,0.0
9595.98,-0.85032,-0.673618,0.0,0.0,0.554609,-0.0514662,-0.85032,-0.673618,4803.55,-0.825187,-0.664774,0.0
9607.32,-0.849813,-0.669039,0.0,0.0,0.0447427,0.403804,-0.849813,-0.669039,4803.66,-0.772831,-0.696831,0.0
9615.4,-0.849141,-0.654002,0.0,0.0,0.0832504,1.86244,-0.849141,-0.654002,4803.21,-0.815909,-0.604477,0.0
9627.51,-0.849271,-0.639318,0.0,0.0,-0.0107422,1.21173,-0.849271,-0.639318,4801.44,-0.880122,-0.585423,0.0
9635.72,-0.877402,-0.636244,0.0,0.0,-3.42774,0.374546,-0.877402,-0.636244,4797.49,-0.861783,-0.644196,0.0
9647.05,-0.886016,-0.636024,0.0,0.0,-0.760481,0.0194429,-0.886016,-0.636024,4791.32,-0.935136,-0.622374,0.0
9655.72,-0.887032,-0.648046,0.0,0.0,-0.117226,-1.38675,-0.887032,-0.648046,4783.36,-0.922336,-0.665258,0.0
9667.51,-0.879635,-0.648912,0.0,0.0,0.6271,-0.0734969,-0.879635,-0.648912,4773.99,-0.892366,-0.684139,0.0
9675.56,-0.809758,-0.614052,0.0,0.0,8.67822,4.3294,-0.809758,-0.614052,4763.88,-0.766528,-0.682238,0.0
9687.17,-0.349415,0.159832,0.0,0.0,39.6643,66.6796,-0.349415,0.159832,4753.84,0.0528232,0.95862,0.0
9695.99,0.251904,1.19566,0.0,0.0,68.1613,117.415,0.251904,1.19566,4744.45,0.867012,1.93414,0.0
9707.43,0.733302,2.05016,0.0,0.0,42.0729,74.6807,0.733302,2.05016,4737.03,1.21192,2.73526,0.0
9719.75,1.02763,2.60007,0.0,0.0,23.8863,44.6286,1.02763,2.60007,4732.75,1.12215,2.73309,0.0
9727.74,1.07704,2.65775,0.0,0.0,6.18606,7.22165,1.07704,2.65775,4731.03,1.05879,2.6016,0.0
9739.74,1.12818,2.65422,0.0,0.0,4.26363,-0.294573,1.12818,2.65422,4730.86,1.16076,2.56034,0.0
9747.74,1.16803,2.62622,0.0,0.0,4.97655,-3.49732,1.16803,2.62622,4731.65,1.1813,2.64186,0.0
9759.05,1.18039,2.59418,0.0,0.0,1.09304,-2.83367,1.18039,2.59418,4732.94,1.20125,2.60733,0.0
9767.74,1.20739,2.59107,0.0,0.0,3.10768,-0.358338,1.20739,2.59107,4734.31,1.24539,2.50141,0.0
9779.33,1.23498,2.59831,0.0,0.0,2.37945,0.624366,1.23498,2.59831,4735.3,1.26843,2.53708,0.0
9787.74,1.24933,2.59746,0.0,0.0,1.70667,-0.100985,1.24933,2.59746,4735.93,1.23818,2.61981,0.0
9799.72,1.25743,2.59502,0.0,0.0,0.675696,-0.20318,1.25743,2.59502,4736.29,1.20599,2.59525,0.0
9807.79,1.26686,2.60119,0.0,0.0,1.16836,0.76397,1.26686,2.60119,4735.96,1.28474,2.60321,0.0
9819.05,1.27603,2.60985,0.0,0.0,0.815013,0.769747,1.27603,2.60985,4734.54,1.32992,2.58156,0.0
9827.72,1.29647,2.60721,0.0,0.0,2.35677,-0.303634,1.29647,2.60721,4731.96,1.29302,2.65718,0.0
9839.17,1.29757,2.61018,0.0,0.0,0.0967729,0.25912,1.29757,2.61018,4728.5,1.33736,2.67693,0.0
9847.73,1.29716,2.61035,0.0,0.0,-0.0479551,0.0199657,1.29716,2.61035,4724.73,1.32149,2.60972,0.0
9859.71,1.28753,2.61097,0.0,0.0,-0.804071,0.051201,1.28753,2.61097,4720.72,1.28038,2.55733,0.0
9867.74,1.2857,2.60693,0.0,0.0,-0.228299,-0.502876,1.2857,2.60693,4715.94,1.2599,2.60933,0.0
9879.03,1.28523,2.60113,0.0,0.0,-0.0417346,-0.513536,1.28523,2.60113,4709.95,1.30971,2.59872,0.0
9887.72,1.28283,2.56816,0.0,0.0,-0.276137,-3.79436,1.28283,2.56816,4702.79,1.27336,2.45009,0.0
9899.33,1.28142,2.54885,0.0,0.0,-0.120948,-1.66314,1.28142,2.54885,4694.96,1.28511,2.55204,0.0
9907.73,1.28113,2.54716,0.0,0.0,-0.0355195,-0.201229,1.28113,2.54716,4686.94,1.2858,2.51579,0.0
9919.72,1.27503,2.52665,0.0,0.0,-0.50879,-1.71059,1.27503,2.52665,4678.53,1.25912,2.5637,0.0
9927.04,1.26079,2.52627,0.0,0.0,-1.94694,-0.0517627,1.26079,2.52627,4668.73,1.24542,2.5825,0.0
9938.92,1.25897,2.51175,0.0,0.0,-0.152697,-1.2214,1.25897,2.51175,4657.24,1.2432,2.50649,0.0
9947.98,1.25492,2.50047,0.0,0.0,-0.447381,-1.24565,1.25492,2.50047,4644.42,1.22366,2.4874,0.0
9959.17,1.25391,2.49064,0.0,0.0,-0.0901741,-0.878434,1.25391,2.49064,4630.13,1.30733,2.5132,0.0
9971.71,1.25053,2.49029,0.0,0.0,-0.269743,-0.0278311,1.25053,2.49029,4614.99,1.23105,2.48707,0.0
9979.97,1.25244,2.4848,0.0,0.0,0.231666,-0.665044,1.25244,2.4848,4600.33,1.2866,2.45636,0.0
9990.91,1.25105,2.47226,0.0,0.0,-0.127237,-1.14649,1.25105,2.47226,4587.3,1.2333,2.52146,0.0
9998.92,1.23566,2.45974,0.0,0.0,-1.92337,-1.56385,1.23566,2.45974,4576.84,1.25794,2.45599,0.0
10011.7,1.2074,2.44526,0.0,0.0,-2.20862,-1.13174,1.2074,2.44526,4568.25,1.14619,2.40333,0.0
10020.0,1.16369,2.42912,0.0,0.0,-5.29874,-1.95632,1.16369,2.42912,4559.61,1.13275,2.37691,0.0
10030.9,1.15818,2.40183,0.0,0.0,-0.503659,-2.49251,1.15818,2.40183,4549.74,1.11491,2.43016,0.0
10039.7,1.15661,2.38145,0.0,0.0,-0.17776,-2.31832,1.15661,2.38145,4538.57,1.07502,2.38494,0.0
10051.7,1.15764,2.38145,0.0,0.0,0.0851588,-0.00059801,1.15764,2.38145,4527.43,1.17894,2.36493,0.0
10059.0,1.1823,2.40053,0.0,0.0,3.3688,2.60561,1.1823,2.40053,4518.01,1.21678,2.44902,0.0
10070.9,1.18361,2.40243,0.0,0.0,0.109907,0.160655,1.18361,2.40243,4510.49,1.18782,2.38846,0.0
