Resolution,1920,1080,Distance,60,Width,48,Subject,alejandro,Test,TOPTHR-09252019-123440,Calibration,CC9-09252019-123400,Analizer, 1.0.0
Time(ms),GazeX(deg),GazeY(deg),StimulusX(deg),StimulusY(deg),GazeVelX(deg/s),GazeVelY(deg/s),ErrorX(deg),ErrorY(deg),PupilArea(px^2),GazeRawX(deg),GazeRawY(deg),Blinks
0,-0.920844,-0.148545,0,0,0,0,-0.920844,-0.148545,4380.06,-0.926634,-0.157585,0
11.858,-0.920844,-0.148545,0,0,0,0,-0.920844,-0.148545,4380.06,-0.891195,-0.120736,0
19.587,-0.906504,-0.139409,0,0,1.85545,1.18194,-0.906504,-0.139409,4380.06,-0.906746,-0.0679451,0
30.4,-0.889108,-0.137866,0,0,1.60875,0.142773,-0.889108,-0.137866,4380.06,-0.870169,-0.201775,0
38.627,-0.864504,-0.127134,0,0,2.99066,1.30446,-0.864504,-0.127134,4399.87,-0.82021,-0.0985346,0
50.757,-0.862779,-0.124156,0,0,0.142229,0.245464,-0.862779,-0.124156,4412.35,-0.844059,-0.154508,0
59.279,-0.845239,-0.117398,0,0,2.05822,0.793025,-0.845239,-0.117398,4423.24,-0.844956,-0.0800021,0
71.018,-0.834325,-0.116657,0,0,0.929647,0.0631585,-0.834325,-0.116657,4435.41,-0.887675,-0.133384,0
78.956,-0.833253,-0.116233,0,0,0.135071,0.0533903,-0.833253,-0.116233,4450.6,-0.802757,-0.116824,0
90.407,-0.819037,-0.106349,0,0,1.24145,0.863156,-0.819037,-0.106349,4467.15,-0.800535,-0.0757588,0
98.957,-0.818975,-0.0896618,0,0,0.00725047,1.95172,-0.818975,-0.0896618,4481.17,-0.746665,-0.0770668,0
111.147,-0.818998,-0.0749191,0,0,-0.00189026,1.20941,-0.818998,-0.0749191,4490.72,-0.848529,-0.0576912,0
119.151,-0.807697,-0.0738007,0,0,1.41194,0.13972,-0.807697,-0.0738007,4497.79,-0.823844,-0.195743,0
130.488,-0.801269,-0.074228,0,0,0.56699,-0.0376894,-0.801269,-0.074228,4505.1,-0.828168,-0.0547987,0
138.416,-0.799822,-0.0912605,0,0,0.182553,-2.1484,-0.799822,-0.0912605,4513.08,-0.783979,-0.181168,0
150.993,-0.785527,-0.11152,0,0,1.13664,-1.61082,-0.785527,-0.11152,4520.93,-0.763947,-0.112258,0
159.031,-0.784864,-0.113399,0,0,0.0824192,-0.23382,-0.784864,-0.113399,4528.14,-0.748771,-0.113293,0
170.988,-0.785227,-0.114439,0,0,-0.0303566,-0.0869843,-0.785227,-0.114439,4534.17,-0.802944,-0.111426,0
178.831,-0.79474,-0.114878,0,0,-1.21293,-0.0559481,-0.79474,-0.114878,4538.46,-0.851631,-0.186722,0
190.817,-0.805235,-0.115407,0,0,-0.87561,-0.0441018,-0.805235,-0.115407,4541.38,-0.76613,-0.0978447,0
199.909,-0.805113,-0.131733,0,0,0.0134121,-1.79571,-0.805113,-0.131733,4544.12,-0.806707,-0.188721,0
210.979,-0.803324,-0.16703,0,0,0.161655,-3.1885,-0.803324,-0.16703,4547.22,-0.805483,-0.11097,0
218.507,-0.789634,-0.173761,0,0,1.81849,-0.894089,-0.789634,-0.173761,4550.58,-0.76881,-0.262226,0
230.413,-0.77444,-0.172775,0,0,1.27615,0.0828127,-0.77444,-0.172775,4554.32,-0.778652,-0.221363,0
238.324,-0.768972,-0.159868,0,0,0.691211,1.63151,-0.768972,-0.159868,4558.36,-0.69625,-0.155928,0
250.791,-0.768385,-0.165668,0,0,0.0470894,-0.465201,-0.768385,-0.165668,4562.24,-0.766259,-0.118336,0
263.364,-0.764579,-0.16245,0,0,0.302727,0.255897,-0.764579,-0.16245,4566.21,-0.765425,-0.158427,0
270.931,-0.754453,-0.16203,0,0,1.33814,0.0555047,-0.754453,-0.16203,4571.14,-0.798794,-0.174422,0
282.991,-0.752511,-0.166081,0,0,0.161013,-0.335887,-0.752511,-0.166081,4576.85,-0.683934,-0.131187,0
290.973,-0.720514,-0.168245,0,0,4.00867,-0.271173,-0.720514,-0.168245,4581.66,-0.779637,-0.20119,0
302.971,-0.698042,-0.169292,0,0,1.87301,-0.0872064,-0.698042,-0.169292,4584.21,-0.702904,-0.238229,0
311.145,-0.696979,-0.175454,0,0,0.129957,-0.753874,-0.696979,-0.175454,4584.96,-0.690768,-0.112139,0
322.556,-0.698626,-0.179976,0,0,-0.144276,-0.396277,-0.698626,-0.179976,4584.45,-0.689103,-0.167851,0
330.605,-0.699105,-0.180365,0,0,-0.0595229,-0.0483592,-0.699105,-0.180365,4580.46,-0.712268,-0.1871,0
342.885,-0.70875,-0.186021,0,0,-0.785415,-0.460592,-0.70875,-0.186021,4566.8,-0.724682,-0.104541,0
350.987,-0.718357,-0.210319,0,0,-1.18586,-2.99895,-0.718357,-0.210319,4537.82,-0.72629,-0.30707,0
362.294,-0.723467,-0.213239,0,0,-0.451857,-0.258305,-0.723467,-0.213239,4494.18,-0.702466,-0.28265,0
370.282,-0.736546,-0.252365,0,0,-1.63741,-4.898,-0.736546,-0.252365,4437.17,-0.747652,-0.281801,0
382.395,-0.756615,-0.275915,0,0,-1.65683,-1.94423,-0.756615,-0.275915,4362.89,-0.787214,-0.168786,0
390.465,-0.774299,-0.283453,0,0,-2.19128,-0.934109,-0.774299,-0.283453,4270.04,-0.813344,-0.311773,0
403.128,-0.79482,-0.286177,0,0,-1.62053,-0.215096,-0.79482,-0.286177,4164.58,-0.783719,-0.260891,0
410.945,-0.809524,-0.314924,0,0,-1.88109,-3.6775,-0.809524,-0.314924,4053.43,-0.796304,-0.397675,0
422.991,-0.819537,-0.351345,0,0,-0.831192,-3.02348,-0.819537,-0.351345,3940.83,-0.859064,-0.375351,0
430.993,-0.839496,-0.371074,0,0,-2.4943,-2.46553,-0.839496,-0.371074,3828.78,-0.852594,-0.407854,0
443.934,-0.854532,-0.377125,0,0,-1.16183,-0.467592,-0.854532,-0.377125,3717.67,-0.854734,-0.362903,0
452.195,-0.855293,-0.384433,0,0,-0.0921848,-0.884609,-0.855293,-0.384433,3607,-0.875632,-0.382637,0
462.429,-0.855292,-0.38494,0,0,7.57023e-05,-0.0495815,-0.855292,-0.38494,3494.65,-0.906338,-0.418486,0
470.994,-0.854579,-0.385177,0,0,0.0832782,-0.0275929,-0.854579,-0.385177,3380.38,-0.855213,-0.357223,0
482.996,-0.837028,-0.3903,0,0,1.46233,-0.426911,-0.837028,-0.3903,3273.01,-0.788383,-0.391623,0
490.995,-0.806192,-0.389201,0,0,3.85494,0.137483,-0.806192,-0.389201,3182.92,-0.867713,-0.416503,0
503.023,-0.804525,-0.389003,0,0,0.13863,0.016402,-0.804525,-0.389003,3107.87,-0.785099,-0.421135,0
514.556,-0.801042,-0.385721,0,0,0.302013,0.284566,-0.801042,-0.385721,3037.07,-0.771182,-0.378319,0
522.775,-0.79928,-0.377773,0,0,0.214424,0.967058,-0.79928,-0.377773,2964.85,-0.864687,-0.318881,0
534.553,-0.77818,-0.36004,0,0,1.79146,1.50558,-0.77818,-0.36004,2892.23,-0.855844,-0.3792,0
543.114,-0.727258,-0.329215,0,0,5.9481,3.6007,-0.727258,-0.329215,2819.93,-0.676612,-0.387254,0
554.967,-0.706906,-0.328182,0,0,1.71701,0.0871554,-0.706906,-0.328182,2749.11,-0.655884,-0.259216,0
562.965,-0.679021,-0.351839,0,0,3.48657,-2.95792,-0.679021,-0.351839,2683.79,-0.68012,-0.287928,0
575.012,-0.677693,-0.351893,0,0,0.110205,-0.00443769,-0.677693,-0.351893,2624.26,-0.72627,-0.600336,0
583.1,-0.673417,-0.329365,0,0,0.528715,2.78528,-0.673417,-0.329365,2565.28,-0.666278,-0.441273,0
595.583,-0.644069,-0.327083,0,0,2.35106,0.182845,-0.644069,-0.327083,2506.12,-0.581065,-0.248769,0
603.373,-0.600514,-0.320482,0,0,5.59112,0.847411,-0.600514,-0.320482,2450.43,-0.526448,-0.324992,0
614.458,-0.595337,-0.206701,0,0,0.467022,10.2644,-0.595337,-0.206701,2395.39,-0.666753,-0.13327,0
622.999,-0.581852,-0.0343292,0,0,1.57881,20.1817,-0.581852,-0.0343292,2337.92,-0.546203,0.117797,0
634.982,-0.570132,-0.0264681,0,0,0.978055,0.656028,-0.570132,-0.0264681,2287.53,-0.62172,0.152763,0
643.889,-0.56427,-0.0283134,0,0,0.658118,-0.207175,-0.56427,-0.0283134,2255.54,-0.610299,0.0333688,0
654.416,-0.550933,-0.0813205,0,0,1.26694,-5.03535,-0.550933,-0.0813205,2238.74,-0.480905,-0.287619,0
663.197,-0.537971,-0.210815,0,0,1.47617,-14.7471,-0.537971,-0.210815,2224.1,-0.510283,-0.306029,0
674.531,-0.518419,-0.215568,0,0,1.72506,-0.419406,-0.518419,-0.215568,2203.32,-0.507343,-0.230671,0
682.468,-0.514959,-0.213718,0,0,0.435993,0.233175,-0.514959,-0.213718,2176.36,-0.61291,-0.173005,0
695.012,-0.512623,-0.17232,0,0,0.186195,3.30018,-0.512623,-0.17232,2144.71,-0.527875,-0.125942,0
702.984,-0.487909,-0.105493,0,0,3.10016,8.38277,-0.487909,-0.105493,2110.27,-0.392785,0.0462443,0
715.816,-0.446808,-0.0297586,0,0,3.20298,5.90197,-0.446808,-0.0297586,2078.21,-0.370866,-0.00253359,0
724.396,-0.410186,0.0144213,0,0,4.26826,5.14918,-0.410186,0.0144213,2052.49,-0.467047,0.0195947,0
734.809,-0.366669,0.0327903,0,0,4.17913,1.76404,-0.366669,0.0327903,2033.28,-0.343362,0.109298,0
743.076,-0.327385,0.0619422,0,0,4.75189,3.52629,-0.327385,0.0619422,2020.37,-0.258883,0.0613766,0
755.015,-0.292638,0.064686,0,0,2.91039,0.229821,-0.292638,0.064686,2012.37,-0.28105,-0.0104366,0
767.049,-0.272041,0.062481,0,0,1.71156,-0.183231,-0.272041,0.062481,2005.5,-0.0966746,0.278114,0
775.059,-0.266924,-0.0112967,0,0,0.638882,-9.21069,-0.266924,-0.0112967,1996.8,-0.339454,-0.0893226,0
786.312,-0.261484,-0.074749,0,0,0.483377,-5.6387,-0.261484,-0.074749,1985.89,-0.242321,-0.0496603,0
795.19,-0.251916,-0.0861192,0,0,1.07773,-1.28072,-0.251916,-0.0861192,1974.38,-0.256765,-0.250795,0
807.255,-0.153639,-0.0817302,0,0,8.14567,0.363782,-0.153639,-0.0817302,1965.01,0.0233437,-0.00945516,0
814.971,-0.0203232,-0.0666604,0,0,17.2778,1.95307,-0.0203232,-0.0666604,1959.16,-0.0560957,-0.144304,0
826.437,0.0326142,-0.0417132,0,0,4.6169,2.17575,0.0326142,-0.0417132,1955.36,0.0564536,-0.00823273,0
834.972,0.0785522,-0.0101865,0,0,5.3823,3.69381,0.0785522,-0.0101865,1950.85,0.171625,0.0709933,0
846.998,0.142626,-0.00444795,0,0,5.32792,0.477175,0.142626,-0.00444795,1943.49,0.206868,0.114696,0
854.291,0.179277,0.0351437,0,0,5.02561,5.42871,0.179277,0.0351437,1932.88,0.0758701,-0.118093,0
866.45,0.201081,0.0949352,0,0,1.7932,4.91747,0.201081,0.0949352,1919.15,0.173,-0.0837645,0
875.058,0.306495,0.193794,0,0,12.2461,11.4845,0.306495,0.193794,1903.34,0.438096,0.281366,0
886.455,0.416137,0.274916,0,0,9.62028,7.11784,0.416137,0.274916,1889.86,0.40594,0.268801,0
895.002,0.435274,0.290704,0,0,2.23896,1.84723,0.435274,0.290704,1882.68,0.433785,0.299628,0
906.463,0.434666,0.307608,0,0,-0.0530296,1.47487,0.434666,0.307608,1880.74,0.636741,0.495527,0
915.16,0.41714,0.307519,0,0,-2.01521,-0.0101652,0.41714,0.307519,1882.06,0.86464,0.820391,0
927.854,0.323072,0.299851,0,0,-7.41044,-0.604109,0.323072,0.299851,1888.09,0.278563,0.309782,0
935.762,-0.529886,0.17475,0,0,-107.86,-15.8195,-0.529886,0.17475,1900.97,-1.32147,-0.125964,0
947.082,-1.49335,-0.118668,0,0,-85.1116,-25.9203,-1.49335,-0.118668,1918.64,-2.12413,-0.328882,0
955.064,-1.88169,-0.260391,0,0,-48.6522,-17.7554,-1.88169,-0.260391,1935.73,-2.10169,-0.323663,0
967.019,-2.03127,-0.319634,0,0,-12.5121,-4.95545,-2.03127,-0.319634,1948.19,-2.06634,-0.422092,0
975.123,-2.03721,-0.32122,0,0,-0.732597,-0.195712,-2.03721,-0.32122,1955.66,-2.07242,-0.220292,0
986.368,-2.03451,-0.302278,0,0,0.240054,1.68449,-2.03451,-0.302278,1960.14,-1.9402,-0.360351,0
995.144,-1.95698,-0.268754,0,0,8.83458,3.81989,-1.95698,-0.268754,1963.18,-1.84855,-0.301785,0
1007.1,-1.88578,-0.233527,0,0,5.95504,2.94641,-1.88578,-0.233527,1965.63,-1.86974,-0.252608,0
1019.05,-1.85447,-0.216218,0,0,2.62009,1.44835,-1.85447,-0.216218,1968.09,-1.78013,-0.0474828,0
1027.02,-1.81117,-0.200477,0,0,5.43376,1.97552,-1.81117,-0.200477,1971.5,-1.85242,-0.108838,0
1038.52,-1.74299,-0.196967,0,0,5.92602,0.305074,-1.74299,-0.196967,1978.28,-1.64832,-0.0872643,0
1047.68,-1.68563,-0.19746,0,0,6.26548,-0.0538754,-1.68563,-0.19746,1990.89,-1.59127,-0.981101,0
1059.13,-1.68064,-0.266859,0,0,0.435426,-6.0621,-1.68064,-0.266859,2007.83,-1.6238,-0.327443,0
1067.02,-1.67193,-0.325663,0,0,1.10392,-7.4482,-1.67193,-0.325663,2023.63,-1.68082,-0.319645,0
1078.48,-1.65385,-0.4647,0,0,1.57684,-12.1313,-1.65385,-0.4647,2035.69,-1.72145,-1.0367,0
1087.01,-1.65308,-0.470612,0,0,0.0911116,-0.693722,-1.65308,-0.470612,2045.8,-1.68256,-0.948084,0
1098.92,-1.64946,-0.467524,0,0,0.303431,0.259248,-1.64946,-0.467524,2054.45,-1.62994,-0.135649,0
1106.83,-1.56029,-0.443493,0,0,11.2688,3.03683,-1.56029,-0.443493,2061.06,-1.46953,-0.282064,0
1119.74,-1.43965,-0.277836,0,0,9.34767,12.8357,-1.43965,-0.277836,2065.86,-1.34597,0.103974,0
1127.85,-1.40589,-0.252507,0,0,4.15989,3.12121,-1.40589,-0.252507,2069.43,-1.38177,-0.459171,0
1138.47,-1.40252,-0.251619,0,0,0.317997,0.0837134,-1.40252,-0.251619,2073.52,-1.41629,-0.243037,0
1147.01,-1.40249,-0.252434,0,0,0.00324715,-0.0953725,-1.40249,-0.252434,2080.58,-1.4404,-0.216762,0
1158.43,-1.40451,-0.270729,0,0,-0.17681,-1.6026,-1.40451,-0.270729,2090.85,-1.39703,-0.282624,0
1167.02,-1.41655,-0.265365,0,0,-1.40106,0.624065,-1.41655,-0.265365,2102.58,-1.4835,-0.331928,0
1179.53,-1.4161,-0.30635,0,0,0.0360347,-3.27622,-1.4161,-0.30635,2115.03,-1.43033,-0.447018,0
1189.03,-1.42523,-0.353132,0,0,-0.960783,-4.92546,-1.42523,-0.353132,2128.37,-1.41957,-0.236918,0
1199.03,-1.44802,-0.412044,0,0,-2.28028,-5.89475,-1.44802,-0.412044,2141.66,-1.37182,-0.512349,0
1206.25,-1.44763,-0.463338,0,0,0.0538956,-7.10343,-1.44763,-0.463338,2153.43,-1.49666,-0.691234,0
1219.96,-1.45444,-0.482393,0,0,-0.496875,-1.3895,-1.45444,-0.482393,2163.41,-1.45378,-0.151911,0
1227.72,-1.4723,-0.485927,0,0,-2.30186,-0.455503,-1.4723,-0.485927,2172.17,-1.55869,-0.653927,0
1238.5,-1.47066,-0.533724,0,0,0.152065,-4.43385,-1.47066,-0.533724,2180,-1.43104,-0.589078,0
1247.08,-1.45165,-0.572136,0,0,2.21621,-4.47794,-1.45165,-0.572136,2187.06,-1.40643,-0.376449,0
1258.62,-1.45015,-0.594409,0,0,0.130244,-1.93041,-1.45015,-0.594409,2193.61,-1.57833,-0.943075,0
1271.03,-1.44798,-0.679027,0,0,0.174628,-6.81695,-1.44798,-0.679027,2200.48,-1.41155,-0.561702,0
1279.03,-1.44228,-0.682804,0,0,0.712155,-0.472228,-1.44228,-0.682804,2208.78,-1.46891,-0.668057,0
1291.06,-1.4214,-0.684958,0,0,1.73588,-0.178969,-1.4214,-0.684958,2217.95,-1.51097,-1.05896,0
1299.04,-1.42712,-0.587762,0,0,-0.7158,12.1738,-1.42712,-0.587762,2225.83,-1.41123,-0.497797,0
1310.79,-1.43804,-0.684339,0,0,-0.93054,-8.22349,-1.43804,-0.684339,2230.52,-1.20995,-0.153806,0
1318.78,-1.4392,-0.650959,0,0,-0.1448,4.17768,-1.4392,-0.650959,2232.49,-1.4426,-0.659788,0
1330.48,-1.42503,-0.651517,0,0,1.21149,-0.0476529,-1.42503,-0.651517,2233.65,-1.444,-0.972239,0
1339.06,-1.42148,-0.715874,0,0,0.413538,-7.4991,-1.42148,-0.715874,2234.33,-1.47436,-0.720833,0
1351.04,-1.40555,-0.718674,0,0,1.3292,-0.233583,-1.40555,-0.718674,2234.27,-1.31383,-0.714493,0
1359,-1.40248,-0.729844,0,0,0.385649,-1.40435,-1.40248,-0.729844,2233.84,-1.32364,-0.690354,0
1370.47,-1.39197,-0.718095,0,0,0.915321,1.02373,-1.39197,-0.718095,2233.06,-1.29385,-0.789062,0
1378.89,-1.37184,-0.716398,0,0,2.39074,0.201604,-1.37184,-0.716398,2231.6,-1.41376,-0.860539,0
1391.04,-1.34079,-0.70849,0,0,2.55695,0.651262,-1.34079,-0.70849,2229.46,-1.39924,-0.650498,0
1399.2,-1.37241,-0.721356,0,0,-3.87445,-1.57676,-1.37241,-0.721356,2226.92,-1.32442,-0.50659,0
1410.52,-1.37392,-0.720198,0,0,-0.133412,0.102242,-1.37392,-0.720198,2224.31,-1.21128,-0.746344,0
1418.46,-1.37286,-0.681325,0,0,0.133186,4.89471,-1.37286,-0.681325,2221.78,-1.3863,-0.852785,0
1430.31,-1.31573,-0.695815,0,0,4.82185,-1.22297,-1.31573,-0.695815,2219.3,-1.25453,-0.791652,0
1438.33,-1.27393,-0.699057,0,0,5.21281,-0.404262,-1.27393,-0.699057,2216.46,-1.39509,-0.657171,0
1450.37,-1.27203,-0.69593,0,0,0.158429,0.259722,-1.27203,-0.69593,2211.75,-1.26,-0.691602,0
1459.5,-1.26589,-0.668393,0,0,0.671796,3.0167,-1.26589,-0.668393,2201.69,-1.28457,-0.70209,0
1470.62,-1.25523,-0.558789,0,0,0.95854,9.85296,-1.25523,-0.558789,2183.18,-1.23073,-0.094417,0
1479.12,-1.17753,-0.325296,0,0,9.14286,27.4729,-1.17753,-0.325296,2159.5,-1.04577,-0.253635,0
1491.03,-1.12131,-0.11189,0,0,4.71968,17.9182,-1.12131,-0.11189,2138.62,-1.08982,0.0433637,0
1499.03,-1.1065,-0.0633926,0,0,1.85168,6.06068,-1.1065,-0.0633926,2125.57,-1.11781,0.043268,0
1511.09,-1.07564,-0.060319,0,0,2.55888,0.254885,-1.07564,-0.060319,2119.52,-1.12587,-0.115135,0
1522.33,-1.029,-0.0608073,0,0,4.15006,-0.0434451,-1.029,-0.0608073,2116.36,-0.853765,-0.197919,0
1531.26,-1.00658,-0.12323,0,0,2.51162,-6.99331,-1.00658,-0.12323,2113.6,-0.837339,-0.0489485,0
1543.01,-0.948799,-0.253762,0,0,4.91483,-11.1035,-0.948799,-0.253762,2111.46,-1.03366,-0.584973,0
1551.02,-0.899187,-0.342919,0,0,6.19766,-11.1376,-0.899187,-0.342919,2110.12,-1.04811,-0.55649,0
1563,-0.898857,-0.346674,0,0,0.0274835,-0.313334,-0.898857,-0.346674,2109.06,-0.837465,-0.351595,0
1571.03,-0.853869,-0.344078,0,0,5.60668,0.323547,-0.853869,-0.344078,2107.63,-0.846877,0.0327876,0
1582.31,-0.849262,-0.325109,0,0,0.408213,1.68076,-0.849262,-0.325109,2105.11,-0.857569,-0.321987,0
1592.03,-0.85145,-0.214036,0,0,-0.22515,11.4296,-0.85145,-0.214036,2101.19,-0.855718,-0.0767807,0
1603.21,-0.853389,-0.152986,0,0,-0.173496,5.46306,-0.853389,-0.152986,2096.67,-0.865696,0.0177429,0
1611.09,-0.849136,-0.148106,0,0,0.539414,0.619085,-0.849136,-0.148106,2092.6,-0.7636,-0.098017,0
1623.02,-0.806476,-0.0966616,0,0,3.57498,4.31107,-0.806476,-0.0966616,2088.99,-0.607049,-0.188119,0
1631.02,-0.748356,-0.111419,0,0,7.26955,-1.84587,-0.748356,-0.111419,2085.13,-0.841085,-0.360306,0
1643.11,-0.681448,-0.107709,0,0,5.53323,0.306859,-0.681448,-0.107709,2080.16,-0.622441,-0.0126638,0
1651.01,-0.627103,-0.0665031,0,0,6.87652,5.21393,-0.627103,-0.0665031,2073.44,-0.964341,-0.136767,0
1662.45,-0.626458,-0.00598263,0,0,0.056409,5.29302,-0.626458,-0.00598263,2065.22,-0.581518,0.0121953,0
1670.86,-0.61991,0.0771548,0,0,0.778129,9.87967,-0.61991,0.0771548,2056.42,-0.651704,0.348928,0
1684,-0.622236,0.0856584,0,0,-0.177078,0.647404,-0.622236,0.0856584,2046.97,-0.523397,0.31839,0
1691.87,-0.593292,0.202417,0,0,3.67688,14.8321,-0.593292,0.202417,2037.13,0.185532,1.10212,0
1703.01,-0.569363,0.211991,0,0,2.14838,0.859637,-0.569363,0.211991,2028.85,-3.70578,-1.11325,0
1711.04,-0.564457,0.28448,0,0,0.610982,9.02835,-0.564457,0.28448,2023.48,-0.435244,0.258517,0
1722.47,-0.566471,0.151735,0,0,-0.176129,-11.6097,-0.566471,0.151735,2020.51,-0.690642,-0.163934,0
1731.87,-0.567247,0.0536332,0,0,-0.0826263,-10.443,-0.567247,0.0536332,2018.28,-0.410127,0.375965,0
1742.47,-0.563196,0.0490957,0,0,0.382104,-0.427983,-0.563196,0.0490957,2016.49,-0.649412,-0.21193,0
1750.54,-0.561841,0.0341605,0,0,0.167926,-1.85093,-0.561841,0.0341605,2016.55,-0.567185,-0.0850088,0
1762.34,-0.553285,0.0331715,0,0,0.724669,-0.0837676,-0.553285,0.0331715,2018.25,-0.441437,0.194363,0
1774.36,-0.563559,-0.0324089,0,0,-0.855271,-5.45957,-0.563559,-0.0324089,2019.64,-0.54807,-0.0941148,0
1784,-0.559353,-0.0376776,0,0,0.436266,-0.546544,-0.559353,-0.0376776,2020.11,-0.41255,0.13005,0
1795.13,-0.550733,-0.0961827,0,0,0.77392,-5.25275,-0.550733,-0.0961827,2020.17,-0.580665,-0.124598,0
1803.19,-0.551183,-0.0973376,0,0,-0.0558129,-0.143396,-0.551183,-0.0973376,2020.17,-0.571338,-0.0945843,0
1815.07,-0.569912,-0.108427,0,0,-1.57645,-0.933354,-0.569912,-0.108427,2020.14,-0.542381,-0.128298,0
1823.02,-0.609466,-0.11826,0,0,-4.97159,-1.23598,-0.609466,-0.11826,2019.99,-0.636049,-0.088933,0
1834.46,-0.691108,-0.124677,0,0,-7.13648,-0.560921,-0.691108,-0.124677,2019.32,-3.89288,-1.36398,0
1843.92,-0.932884,-0.134116,0,0,-25.5577,-0.997788,-0.932884,-0.134116,2017.27,-0.833752,-0.0960049,0
1854.64,-1.26181,-0.133614,0,0,-30.6918,0.04682,-1.26181,-0.133614,2013.45,-1.40574,-0.437688,0
1862.95,-1.39641,-0.137702,0,0,-16.2,-0.491975,-1.39641,-0.137702,2009.21,-1.44006,-0.13539,0
1874.33,-1.40288,-0.111544,0,0,-0.56816,2.29919,-1.40288,-0.111544,2006.29,-1.48464,-0.0489141,0
1882.34,-1.40912,-0.0904841,0,0,-0.779056,2.62827,-1.40912,-0.0904841,2004.96,-1.33787,-0.0544625,0
1894.32,-1.3964,-0.0885863,0,0,1.06141,0.158375,-1.3964,-0.0885863,2004.55,-1.29606,-0.115755,0
1902.39,-1.39517,-0.0885124,0,0,0.153139,0.00916605,-1.39517,-0.0885124,2004.52,-1.39823,-0.214363,0
1915.76,-1.38035,-0.0878874,0,0,1.10827,0.046742,-1.38035,-0.0878874,2004.38,-1.29477,-0.0545709,0
1923.6,-1.38591,-0.0935528,0,0,-0.709023,-0.722632,-1.38591,-0.0935528,2003.97,-1.46937,-0.418492,0
1934.73,-1.39009,-0.206721,0,0,-0.376178,-10.1642,-1.39009,-0.206721,2003.5,-1.3283,-0.0810504,0
1943.01,-1.40931,-0.215852,0,0,-2.32077,-1.10257,-1.40931,-0.215852,2002.72,-1.43036,-0.437898,0
1954.46,-1.43184,-0.348484,0,0,-1.96746,-11.5826,-1.43184,-0.348484,2000.68,-1.43299,-0.336294,0
1963,-1.43436,-0.308267,0,0,-0.295398,4.71307,-1.43436,-0.308267,1996.45,-1.20698,-0.0601118,0
1975.11,-1.43346,-0.300817,0,0,0.0742704,0.615074,-1.43346,-0.300817,1989.69,-1.44761,-0.506211,0
1983.16,-1.41031,-0.171345,0,0,2.87675,16.0854,-1.41031,-0.171345,1980.94,-1.47551,-0.484318,0
1994.5,-1.37998,-0.0240739,0,0,2.67376,12.9834,-1.37998,-0.0240739,1972.08,-1.32927,0.182182,0
2003.28,-1.27724,0.0670101,0,0,11.7044,10.3764,-1.27724,0.0670101,1965.64,-1.0631,0.525186,0
2014.36,-1.22161,0.129075,0,0,5.01942,5.60051,-1.22161,0.129075,1962.59,-1.22351,0.0315242,0
2026.38,-1.21338,0.150638,0,0,0.684683,1.79441,-1.21338,0.150638,1961.83,-1.33052,0.194611,0
2035.95,-1.2127,0.130329,0,0,0.0710485,-2.12192,-1.2127,0.130329,1962.43,-1.19717,0.105669,0
2047.44,-1.22086,0.0905821,0,0,-0.709648,-3.45929,-1.22086,0.0905821,1965.04,-1.11868,0.277389,0
2054.7,-1.28837,0.0138545,0,0,-9.29684,-10.5656,-1.28837,0.0138545,1970.26,-1.5167,-0.351305,0
2067.16,-1.39266,-0.168846,0,0,-8.37215,-14.6665,-1.39266,-0.168846,1976.19,-1.44364,-0.360396,0
2075.34,-1.43309,-0.238636,0,0,-4.94305,-8.53395,-1.43309,-0.238636,1980.14,-1.26879,-0.111152,0
2086.51,-1.4329,-0.280393,0,0,0.0165731,-3.73728,-1.4329,-0.280393,1981.86,-1.43018,-0.245916,0
2095.04,-1.42267,-0.282488,0,0,1.19971,-0.245676,-1.42267,-0.282488,1982.45,-1.43651,-0.438163,0
2107.06,-1.42063,-0.300982,0,0,0.170235,-1.53846,-1.42063,-0.300982,1982.57,-1.39845,-0.388925,0
2115.04,-1.39846,-0.302278,0,0,2.77853,-0.162464,-1.39846,-0.302278,1982.45,-1.24958,-0.239772,0
2126.61,-1.39634,-0.336013,0,0,0.183212,-2.91419,-1.39634,-0.336013,1981.98,-1.35819,-0.321944,0
2135.06,-1.39529,-0.359359,0,0,0.124387,-2.76359,-1.39529,-0.359359,1980.68,-1.05007,0.276452,0
2147.01,-1.38985,-0.320495,0,0,0.455003,3.25336,-1.38985,-0.320495,1976.62,-1.45717,-0.415116,0
2156.04,-1.36875,-0.283068,0,0,2.33595,4.1424,-1.36875,-0.283068,1965.4,-1.44993,-0.430477,0
2167.07,-1.36964,-0.228186,0,0,-0.0809388,4.97615,-1.36964,-0.228186,1945.27,-1.36196,0.046486,0
2175.32,-1.36962,-0.0625068,0,0,0.00280538,20.0848,-1.36962,-0.0625068,1923.2,-1.32642,0.0713258,0
2187.29,-1.24316,0.105867,0,0,10.5648,14.0674,-1.24316,0.105867,1907.34,-1.1381,0.322744,0
2196.22,-1.1446,0.236285,0,0,11.0367,14.6029,-1.1446,0.236285,1897.74,-1.06555,0.540076,0
2206.52,-1.13868,0.294868,0,0,0.573989,5.68654,-1.13868,0.294868,1891.28,-1.13952,0.155897,0
2215.1,-1.12995,0.296619,0,0,1.01822,0.204253,-1.12995,0.296619,1887.3,-1.10097,0.291782,0
2226.97,-1.12961,0.274546,0,0,0.0291138,-1.85996,-1.12961,0.274546,1885.62,-1.00357,0.434679,0
2235.18,-1.12961,0.273575,0,0,-0.000182263,-0.118104,-1.12961,0.273575,1885.19,-1.1411,0.253145,0
2246.8,-1.13063,0.27347,0,0,-0.0877436,-0.00905581,-1.13063,0.27347,1885.19,-1.13251,0.213811,0
2255.02,-1.15497,0.270663,0,0,-2.96248,-0.341545,-1.15497,0.270663,1885.56,-1.17242,0.294582,0
2267.04,-1.18187,0.259921,0,0,-2.23715,-0.893327,-1.18187,0.259921,1886.85,-1.21654,0.207841,0
2279.01,-1.182,0.229309,0,0,-0.0110878,-2.55722,-1.182,0.229309,1889.46,-1.07595,0.355537,0
2286.32,-1.17851,0.170222,0,0,0.477839,-8.08637,-1.17851,0.170222,1893.19,-1.32617,-0.193588,0
2298.43,-1.14051,0.132497,0,0,3.13717,-3.11417,-1.14051,0.132497,1898.22,-1.11396,0.0951313,0
2306.36,-1.08756,0.133207,0,0,6.68384,0.0896522,-1.08756,0.133207,1905.2,-1.06068,0.511141,0
2318.41,-1.05357,0.134707,0,0,2.81972,0.124397,-1.05357,0.134707,1913.24,-1.02392,0.172919,0
2327.77,-1.05217,0.134768,0,0,0.14937,0.006594,-1.05217,0.134768,1919.62,1.55094,-1.37055,0
2338.47,-1.05311,0.131052,0,0,-0.0875813,-0.34723,-1.05311,0.131052,1922.95,-0.982482,0.297879,0
2347.05,-1.07615,0.0483556,0,0,-2.68777,-9.64501,-1.07615,0.0483556,1924.55,-1.16779,-0.297421,0
2358.45,-1.11604,0.0873878,0,0,-3.49887,3.42328,-1.11604,0.0873878,1926.11,-1.12807,-0.0506814,0
2367.14,-1.11712,0.0703376,0,0,-0.123399,-1.96182,-1.11712,0.0703376,1928.27,-1.2558,-0.14756,0
2379.15,-1.11717,0.0720044,0,0,-0.00469691,0.138723,-1.11717,0.0720044,1931.58,-1.08699,0.520162,0
2387.16,-1.11958,0.128867,0,0,-0.300301,7.10518,-1.11958,0.128867,1935.69,-1.03137,0.530558,0
2398.3,-1.1312,0.130858,0,0,-1.04273,0.178567,-1.1312,0.130858,1938.6,-1.32818,-0.429769,0
2407.14,-1.14672,0.123338,0,0,-1.75613,-0.850658,-1.14672,0.123338,1938.91,-1.00489,0.57588,0
2418.46,-1.23677,-0.040299,0,0,-7.95911,-14.4632,-1.23677,-0.040299,1936.38,-1.34521,-0.390607,0
2426.92,-1.27854,-0.139863,0,0,-4.93748,-11.7702,-1.27854,-0.139863,1932.12,-1.32373,-0.41276,0
2438.42,-1.28021,-0.143931,0,0,-0.144826,-0.353759,-1.28021,-0.143931,1928.14,-1.24965,-0.155541,0
2447.12,-1.2779,-0.14112,0,0,0.264375,0.322986,-1.2779,-0.14112,1924.78,-1.26311,-0.130243,0
2459.18,-1.22492,-0.0771118,0,0,4.39191,5.3057,-1.22492,-0.0771118,1921.35,-1.03669,-0.0119822,0
2466.44,-1.208,-0.0736614,0,0,2.33245,0.475729,-1.208,-0.0736614,1917.72,-1.11992,0.205571,0
2479.03,-1.18705,-0.0747241,0,0,1.66388,-0.0843813,-1.18705,-0.0747241,1913.82,-1.04522,0.332239,0
2487.04,-1.17232,-0.12416,0,0,1.8397,-6.17484,-1.17232,-0.12416,1909.11,-1.22986,-0.226956,0
2499.2,-1.15036,-0.239859,0,0,1.80582,-9.51469,-1.15036,-0.239859,1902.94,-1.18379,-0.312931,0
2506.93,-1.15938,-0.26998,0,0,-1.16652,-3.89417,-1.15938,-0.26998,1895.81,-1.11522,-0.303099,0
2518.61,-1.17226,-0.27163,0,0,-1.10328,-0.141323,-1.17226,-0.27163,1889.59,-1.13546,-0.276642,0
2531.01,-1.17346,-0.269164,0,0,-0.0964412,0.198861,-1.17346,-0.269164,1884.6,-1.32402,-0.330714,0
2539.04,-1.18819,-0.211692,0,0,-1.83509,7.16065,-1.18819,-0.211692,1878.49,-1.18767,-0.0598346,0
2550.49,-1.18849,-0.187255,0,0,-0.0265369,2.1335,-1.18849,-0.187255,1869.78,-1.24729,-0.22487,0
2559.1,-1.19098,-0.100787,0,0,-0.28903,10.0451,-1.19098,-0.100787,1860.01,-0.920459,0.243905,0
2570.68,-1.18277,-0.0169579,0,0,0.708832,7.23979,-1.18277,-0.0169579,1850.84,-1.32946,-0.245243,0
2578.61,-1.144,0.045015,0,0,4.89066,7.81794,-1.144,0.045015,1842.42,-1.03272,0.402224,0
2591.01,-1.11329,0.0456318,0,0,2.47576,0.049717,-1.11329,0.0456318,1835.61,-1.26865,-0.181407,0
2599.08,-1.1078,-0.0277231,0,0,0.680526,-9.09321,-1.1078,-0.0277231,1831.46,-0.912296,0.317443,0
2611.03,-1.07026,-0.0319018,0,0,3.14091,-0.349682,-1.07026,-0.0319018,1829.37,-1.07283,-0.321755,0
2619.01,-1.11031,-0.0927298,0,0,-5.01917,-7.62351,-1.11031,-0.0927298,1828.25,-1.21551,-0.097448,0
2630.63,-1.11168,-0.0953855,0,0,-0.117363,-0.228449,-1.11168,-0.0953855,1827.55,-1.01412,0.139856,0
2639.08,-1.12306,-0.0943,0,0,-1.34647,0.128438,-1.12306,-0.0943,1827.06,-1.19784,-0.106628,0
2650.39,-1.12866,-0.0580365,0,0,-0.495903,3.20774,-1.12866,-0.0580365,1826.82,-1.14483,-0.00224458,0
2658.94,-1.12144,-0.0461391,0,0,0.844633,1.39184,-1.12144,-0.0461391,1826.84,-1.1094,0.034547,0
2671.06,-1.13367,-0.0462368,0,0,-1.00914,-0.0080638,-1.13367,-0.0462368,1826.82,-1.02247,-0.100352,0
2679.02,-1.13389,-0.048408,0,0,-0.0280002,-0.272689,-1.13389,-0.048408,1826.46,-1.1254,-0.0386244,0
2690.47,-1.13491,-0.0993581,0,0,-0.0883256,-4.44863,-1.13491,-0.0993581,1825.51,-1.26189,-0.133034,0
2698.46,-1.19837,-0.144067,0,0,-7.94632,-5.59838,-1.19837,-0.144067,1823.97,-1.13802,-0.185657,0
2711.11,-1.25129,-0.170965,0,0,-4.18143,-2.1252,-1.25129,-0.170965,1822.4,-1.26028,-0.311707,0
2719.55,-1.2511,-0.171963,0,0,0.0224118,-0.118169,-1.2511,-0.171963,1821.44,-1.32947,-0.203691,0
2731.07,-1.19746,-0.170303,0,0,4.65622,0.144066,-1.19746,-0.170303,1821.03,-1.2493,-0.18227,0
2739.03,-1.21306,-0.185565,0,0,-1.96103,-1.91855,-1.21306,-0.185565,1820.86,-1.12274,-0.141169,0
2750.52,-1.15478,-0.158243,0,0,5.0738,2.37857,-1.15478,-0.158243,1820.61,-0.968388,0.104396,0
2759.07,-1.12422,-0.0806972,0,0,3.57393,9.06858,-1.12422,-0.0806972,1819.68,-4.19187,-1.36593,0
2771.3,-1.11823,0.034091,0,0,0.489715,9.38502,-1.11823,0.034091,1817.17,-1.24787,-0.150342,0
2783.18,-1.11924,0.0750643,0,0,-0.0849169,3.44835,-1.11924,0.0750643,1812.59,-0.928418,0.582402,0
2791.15,-1.117,0.0211748,0,0,0.279953,-6.75815,-1.117,0.0211748,1806.72,-1.00446,0.252094,0
2803.03,-1.10749,0.0185895,0,0,0.801001,-0.217669,-1.10749,0.0185895,1801.19,-1.23061,-0.130815,0
2810.34,-1.10229,0.00614972,0,0,0.712124,-1.70198,-1.10229,0.00614972,1796.32,-1.13219,-0.15154,0
2822.34,-1.05215,0.00780004,0,0,4.18023,0.137595,-1.05215,0.00780004,1791.37,-1.06564,-0.156587,0
2830.72,-1.03849,0.00858848,0,0,1.63033,0.0940869,-1.03849,0.00858848,1786.6,-0.849277,0.102858,0
2843.04,-0.958662,0.016356,0,0,6.47446,0.630022,-0.958662,0.016356,1784.25,-0.887847,0.0591033,0
2852.02,-0.932336,0.0216404,0,0,2.93363,0.58885,-0.932336,0.0216404,1785.71,-0.80895,0.210272,0
2862.51,-0.934372,0.111058,0,0,-0.194151,8.52572,-0.934372,0.111058,1788.56,-0.951892,0.564378,0
2871.03,-0.936656,0.110501,0,0,-0.267759,-0.0653269,-0.936656,0.110501,1791.52,-1.14557,-0.178019,0
2883.02,-0.991598,0.001708,0,0,-4.58462,-9.07819,-0.991598,0.001708,1796.5,-0.945839,0.660819,0
2891.03,-1.13483,-0.15703,0,0,-17.868,-19.8027,-1.13483,-0.15703,1804.36,-1.34071,-0.12794,0
2903.17,-1.23362,-0.183127,0,0,-8.1369,-2.14947,-1.23362,-0.183127,1813.08,-1.23109,-0.33009,0
2911.19,-1.23668,-0.213667,0,0,-0.382022,-3.80795,-1.23668,-0.213667,1820.14,-1.21198,-0.242117,0
2922.89,-1.23401,-0.253184,0,0,0.227982,-3.37784,-1.23401,-0.253184,1824.44,-1.23895,-0.288564,0
2931.03,-1.20102,-0.264189,0,0,4.05339,-1.35174,-1.20102,-0.264189,1825.89,-0.885851,0.598733,0
2942.48,-1.13799,-0.270614,0,0,5.50623,-0.561358,-1.13799,-0.270614,1824.78,-1.35399,-0.297271,0
2951.06,-1.10065,-0.274263,0,0,4.35155,-0.425151,-1.10065,-0.274263,1821.88,-1.1012,-0.311601,0
2963.58,-1.09303,-0.274145,0,0,0.608689,0.00941978,-1.09303,-0.274145,1818.81,-1.10002,-0.166633,0
2970.55,-1.09265,-0.272921,0,0,0.0532196,0.175622,-1.09265,-0.272921,1816.05,-1.08219,-0.269755,0
2983.13,-1.09003,-0.242628,0,0,0.208411,2.40856,-1.09003,-0.242628,1810.35,-1.06782,-0.00255269,0
2991.78,-1.08094,-0.168537,0,0,1.05131,8.56545,-1.08094,-0.168537,1796.08,-1.11375,-0.288793,0
3003.08,-1.02588,0.100302,0,0,4.8703,23.7785,-1.02588,0.100302,1773.2,-0.786009,0.493095,0
3012.09,-1.02747,0.322006,0,0,-0.176838,24.6119,-1.02747,0.322006,1751.57,-0.940554,0.375148,0
3023.91,-0.955967,0.335367,0,0,6.04869,1.13026,-0.955967,0.335367,1739.65,-0.992892,0.0425234,0
3035.15,-0.903413,0.358195,0,0,4.67524,2.03079,-0.903413,0.358195,1735.59,-1.10212,0.301088,0
3043.88,-0.898197,0.337937,0,0,0.597523,-2.32058,-0.898197,0.337937,1734.47,-0.862218,0.352276,0
3054.55,-0.844256,0.339131,0,0,5.05683,0.111989,-0.844256,0.339131,1734.8,-0.788922,0.413081,0
3062.53,-0.818714,0.334093,0,0,3.19992,-0.631163,-0.818714,0.334093,1736.92,-0.774812,0.310524,0
3074.33,-0.817586,0.330693,0,0,0.0955737,-0.288175,-0.817586,0.330693,1741.59,-0.924635,0.342977,0
3082.37,-0.817404,0.315272,0,0,0.0226252,-1.91828,-0.817404,0.315272,1750.49,-0.801825,0.547311,0
3095.03,-0.825398,0.2278,0,0,-0.631123,-6.90605,-0.825398,0.2278,1764.58,-0.820391,0.102153,0
3102.39,-0.899914,0.139039,0,0,-10.1259,-12.0616,-0.899914,0.139039,1781.93,-0.99988,0.124586,0
3114.4,-0.986216,0.108802,0,0,-7.18704,-2.51803,-0.986216,0.108802,1801.13,-0.977449,0.140342,0
3122.37,-1.03755,0.0532475,0,0,-6.44522,-6.97486,-1.03755,0.0532475,1822.73,-1.14099,-0.0904867,0
3134.34,-1.15234,-0.0578091,0,0,-9.59006,-9.27869,-1.15234,-0.0578091,1843.79,-1.2361,-0.134183,0
3142.57,-1.24463,-0.153134,0,0,-11.2063,-11.5742,-1.24463,-0.153134,1859.01,-1.34864,-0.412985,0
3154.37,-1.24664,-0.211083,0,0,-0.170189,-4.91304,-1.24664,-0.211083,1867.77,-0.994484,-0.123869,0
3162.4,-1.24447,-0.247579,0,0,0.269366,-4.54208,-1.24447,-0.247579,1873.1,-1.28594,-0.216024,0
3175.05,-1.22215,-0.246605,0,0,1.76542,0.0769924,-1.22215,-0.246605,1876.29,-1.28748,-0.285837,0
3182.59,-1.18569,-0.204327,0,0,4.83284,5.6042,-1.18569,-0.204327,1877.66,-1.0866,-0.30441,0
3195.21,-1.09492,-0.0452979,0,0,7.19261,12.6014,-1.09492,-0.0452979,1878.21,-0.982724,0.313464,0
3203.13,-1.00019,0.142009,0,0,11.9653,23.6588,-1.00019,0.142009,1878.89,-1.02487,0.0109916,0
3214.57,-0.996188,0.149946,0,0,0.349677,0.6941,-0.996188,0.149946,1879.91,-0.953301,0.296055,0
3223.07,-0.997964,0.14695,0,0,-0.208766,-0.352215,-0.997964,0.14695,1881.42,-0.939152,0.283354,0
3234.58,-1.04071,0.0756963,0,0,-3.71419,-6.19113,-1.04071,0.0756963,1885.03,-4.59307,-1.57057,0
3243.76,-1.09551,0.00356964,0,0,-5.97259,-7.86122,-1.09551,0.00356964,1892.77,-1.20112,-0.272961,0
3254.81,-1.1006,-0.00196876,0,0,-0.460525,-0.50094,-1.1006,-0.00196876,1903.45,-0.919362,0.269485,0
3264.09,-1.11676,-0.0592545,0,0,-1.74191,-6.17436,-1.11676,-0.0592545,1912.62,-1.1147,-0.114361,0
3275.12,-1.1153,-0.116727,0,0,0.132764,-5.21104,-1.1153,-0.116727,1917.58,-1.08339,0.0604073,0
3286.51,-1.10787,-0.118826,0,0,0.651709,-0.184237,-1.10787,-0.118826,1919.38,-1.18514,-0.257173,0
3295.06,-1.09405,-0.118411,0,0,1.61786,0.0484777,-1.09405,-0.118411,1919.76,-1.11788,-0.135835,0
3307.04,-1.0926,-0.122727,0,0,0.120906,-0.360035,-1.0926,-0.122727,1919.9,-1.08541,-0.1108,0
3315.3,-1.09085,-0.122605,0,0,0.211624,0.0148598,-1.09085,-0.122605,1920.6,-1.01785,-0.0387261,0
3327.07,-1.04985,-0.113709,0,0,3.48221,0.755536,-1.04985,-0.113709,1921.53,-1.09892,-0.158048,0
3335.06,-1.00013,-0.0735462,0,0,6.22024,5.02475,-1.00013,-0.0735462,1921.13,-0.819815,0.667308,0
3347.09,-0.99953,-0.0779792,0,0,0.0500349,-0.368587,-0.99953,-0.0779792,1918,-0.876831,0.403773,0
3355.13,-1.03565,-0.0938274,0,0,-4.49163,-1.97069,-1.03565,-0.0938274,1913.46,-1.09901,-0.040592,0
3366.55,-0.982651,-0.0468662,0,0,4.63978,4.11112,-0.982651,-0.0468662,1909.1,-1.28031,-0.559166,0
3375.44,-0.980988,-0.0496927,0,0,0.18716,-0.317977,-0.980988,-0.0496927,1902.26,-1.15943,-0.296202,0
3387.1,-0.998,-0.149952,0,0,-1.45892,-8.59786,-0.998,-0.149952,1892.94,-0.68459,0.393096,0
3395.09,-0.994085,-0.14978,0,0,0.490159,0.0215721,-0.994085,-0.14978,1886.21,-0.779352,0.188599,0
3406.36,-0.997014,-0.0500005,0,0,-0.260028,8.85748,-0.997014,-0.0500005,1882.13,-1.01799,-0.254694,0
3415.09,-0.990636,-0.0347063,0,0,0.730437,1.75151,-0.990636,-0.0347063,1877.22,-0.708192,0.578117,0
3427.04,-0.980744,-0.00697876,0,0,0.827824,2.32029,-0.980744,-0.00697876,1871.6,-1.08,-0.154373,0
3435.15,-0.980639,0.070442,0,0,0.012871,9.54398,-0.980639,0.070442,1866.9,-1.07982,0.0790273,0
3447.29,-0.928814,0.153134,0,0,4.26965,6.81269,-0.928814,0.153134,1863.81,-0.95409,0.170049,0
3454.72,-0.865818,0.311573,0,0,8.47977,21.3271,-0.865818,0.311573,1862.66,-0.723976,0.455937,0
3467.52,-0.79106,0.461351,0,0,5.83912,11.6986,-0.79106,0.461351,1863.35,-0.777367,0.511038,0
3475.7,-0.788025,0.471793,0,0,0.371094,1.27687,-0.788025,0.471793,1865.3,-0.818504,0.712319,0
3486.34,-0.78924,0.471922,0,0,-0.114147,0.0121442,-0.78924,0.471922,1868.48,-0.784353,0.518936,0
3494.35,-0.819212,0.467187,0,0,-3.73952,-0.590772,-0.819212,0.467187,1874.59,-0.972362,0.213514,0
3506.85,-0.88164,0.375358,0,0,-4.99546,-7.34807,-0.88164,0.375358,1886.9,-0.86585,0.401996,0
3514.71,-0.999265,0.0904184,0,0,-14.9612,-36.2427,-0.999265,0.0904184,1907.73,-1.25292,-0.141745,0
3526.89,-0.999779,-0.111679,0,0,-0.0422036,-16.5899,-0.999779,-0.111679,1935.27,-1.21758,-0.192836,0
3539.71,-1.04346,-0.121969,0,0,-3.40753,-0.802709,-1.04346,-0.121969,1962.63,-1.20611,-0.19262,0
3546.4,-1.04517,-0.121689,0,0,-0.255444,0.0418854,-1.04517,-0.121689,1981.61,-0.836206,0.444967,0
3558.46,-1.04011,-0.113361,0,0,0.41959,0.690983,-1.04011,-0.113361,1990.09,-0.965904,-0.0341608,0
3566.37,-1.03836,-0.111365,0,0,0.221486,0.252138,-1.03836,-0.111365,1992.02,-1.04323,0.0403024,0
3578.93,-1.00359,-0.0720014,0,0,2.76949,3.13578,-1.00359,-0.0720014,1990.01,-1.11752,-0.195573,0
3587.19,-0.999461,-0.0113898,0,0,0.499866,7.33086,-0.999461,-0.0113898,1982.3,-1.17055,-0.249702,0
3599.37,-0.89521,0.164693,0,0,8.5606,14.4591,-0.89521,0.164693,1968.24,-0.684241,0.826299,0
3607.02,-0.780277,0.380168,0,0,15.0239,28.1667,-0.780277,0.380168,1953.83,-0.765656,0.445855,0
3618.39,-0.757793,0.500612,0,0,1.97764,10.5941,-0.757793,0.500612,1945.47,-0.786713,0.322754,0
3626.41,-0.737716,0.566037,0,0,2.50243,8.15458,-0.737716,0.566037,1942.82,-0.753901,0.672247,0
3638.39,-0.735965,0.55816,0,0,0.146167,-0.657441,-0.735965,0.55816,1942.87,-0.691824,0.759282,0
3647.01,-0.723481,0.558255,0,0,1.44826,0.0109967,-0.723481,0.558255,1945.39,-0.693311,0.485355,0
3660.11,-0.722768,0.553354,0,0,0.0544212,-0.374148,-0.722768,0.553354,1952.62,-0.856506,0.142297,0
3667.37,-0.720925,0.433623,0,0,0.253842,-16.4918,-0.720925,0.433623,1965.5,-0.708186,0.6282,0
3678.55,-0.766642,0.253781,0,0,-4.09027,-16.0904,-0.766642,0.253781,1980.47,-1.02989,0.126099,0
3687.05,-0.81459,0.190863,0,0,-5.63959,-7.40041,-0.81459,0.190863,1992.41,-0.818307,0.18062,0
3699.05,-0.817352,0.187716,0,0,-0.230151,-0.262295,-0.817352,0.187716,2000.39,-0.877832,-0.0612632,0
3707.05,-0.834205,0.172122,0,0,-2.10641,-1.949,-0.834205,0.172122,2006.25,-0.815837,0.339035,0
3718.48,-0.836533,0.187487,0,0,-0.203706,1.34453,-0.836533,0.187487,2010.07,-0.789145,0.212857,0
3727.14,-0.860016,0.203823,0,0,-2.71079,1.88574,-0.860016,0.203823,2011.46,-0.943332,-0.0633045,0
3739.25,-0.845245,0.265777,0,0,1.22017,5.11762,-0.845245,0.265777,2011.15,-0.639441,0.599604,0
3747.13,-0.834614,0.368285,0,0,1.34975,13.0153,-0.834614,0.368285,2010.2,-0.978174,0.128669,0
3759.05,-0.804619,0.430172,0,0,2.51533,5.18966,-0.804619,0.430172,2009.47,-0.679498,0.507782,0
3767.05,-0.720874,0.442613,0,0,10.4642,1.55457,-0.720874,0.442613,2009.2,-0.776148,0.424703,0
3778.87,-0.700563,0.441913,0,0,1.71895,-0.059232,-0.700563,0.441913,2009.12,-0.695516,0.442765,0
3791.18,-0.700551,0.441553,0,0,0.00101219,-0.0292386,-0.700551,0.441553,2009.08,-0.704417,0.449165,0
3799.1,-0.717079,0.433195,0,0,-2.0875,-1.05563,-0.717079,0.433195,2009.04,-0.613492,0.445032,0
3812.13,-0.719781,0.400004,0,0,-0.207282,-2.54646,-0.719781,0.400004,2008.96,-0.976795,0.220411,0
3818.34,-0.717437,0.326817,0,0,0.377641,-11.7892,-0.717437,0.326817,2008.87,-0.873169,0.278346,0
3830.36,-0.715129,0.323756,0,0,0.192057,-0.254709,-0.715129,0.323756,2008.79,-0.577404,0.52965,0
3838.36,-0.665039,0.325999,0,0,6.25816,0.280164,-0.665039,0.325999,2008.76,-0.601721,0.288772,0
3850.34,-0.659342,0.329638,0,0,0.475323,0.303703,-0.659342,0.329638,2008.76,-0.42848,0.74237,0
3859.14,-0.57988,0.413394,0,0,9.03489,9.52305,-0.57988,0.413394,2008.95,-0.501315,0.691561,0
3870.55,-0.580312,0.489032,0,0,-0.037855,6.63141,-0.580312,0.489032,2009.91,-0.754386,0.155074,0
3879.13,-0.617998,0.487842,0,0,-4.38828,-0.138563,-0.617998,0.487842,2012.5,-0.568518,0.581859,0
3891.06,-0.712566,0.419728,0,0,-7.93222,-5.71326,-0.712566,0.419728,2016.31,-0.532746,0.493713,0
3898.41,-0.791207,0.34241,0,0,-10.6906,-10.5109,-0.791207,0.34241,2019.79,-0.826348,0.393273,0
3910.62,-0.835656,0.334884,0,0,-3.64162,-0.616556,-0.835656,0.334884,2023.09,-0.874617,0.271474,0
3918.56,-0.835616,0.279882,0,0,0.00504252,-6.92371,-0.835616,0.279882,2026.53,-0.876582,0.279896,0
3930.68,-0.834981,0.277493,0,0,0.0524001,-0.197108,-0.834981,0.277493,2028.83,-0.72246,0.254143,0
3938.58,-0.821217,0.278633,0,0,1.74208,0.144288,-0.821217,0.278633,2029.53,-0.865615,0.245491,0
3952.07,-0.788451,0.295155,0,0,2.42905,1.22485,-0.788451,0.295155,2028.83,-0.508729,0.529351,0
3959.11,-0.654153,0.372083,0,0,19.0764,10.9272,-0.654153,0.372083,2025.63,-0.790749,0.301305,0
3971.08,-0.562886,0.392929,0,0,7.6279,1.74231,-0.562886,0.392929,2018.71,-0.42275,0.55646,0
3979.87,-0.562271,0.391103,0,0,0.069891,-0.207714,-0.562271,0.391103,2010.33,-0.278396,0.788782,0
3991.18,-0.631298,0.334552,0,0,-6.10207,-4.99916,-0.631298,0.334552,2004.35,-0.604574,0.339416,0
3999.37,-0.575699,0.390499,0,0,6.79355,6.83608,-0.575699,0.390499,2000.67,-0.732252,0.237247,0
4011.13,-0.573237,0.393886,0,0,0.209276,0.28791,-0.573237,0.393886,1996.57,-0.351647,0.675161,0
4019.1,-0.574772,0.417518,0,0,-0.192695,2.96538,-0.574772,0.417518,1991.85,-0.8443,0.29438,0
4030.59,-0.548524,0.533384,0,0,2.28608,10.0912,-0.548524,0.533384,1988.66,-0.341992,0.870926,0
4043.84,-0.547365,0.538437,0,0,0.0874486,0.381257,-0.547365,0.538437,1987.5,-0.397715,0.827708,0
4050.9,-0.548849,0.536815,0,0,-0.210281,-0.229755,-0.548849,0.536815,1987.2,-0.704181,0.351113,0
4062.74,-0.582603,0.498961,0,0,-2.85035,-3.1966,-0.582603,0.498961,1987.01,-0.694778,0.297084,0
4071.12,-0.583517,0.472899,0,0,-0.109019,-3.10928,-0.583517,0.472899,1986.52,-0.786783,0.407793,0
4082.55,-0.586781,0.396477,0,0,-0.285756,-6.68965,-0.586781,0.396477,1985.36,-0.616953,0.398399,0
4091.06,-0.584237,0.39506,0,0,0.298809,-0.166402,-0.584237,0.39506,1983.33,-0.468694,0.547301,0
4102.56,-0.521212,0.440333,0,0,5.4809,3.93714,-0.521212,0.440333,1980.73,-0.6771,0.271776,0
4111.92,-0.477044,0.487861,0,0,4.71782,5.07673,-0.477044,0.487861,1978.2,-0.497405,0.394425,0
4122.59,-0.477056,0.488218,0,0,-0.00111841,0.0334792,-0.477056,0.488218,1975.95,-0.425034,0.623727,0
4131.33,-0.52149,0.450598,0,0,-5.08466,-4.30488,-0.52149,0.450598,1974.24,-0.337912,0.782958,0
4143.12,-0.588702,0.440504,0,0,-5.70076,-0.85618,-0.588702,0.440504,1973.85,-0.697733,0.0644266,0
4151.11,-0.691528,0.305915,0,0,-12.8597,-16.832,-0.691528,0.305915,1974.29,-0.684391,0.230872,0
4162.56,-0.69229,0.193492,0,0,-0.0665562,-9.82631,-0.69229,0.193492,1974.38,-0.771086,0.14354,0
4171.08,-0.690098,0.188805,0,0,0.257244,-0.549946,-0.690098,0.188805,1974.56,-0.382103,0.663875,0
4183.17,-0.643539,0.188929,0,0,3.84974,0.0102284,-0.643539,0.188929,1975.13,-0.713142,-0.000782424,0
4191.3,-0.632614,0.190994,0,0,1.34439,0.254179,-0.632614,0.190994,1975.2,-0.484652,0.276158,0
4202.74,-0.591029,0.232903,0,0,3.63541,3.6637,-0.591029,0.232903,1974.35,-0.387799,0.436227,0
4211.11,-0.591371,0.28576,0,0,-0.0408068,6.31421,-0.591371,0.28576,1973.06,-0.664595,0.10341,0
4222.53,-0.602298,0.308665,0,0,-0.956418,2.00487,-0.602298,0.308665,1971.78,-0.583784,0.428516,0
4231.05,-0.624838,0.308585,0,0,-2.64646,-0.0094215,-0.624838,0.308585,1970.32,-0.403576,0.635737,0
4243.11,-0.646304,0.307623,0,0,-1.77996,-0.079797,-0.646304,0.307623,1967.13,-0.665337,0.173814,0
4250.65,-0.625767,0.308543,0,0,2.72476,0.122161,-0.625767,0.308543,1959.06,-0.677263,0.202807,0
4262.62,-0.624001,0.312331,0,0,0.147608,0.31649,-0.624001,0.312331,1944.39,-0.824355,0.168995,0
4271.21,-0.601587,0.399693,0,0,2.60689,10.1607,-0.601587,0.399693,1927.01,-0.494342,0.893638,0
4283.13,-0.514252,0.456588,0,0,7.331,4.77581,-0.514252,0.456588,1912.51,-0.419421,0.773029,0
4295.16,-0.446124,0.563099,0,0,5.66038,8.8494,-0.446124,0.563099,1902.3,-0.34435,0.849351,0
4303.14,-0.436241,0.611557,0,0,1.23894,6.07472,-0.436241,0.611557,1895.85,-0.434429,0.422213,0
4315.36,-0.429644,0.700506,0,0,0.539695,7.27715,-0.429644,0.700506,1892.83,-0.457238,0.697519,0
4322.76,-0.410285,0.63811,0,0,2.61863,-8.43982,-0.410285,0.63811,1892.06,-0.421318,0.580307,0
4334.58,-0.408225,0.630771,0,0,0.174168,-0.620416,-0.408225,0.630771,1892.35,-0.366905,0.778245,0
4343.2,-0.383355,0.6307,0,0,2.88645,-0.00828487,-0.383355,0.6307,1893.39,-0.433054,0.587418,0
4354.4,-0.369796,0.60825,0,0,1.21103,-2.0052,-0.369796,0.60825,1895.21,-0.369562,0.674346,0
4362.41,-0.369471,0.598693,0,0,0.0405898,-1.19283,-0.369471,0.598693,1898.38,-0.322647,0.401191,0
4374.4,-0.381717,0.520919,0,0,-1.02103,-6.4844,-0.381717,0.520919,1904.13,-0.369311,0.55152,0
4383.13,-0.452604,0.402839,0,0,-8.12272,-13.5305,-0.452604,0.402839,1912.84,-0.611193,0.254298,0
4395.22,-0.50502,0.350691,0,0,-4.33651,-4.31438,-0.50502,0.350691,1922.76,-0.613516,0.134384,0
4403.09,-0.507191,0.348617,0,0,-0.275787,-0.263429,-0.507191,0.348617,1930.75,-0.379125,0.420462,0
4414.58,-0.507203,0.348971,0,0,-0.00107327,0.030826,-0.507203,0.348971,1935.1,-0.471681,0.355605,0
4423.1,-0.504527,0.358346,0,0,0.314378,1.10119,-0.504527,0.358346,1936.64,-0.31914,0.397096,0
4435.06,-0.435347,0.389177,0,0,5.78085,2.57626,-0.435347,0.389177,1936.95,-0.176191,0.669581,0
4442.94,-0.386582,0.409219,0,0,6.19083,2.54445,-0.386582,0.409219,1936.79,-0.561265,0.212827,0
4454.48,-0.363071,0.463889,0,0,2.03859,4.7403,-0.363071,0.463889,1936.01,-0.475652,0.29983,0
4462.47,-0.327721,0.567159,0,0,4.41926,12.9104,-0.327721,0.567159,1934.28,-0.273371,0.517925,0
4474.39,-0.294052,0.576306,0,0,2.82676,0.767963,-0.294052,0.576306,1931.97,-0.142624,0.803758,0
4482.56,-0.276347,0.651923,0,0,2.16646,9.25316,-0.276347,0.651923,1930,-0.273439,0.618164,0
4494.4,-0.259947,0.678216,0,0,1.38527,2.22088,-0.259947,0.678216,1928.86,-0.313727,0.640103,0
4502.7,-0.260677,0.678183,0,0,-0.0877748,-0.00397047,-0.260677,0.678183,1928.43,-0.172299,0.719834,0
4514.86,-0.297049,0.655203,0,0,-2.99309,-1.89105,-0.297049,0.655203,1928.49,-0.157203,0.811852,0
4524.31,-0.403638,0.671677,0,0,-11.2781,1.74306,-0.403638,0.671677,1929.09,-0.471565,0.574068,0
4535.12,-0.709603,0.656899,0,0,-28.3091,-1.36734,-0.709603,0.656899,1930.46,-1.09438,0.481054,0
4547.15,-0.963979,0.599365,0,0,-21.147,-4.78289,-0.963979,0.599365,1932.89,-0.953346,0.78737,0
4555.07,-1.01719,0.54569,0,0,-6.71188,-6.77034,-1.01719,0.54569,1936.79,-1.00266,0.73827,0
4566.57,-1.02065,0.591518,0,0,-0.301064,3.98611,-1.02065,0.591518,1942.41,-1.28676,0.266584,0
4575.18,-1.02153,0.590305,0,0,-0.102342,-0.140908,-1.02153,0.590305,1949.5,-1.08026,0.325302,0
4587.21,-1.03989,0.51125,0,0,-1.52637,-6.57365,-1.03989,0.51125,1956.83,-0.871117,0.661051,0
4594.55,-1.03611,0.433877,0,0,0.514711,-10.5413,-1.03611,0.433877,1962.48,-1.23093,0.0442658,0
4606.36,-0.984781,0.436191,0,0,4.34715,0.195995,-0.984781,0.436191,1965.87,-1.19729,-0.0815798,0
4614.55,-0.921893,0.512827,0,0,7.67391,9.35154,-0.921893,0.512827,1967.96,-0.945037,0.815701,0
4626.43,-0.91809,0.495215,0,0,0.320127,-1.48268,-0.91809,0.495215,1969.21,-0.831986,0.696732,0
4634.5,-0.912766,0.633422,0,0,0.659444,17.1176,-0.912766,0.633422,1969.82,-0.876801,0.680588,0
4647.28,-0.912319,0.641289,0,0,0.0349699,0.615753,-0.912319,0.641289,1970.66,-0.902985,0.600513,0
4656.18,-0.907606,0.679272,0,0,0.52973,4.26919,-0.907606,0.679272,1972.89,-0.924003,0.831327,0
4667.93,-0.912793,0.638076,0,0,-0.44115,-3.50366,-0.912793,0.638076,1978.66,-1.0021,0.516859,0
4675.13,-0.959724,0.557569,0,0,-6.52088,-11.1862,-0.959724,0.557569,1989.11,-0.856397,1.0499,0
4686.55,-1.01835,0.457376,0,0,-5.13259,-8.77116,-1.01835,0.457376,2003.7,-1.06846,0.21522,0
4694.97,-1.05645,0.373307,0,0,-4.52512,-9.98566,-1.05645,0.373307,2020.69,-1.1278,0.273867,0
4706.37,-1.05802,0.369792,0,0,-0.137499,-0.308308,-1.05802,0.369792,2035.77,-1.08671,0.34259,0
4715.01,-1.0572,0.370072,0,0,0.0951235,0.0323465,-1.0572,0.370072,2048.05,-1.07322,0.307469,0
4726.6,-1.03396,0.379939,0,0,2.00433,0.851126,-1.03396,0.379939,2060.77,-0.665639,1.15601,0
4735.02,-0.928764,0.461354,0,0,12.4966,9.67162,-0.928764,0.461354,2073.19,-0.909242,0.251779,0
4747.07,-0.898191,0.497188,0,0,2.5362,2.97251,-0.898191,0.497188,2081.85,-0.791923,0.519163,0
4754.39,-0.864319,0.499315,0,0,4.63047,0.290781,-0.864319,0.499315,2086.42,-0.681467,0.650052,0
4766.39,-0.864113,0.4829,0,0,0.0171727,-1.36791,-0.864113,0.4829,2088.68,-0.941064,0.449072,0
4774.43,-0.913966,0.499644,0,0,-6.19756,2.08149,-0.913966,0.499644,2089.94,-0.859951,0.161167,0
4787.36,-1.13106,0.549355,0,0,-16.79,3.84466,-1.13106,0.549355,2090.7,-1.67015,0.814629,0
4798.57,-1.51179,0.55611,0,0,-33.9574,0.602467,-1.51179,0.55611,2091.19,-1.93961,0.457361,0
4806.65,-1.79645,0.649572,0,0,-35.2515,11.5743,-1.79645,0.649572,2092,-1.80632,0.904845,0
4819.14,-1.94586,0.686095,0,0,-11.9584,2.92325,-1.94586,0.686095,2093.27,-2.11634,0.75205,0
4827.09,-1.9557,0.717795,0,0,-1.23947,3.99037,-1.9557,0.717795,2094.32,-2.1153,0.654706,0
4838.57,-2.02049,0.716328,0,0,-5.64388,-0.127786,-2.02049,0.716328,2095.06,-2.13737,0.7201,0
4846.79,-2.01963,0.722274,0,0,0.104639,0.723151,-2.01963,0.722274,2096.27,-1.82988,1.09085,0
4858.69,-1.93145,0.864526,0,0,7.40731,11.949,-1.93145,0.864526,2098.4,-2.01343,0.659668,0
4867.33,-1.84021,0.965993,0,0,10.5677,11.752,-1.84021,0.965993,2101.04,-1.84768,1.0073,0
4878.59,-1.8375,0.965276,0,0,0.240481,-0.0637138,-1.8375,0.965276,2103.11,-1.6526,1.22103,0
4887.1,-1.85968,0.853665,0,0,-2.60653,-13.1136,-1.85968,0.853665,2103.68,-1.61637,0.942207,0
4898.55,-1.77237,0.850989,0,0,7.62692,-0.233753,-1.77237,0.850989,2103.22,-2.08768,0.51037,0
4907.11,-1.68226,0.817791,0,0,10.5254,-3.87782,-1.68226,0.817791,2103.22,-1.8837,0.764953,0
4919.34,-1.69712,0.811237,0,0,-1.21479,-0.535737,-1.69712,0.811237,2104.67,-1.6988,0.749307,0
4927.38,-1.69795,0.811013,0,0,-0.102145,-0.0278817,-1.69795,0.811013,2107.14,-1.65567,0.86012,0
4938.37,-1.69793,0.810535,0,0,0.00135568,-0.0435056,-1.69793,0.810535,2109.03,-1.69634,0.849028,0
4947.11,-1.69672,0.801894,0,0,0.138642,-0.988729,-1.69672,0.801894,2108.91,-1.57594,1.07809,0
4959.14,-1.67644,0.856594,0,0,1.68565,4.54735,-1.67644,0.856594,2106.26,-1.80203,0.465863,0
4967.08,-1.66438,0.960155,0,0,1.51927,13.0414,-1.66438,0.960155,2106.26,-1.81338,0.375366,0
4979.16,-1.63529,1.06627,0,0,2.40759,8.78409,-1.63529,1.06627,2106.26,-1.4043,1.12369,0
4987.28,-1.63529,1.06627,0,0,0,0,-1.63529,1.06627,2106.26,-1.63403,1.07074,0
