Resolution,1920,1080,Distance,58.8,Width,48.5,Subject,01014,Test,TOPTHR-12012017-132746,Calibration,CC9-12012017-132650,Oscann, 4.0.11,libTracker, 1.0.9,crtime, 12082018-124228
Time(ms),GazeX(deg),GazeY(deg),StimulusX(deg),StimulusY(deg),GazeVelX(deg/s),GazeVelY(deg/s),ErrorX(deg),ErrorY(deg),PupilArea(px^2),GazeRawX(deg),GazeRawY(deg),Blinks
0,-2.06997,1.20622,0,0,0,0,-2.06997,1.20622,6838.26,-2.06938,1.20664,0
6.114,-2.06997,1.20622,0,0,0,0,-2.06997,1.20622,6838.26,-2.09507,1.21551,0
18.308,-2.0844,1.19683,0,0,-1.18354,-0.769396,-2.0844,1.19683,6838.26,-2.05266,1.14794,0
26.208,-2.09372,1.177,0,0,-1.17993,-2.51048,-2.09372,1.177,6838.26,-2.12669,1.19766,0
39.15,-2.09687,1.16156,0,0,-0.243093,-1.19321,-2.09687,1.16156,6857.18,-2.15902,1.18718,0
47.26,-2.10223,1.16035,0,0,-0.66152,-0.149374,-2.10223,1.16035,6867.23,-2.05225,1.11771,0
58.207,-2.11329,1.16086,0,0,-1.01041,0.0472807,-2.11329,1.16086,6878.83,-2.04399,1.14085,0
68.778,-2.11508,1.14761,0,0,-0.168593,-1.25383,-2.11508,1.14761,6891.44,-2.11392,1.16597,0
80.739,-2.11507,1.14708,0,0,0.000320443,-0.0443489,-2.11507,1.14708,6904.28,-2.11701,1.13705,0
89.981,-2.11501,1.1481,0,0,0.00734735,0.110514,-2.11501,1.1481,6918.64,-2.12081,1.114,0
101.801,-2.11637,1.14033,0,0,-0.11539,-0.657209,-2.11637,1.14033,6935,-2.08716,1.16879,0
109.393,-2.11533,1.13987,0,0,0.136922,-0.0604552,-2.11533,1.13987,6951.13,-2.11959,1.13226,0
118.393,-2.0916,1.13739,0,0,2.63616,-0.275672,-2.0916,1.13739,6965.41,-2.04065,1.14013,0
132.919,-2.06249,1.13435,0,0,2.00421,-0.209567,-2.06249,1.13435,6977.96,-2.0495,1.09097,0
138.28,-2.06075,1.13417,0,0,0.325331,-0.0340158,-2.06075,1.13417,6988.78,-2.06923,1.14949,0
152.523,-2.04892,1.13338,0,0,0.83014,-0.055163,-2.04892,1.13338,6998.12,-2.01361,1.10073,0
159.101,-2.04238,1.14471,0,0,0.994607,1.72225,-2.04238,1.14471,7007,-2.06264,1.16454,0
171.889,-2.03488,1.18587,0,0,0.586433,3.2183,-2.03488,1.18587,7016.5,-2.02247,1.21726,0
179.921,-2.02711,1.2203,0,0,0.967347,4.28711,-2.02711,1.2203,7027.73,-2.02274,1.23132,0
194.287,-2.02124,1.23244,0,0,0.408637,0.845103,-2.02124,1.23244,7042.75,-2.0237,1.29946,0
203.934,-2.01849,1.23265,0,0,0.28491,0.0216418,-2.01849,1.23265,7063.93,-2.01067,1.26502,0
212.373,-2.00958,1.23241,0,0,1.05577,-0.0285117,-2.00958,1.23241,7088.84,-1.92772,1.20752,0
218.881,-1.97886,1.24487,0,0,4.72052,1.91556,-1.97886,1.24487,7109.29,-2.01057,1.12948,0
231.398,-1.94624,1.24021,0,0,2.6062,-0.372312,-1.94624,1.24021,7120.17,-1.90225,1.1663,0
238.305,-1.92706,1.23846,0,0,2.77733,-0.254482,-1.92706,1.23846,7123.8,-1.93308,1.24922,0
252.486,-1.91726,1.24528,0,0,0.690707,0.48086,-1.91726,1.24528,7124.3,-1.93403,1.24091,0
259.059,-1.90876,1.24856,0,0,1.29421,0.499395,-1.90876,1.24856,7122.47,-1.89959,1.25281,0
272.077,-1.90586,1.25463,0,0,0.222701,0.46632,-1.90586,1.25463,7114.85,-1.91368,1.26699,0
283.333,-1.86942,1.25227,0,0,3.23667,-0.209524,-1.86942,1.25227,7096.49,-1.77837,1.27595,0
294.804,-1.80708,1.25562,0,0,5.43474,0.29174,-1.80708,1.25562,7065.76,-1.7739,1.27903,0
303.036,-1.69772,1.25322,0,0,13.2846,-0.290814,-1.69772,1.25322,7022.1,-1.62087,1.22173,0
312.742,-1.608,1.25355,0,0,9.24395,0.0332621,-1.608,1.25355,6959.78,-1.58659,1.18171,0
322.376,-1.5841,1.2493,0,0,2.48074,-0.441105,-1.5841,1.2493,6876.26,-1.56861,1.27578,0
330.328,-1.55508,1.25543,0,0,3.64931,0.771275,-1.55508,1.25543,6781.83,-1.50163,1.2736,0
340.619,-1.52008,1.27255,0,0,3.40098,1.66338,-1.52008,1.27255,6684.36,-1.44944,1.21908,0
350.623,-1.47246,1.27601,0,0,4.76038,0.346213,-1.47246,1.27601,6581.9,-1.50331,1.28831,0
359.183,-1.42161,1.27794,0,0,5.93998,0.225739,-1.42161,1.27794,6476.12,-1.36763,1.27054,0
373.606,-1.37866,1.28029,0,0,2.97809,0.16274,-1.37866,1.28029,6365.94,-1.26393,1.28238,0
382.806,-1.31234,1.28584,0,0,7.20903,0.60315,-1.31234,1.28584,6246.43,-1.35274,1.3051,0
390.252,-1.2658,1.28949,0,0,6.24951,0.489889,-1.2658,1.28949,6126.76,-1.26477,1.32136,0
405.874,-1.24501,1.29188,0,0,1.33133,0.152885,-1.24501,1.29188,6018.56,-1.2348,1.28677,0
412.126,-1.15572,1.28688,0,0,14.2817,-0.799416,-1.15572,1.28688,5919.99,-1.08509,1.23087,0
422.301,-1.07497,1.28975,0,0,7.9361,0.282681,-1.07497,1.28975,5830.11,-1.06417,1.28506,0
431.439,-1.05082,1.29887,0,0,2.64243,0.997779,-1.05082,1.29887,5750.33,-1.00718,1.33909,0
443.617,-0.982901,1.31064,0,0,5.57725,0.9662,-0.982901,1.31064,5671.7,-0.916293,1.28516,0
451.82,-0.921789,1.31204,0,0,7.45001,0.171132,-0.921789,1.31204,5585.93,-0.941502,1.34259,0
464.601,-0.886063,1.32004,0,0,2.79523,0.625649,-0.886063,1.32004,5499.29,-0.825391,1.29141,0
475.815,-0.802475,1.34256,0,0,7.45386,2.00802,-0.802475,1.34256,5420.73,-0.73314,1.40448,0
484.775,-0.713753,1.38512,0,0,9.90206,4.75053,-0.713753,1.38512,5347.9,-0.690913,1.36818,0
493.925,-0.663927,1.40046,0,0,5.44537,1.67661,-0.663927,1.40046,5277.15,-0.597216,1.4183,0
502.426,-0.609752,1.40177,0,0,6.37281,0.153802,-0.609752,1.40177,5214.41,-0.553494,1.40075,0
510.409,-0.55591,1.39931,0,0,6.74459,-0.308616,-0.55591,1.39931,5162.1,-0.528134,1.3942,0
526.529,-0.43939,1.38723,0,0,7.22831,-0.749048,-0.43939,1.38723,5110.04,-0.313903,1.37703,0
531.652,-0.328682,1.37682,0,0,21.61,-2.03223,-0.328682,1.37682,5053.07,-0.33029,1.42329,0
543.856,-0.280559,1.37176,0,0,3.94321,-0.414349,-0.280559,1.37176,5000.59,-0.255176,1.35588,0
550.317,-0.166085,1.35858,0,0,17.7177,-2.0403,-0.166085,1.35858,4958.86,-0.0738592,1.37027,0
565.064,-0.0721465,1.34873,0,0,6.36999,-0.668174,-0.0721465,1.34873,4924.46,-0.0443561,1.35719,0
576.864,-0.0389714,1.34716,0,0,2.81144,-0.132979,-0.0389714,1.34716,4895.86,-0.0084309,1.29686,0
584.999,0.0710378,1.34228,0,0,13.523,-0.599357,0.0710378,1.34228,4872.24,0.167249,1.35691,0
595.055,0.190335,1.32344,0,0,11.8633,-1.87393,0.190335,1.32344,4848.62,0.222806,1.31379,0
602.412,0.249839,1.32419,0,0,8.08801,0.102414,0.249839,1.32419,4821.2,0.276118,1.36207,0
612.699,0.36191,1.32218,0,0,10.8945,-0.195272,0.36191,1.32218,4791,0.506404,1.25983,0
622.314,0.47991,1.32222,0,0,12.2724,0.00404144,0.47991,1.32222,4762.67,0.396003,1.33987,0
634.156,0.514293,1.32666,0,0,2.90354,0.37445,0.514293,1.32666,4740.63,0.508399,1.29413,0
643.352,0.513243,1.31958,0,0,-0.114274,-0.769527,0.513243,1.31958,4725.05,0.568986,1.32132,0
654.135,0.482384,1.33077,0,0,-2.86177,1.0377,0.482384,1.33077,4712.34,0.642656,1.3344,0
665.776,0.364497,1.3573,0,0,-10.1269,2.27892,0.364497,1.3573,4697.71,0.267221,1.31429,0
675.49,-0.461211,1.55029,0,0,-85.0018,19.8676,-0.461211,1.55029,4677.79,-1.73004,1.78155,0
684.492,-1.17179,1.76359,0,0,-78.9356,23.6944,-1.17179,1.76359,4654.47,-1.27271,1.82229,0
696.151,-1.1924,1.82777,0,0,-1.76745,5.50489,-1.1924,1.82777,4634.23,-1.09229,2.02203,0
702.35,-1.18426,1.8729,0,0,1.31212,7.28037,-1.18426,1.8729,4621.28,-1.17961,1.87064,0
715.759,-1.16122,1.91745,0,0,1.7185,3.3227,-1.16122,1.91745,4614.25,-1.14918,1.93234,0
722.267,-1.12343,1.96113,0,0,5.80634,6.71172,-1.12343,1.96113,4610.21,-1.06535,1.98951,0
734.35,-1.03184,1.98448,0,0,7.5805,1.93203,-1.03184,1.98448,4607.81,-0.868795,1.96488,0
742.33,-0.881629,1.98936,0,0,18.8229,0.611231,-0.881629,1.98936,4606.38,-0.785728,2.03823,0
758.824,-0.781204,2.0164,0,0,6.08857,1.63982,-0.781204,2.0164,4605.06,-0.75093,1.99325,0
768.083,-0.740552,2.03363,0,0,4.39055,1.86064,-0.740552,2.03363,4603.15,-0.680504,2.08096,0
775.81,-0.696684,2.03319,0,0,5.67719,-0.0570535,-0.696684,2.03319,4600.37,-0.681311,2.0309,0
785.078,-0.608499,2.0263,0,0,9.51508,-0.743491,-0.608499,2.0263,4597.16,-0.537258,2.02208,0
796.447,-0.503381,2.01623,0,0,9.24601,-0.885722,-0.503381,2.01623,4594.53,-0.470003,1.97987,0
804.274,-0.44188,2.03488,0,0,7.85753,2.38212,-0.44188,2.03488,4593.12,-0.37934,2.08005,0
816.918,-0.365824,2.0545,0,0,6.01517,1.55217,-0.365824,2.0545,4592.8,-0.244693,2.03981,0
825.277,-0.272987,2.04575,0,0,11.1062,-1.04744,-0.272987,2.04575,4593.11,-0.206944,2.09887,0
836.986,-0.203488,2.03809,0,0,5.93557,-0.653497,-0.203488,2.03809,4593.85,-0.142443,2.04052,0
845.41,-0.0957917,2.02136,0,0,12.7844,-1.98608,-0.0957917,2.02136,4595.65,-0.0175781,2.01044,0
858.377,0.0819791,1.99739,0,0,13.7095,-1.84842,0.0819791,1.99739,4599.18,0.179796,1.93076,0
867.533,0.186313,1.98134,0,0,11.3951,-1.75383,0.186313,1.98134,4603.98,0.196018,1.97798,0
877.077,0.212663,1.97189,0,0,2.76092,-0.989552,0.212663,1.97189,4609.08,0.22511,1.9354,0
887.319,0.28298,1.9641,0,0,6.8655,-0.7607,0.28298,1.9641,4613.69,0.330317,1.92508,0
896.81,0.357927,1.95585,0,0,7.89667,-0.869018,0.357927,1.95585,4617.66,0.43231,1.974,0
908.498,0.417886,1.9441,0,0,5.12998,-1.0055,0.417886,1.9441,4621.29,0.481729,1.96764,0
916.671,0.505354,1.94071,0,0,10.702,-0.415093,0.505354,1.94071,4624.1,0.631234,1.95512,0
928.933,0.646614,1.93978,0,0,11.5202,-0.0760115,0.646614,1.93978,4625.51,0.735916,1.90817,0
937.575,0.777524,1.9374,0,0,15.1481,-0.275523,0.777524,1.9374,4625.9,0.818244,1.91156,0
948.615,0.830195,1.96721,0,0,4.77098,2.70064,0.830195,1.96721,4625.74,0.851847,2.00189,0
960.206,0.850223,1.99146,0,0,1.72781,2.09241,0.850223,1.99146,4624.88,0.877639,2.03842,0
969.4,0.862324,1.99169,0,0,1.31623,0.0247968,0.862324,1.99169,4622.84,0.900567,2.00103,0
979.147,0.864208,2.00127,0,0,0.193296,0.983118,0.864208,2.00127,4619.63,0.99966,1.96707,0
986.311,0.837582,2.00655,0,0,-3.71666,0.737072,0.837582,2.00655,4616.18,0.822717,1.93594,0
996.179,0.198748,2.09997,0,0,-64.738,9.46681,0.198748,2.09997,4613.2,-0.651733,2.21505,0
1009.07,-0.416184,2.21674,0,0,-47.6987,9.05724,-0.416184,2.21674,4610.7,-0.460613,2.30167,0
1014.48,-0.445725,2.27405,0,0,-5.46156,10.5957,-0.445725,2.27405,4608.95,-0.495122,2.42328,0
1029.15,-0.441972,2.29301,0,0,0.255838,1.29243,-0.441972,2.29301,4608.15,-0.394704,2.31775,0
1035.65,-0.410005,2.30388,0,0,4.918,1.67248,-0.410005,2.30388,4607.94,-0.42308,2.30216,0
1048.59,-0.381017,2.30588,0,0,2.23985,0.154213,-0.381017,2.30588,4607.94,-0.342746,2.27143,0
1058.24,-0.333701,2.30767,0,0,4.90726,0.185259,-0.333701,2.30767,4608.04,-0.259651,2.37983,0
1069.8,-0.244187,2.326,0,0,7.73873,1.58485,-0.244187,2.326,4608.38,-0.118087,2.3075,0
1079.88,-0.104977,2.3427,0,0,13.8078,1.65636,-0.104977,2.3427,4609.47,-0.00782982,2.42531,0
1086.47,0.0227937,2.33272,0,0,19.3944,-1.51525,0.0227937,2.33272,4612.4,0.0737421,2.33397,0
1097.13,0.0834002,2.32629,0,0,5.68434,-0.602265,0.0834002,2.32629,4617.89,0.100665,2.3747,0
1107.94,0.152225,2.31872,0,0,6.3668,-0.700636,0.152225,2.31872,4625.1,0.206779,2.29311,0
1115.42,0.237786,2.30586,0,0,11.4447,-1.72053,0.237786,2.30586,4632.38,0.331275,2.2503,0
1126.24,0.299244,2.29908,0,0,5.679,-0.626334,0.299244,2.29908,4639.01,0.329625,2.30586,0
1138.24,0.379987,2.29089,0,0,6.73247,-0.683147,0.379987,2.29089,4645.33,0.518769,2.27071,0
1149.11,0.496702,2.2902,0,0,10.7314,-0.0633037,0.496702,2.2902,4651.91,0.602764,2.28852,0
1161.27,0.629704,2.28767,0,0,10.9404,-0.207987,0.629704,2.28767,4658.32,0.699713,2.28276,0
1170.28,0.727288,2.28241,0,0,10.8247,-0.583498,0.727288,2.28241,4663.62,0.756956,2.28703,0
1179.96,0.808786,2.27923,0,0,8.42098,-0.328405,0.808786,2.27923,4668.68,0.957931,2.2222,0
1186.85,0.910364,2.28218,0,0,14.7513,0.428731,0.910364,2.28218,4675.69,0.968355,2.31333,0
1199.96,0.956578,2.2777,0,0,3.52454,-0.341879,0.956578,2.2777,4684.54,1.07149,2.31047,0
1206.32,0.95804,2.27482,0,0,0.229697,-0.452673,0.95804,2.27482,4692.98,1.06172,2.28459,0
1219.99,0.937167,2.26342,0,0,-1.52731,-0.834333,0.937167,2.26342,4700.16,0.840703,2.2566,0
1226.72,0.450735,2.17138,0,0,-72.3104,-13.6824,0.450735,2.17138,4706.57,-1.14462,2.06546,0
1238.78,-0.348012,2.14351,0,0,-66.2256,-2.31018,-0.348012,2.14351,4712.49,-0.858206,2.19504,0
1248.62,-0.695894,2.17608,0,0,-35.3574,3.30991,-0.695894,2.17608,4718.24,-0.732038,2.15367,0
1261.81,-0.709723,2.17756,0,0,-1.04816,0.112385,-0.709723,2.17756,4724.07,-0.677013,2.19723,0
1270.38,-0.707318,2.1778,0,0,0.280796,0.0275529,-0.707318,2.1778,4729.78,-0.690847,2.25664,0
1281.06,-0.65025,2.18325,0,0,5.34353,0.510378,-0.65025,2.18325,4734.66,-0.594306,2.20507,0
1287.81,-0.593037,2.18559,0,0,8.46834,0.34691,-0.593037,2.18559,4738.04,-0.597844,2.11964,0
1298.34,-0.547958,2.1899,0,0,4.28224,0.409034,-0.547958,2.1899,4740.05,-0.44866,2.16165,0
1309.92,-0.436507,2.17819,0,0,9.61948,-1.01081,-0.436507,2.17819,4741.34,-0.355618,2.19107,0
1320.4,-0.305829,2.16096,0,0,12.4764,-1.64488,-0.305829,2.16096,4742.52,-0.243845,2.17273,0
1328.73,-0.237448,2.15349,0,0,8.20698,-0.896983,-0.237448,2.15349,4744.17,-0.208276,2.15802,0
1338.83,-0.171068,2.14629,0,0,6.57358,-0.712974,-0.171068,2.14629,4747.17,-0.0309396,2.11325,0
1348.71,-0.0518329,2.13137,0,0,12.0623,-1.50917,-0.0518329,2.13137,4752.19,0.0581515,2.11005,0
1360.19,0.0647318,2.1126,0,0,10.159,-1.63524,0.0647318,2.1126,4758.73,0.130145,2.17392,0
1369.41,0.124628,2.0998,0,0,6.4921,-1.38784,0.124628,2.0998,4765.13,0.126458,2.09167,0
1380.72,0.214485,2.08991,0,0,7.94773,-0.875097,0.214485,2.08991,4770.37,0.296725,2.07072,0
1390.79,0.336896,2.07708,0,0,12.1608,-1.27451,0.336896,2.07708,4774.93,0.381306,2.07182,0
1398.64,0.394737,2.07859,0,0,7.36366,0.192799,0.394737,2.07859,4779.26,0.431338,2.08077,0
1412.88,0.460342,2.10347,0,0,4.60805,1.74713,0.460342,2.10347,4783.08,0.5817,2.12584,0
1419.32,0.568151,2.12293,0,0,16.7301,3.02123,0.568151,2.12293,4786.43,0.664032,2.0982,0
1431.74,0.702311,2.14786,0,0,10.7993,2.00619,0.702311,2.14786,4790.01,0.78429,2.17291,0
1439.82,0.789248,2.18824,0,0,10.7622,4.99904,0.789248,2.18824,4794.7,0.80788,2.20717,0
1452.07,0.826365,2.18946,0,0,3.02946,0.0994653,0.826365,2.18946,4801.3,0.854922,2.20157,0
1463.21,0.901654,2.19542,0,0,6.76391,0.535341,0.901654,2.19542,4809.23,0.950073,2.19026,0
1474.5,0.956926,2.19105,0,0,4.89391,-0.386339,0.956926,2.19105,4815.96,0.981574,2.15714,0
1481.43,0.960875,2.20247,0,0,0.569829,1.64704,0.960875,2.20247,4819.88,1.05775,2.22838,0
1492.01,0.945389,2.23158,0,0,-1.46432,2.75222,0.945389,2.23158,4822.06,1.14016,2.23372,0
1501.03,0.477081,2.30929,0,0,-51.9016,8.6127,0.477081,2.30929,4824.35,0.000816152,2.39466,0
1511.4,-0.249295,2.41014,0,0,-70.0594,9.72719,-0.249295,2.41014,4828.2,-1.15439,2.49701,0
1518.27,-0.528551,2.45491,0,0,-40.6427,6.51629,-0.528551,2.45491,4834.04,-0.495171,2.58025,0
1532.5,-0.540234,2.46586,0,0,-0.820912,0.769227,-0.540234,2.46586,4840.36,-0.555179,2.46839,0
1538.34,-0.529808,2.53115,0,0,1.78507,11.1773,-0.529808,2.53115,4845.43,-0.517499,2.61629,0
1551.55,-0.514973,2.59214,0,0,1.12318,4.61786,-0.514973,2.59214,4849.25,-0.521864,2.57522,0
1563.33,-0.466127,2.58968,0,0,4.14512,-0.208862,-0.466127,2.58968,4852.74,-0.412454,2.62771,0
1572.89,-0.352919,2.5774,0,0,11.843,-1.28438,-0.352919,2.5774,4856.43,-0.281777,2.58876,0
1582.58,-0.258383,2.5666,0,0,9.75904,-1.11521,-0.258383,2.5666,4859.82,-0.188239,2.51914,0
1590.31,-0.146984,2.55184,0,0,14.4038,-1.90867,-0.146984,2.55184,4862.37,-0.0656494,2.52672,0
1598.39,-0.00438623,2.53084,0,0,17.6461,-2.59828,-0.00438623,2.53084,4864.4,0.0615262,2.52697,0
1613.36,0.0725526,2.52227,0,0,5.14057,-0.572487,0.0725526,2.52227,4866.23,0.114805,2.53179,0
1620.56,0.117503,2.51741,0,0,6.24489,-0.675983,0.117503,2.51741,4867.64,0.170002,2.48056,0
1630.38,0.212438,2.50733,0,0,9.66357,-1.02527,0.212438,2.50733,4868.39,0.28195,2.51316,0
1644.75,0.323995,2.50064,0,0,7.76478,-0.466128,0.323995,2.50064,4868.61,0.373561,2.55074,0
1650.35,0.456792,2.50438,0,0,23.6969,0.668007,0.456792,2.50438,4868.59,0.539934,2.44146,0
1667.55,0.561361,2.50997,0,0,6.08133,0.325107,0.561361,2.50997,4868.19,0.606372,2.53053,0
1674.49,0.62116,2.51689,0,0,8.61663,0.996829,0.62116,2.51689,4866.84,0.713148,2.48691,0
1683.56,0.719585,2.51371,0,0,10.8481,-0.35027,0.719585,2.51371,4864.19,0.785189,2.5732,0
1694.65,0.841345,2.51461,0,0,10.9862,0.0808862,0.841345,2.51461,4860.82,0.910527,2.52011,0
1703.72,0.917602,2.50969,0,0,8.40387,-0.542546,0.917602,2.50969,4857.48,0.949498,2.50212,0
1712.75,0.951082,2.50786,0,0,3.70847,-0.202626,0.951082,2.50786,4854.12,1.00623,2.48382,0
1722.95,0.987069,2.50858,0,0,3.52884,0.0708417,0.987069,2.50858,4850.32,0.994322,2.50889,0
1732.84,1.02639,2.52581,0,0,3.97461,1.74246,1.02639,2.52581,4846.64,1.07998,2.59278,0
1743.58,1.14338,2.53455,0,0,10.8906,0.813155,1.14338,2.53455,4843.83,1.23118,2.44552,0
1753.96,1.26266,2.53017,0,0,11.4863,-0.422151,1.26266,2.53017,4841.41,1.29762,2.58588,0
1766.41,1.2964,2.52684,0,0,2.7113,-0.267048,1.2964,2.52684,4838.68,1.32019,2.55528,0
1774.31,1.33442,2.52341,0,0,4.80964,-0.434252,1.33442,2.52341,4835.6,1.40018,2.45938,0
1782.95,1.42019,2.52984,0,0,9.9303,0.744173,1.42019,2.52984,4831.73,1.471,2.48508,0
1793.93,1.50336,2.52221,0,0,7.57857,-0.694802,1.50336,2.52221,4826.55,1.53638,2.54001,0
1805.34,1.55138,2.53394,0,0,4.20834,1.02793,1.55138,2.53394,4821.54,1.59483,2.5155,0
1811.98,1.60715,2.54789,0,0,8.39818,2.10046,1.60715,2.54789,4818.45,1.64848,2.57783,0
1823.57,1.67995,2.55949,0,0,6.28124,1.0007,1.67995,2.55949,4816.83,1.77907,2.54479,0
1832.13,1.75478,2.56128,0,0,8.7395,0.208759,1.75478,2.56128,4815.35,1.83465,2.56985,0
1844.03,1.80563,2.56677,0,0,4.27444,0.462026,1.80563,2.56677,4813.25,1.81281,2.54983,0
1852.69,1.82809,2.57302,0,0,2.59314,0.72157,1.82809,2.57302,4810.56,1.84281,2.57909,0
1868.9,1.82994,2.58049,0,0,0.114123,0.460519,1.82994,2.58049,4807.87,1.94843,2.57488,0
1877.8,1.82096,2.6054,0,0,-1.0078,2.79847,1.82096,2.6054,4805.55,2.00071,2.66987,0
1885.42,1.51793,2.66431,0,0,-39.7782,7.73236,1.51793,2.66431,4803.2,0.487011,2.80763,0
1894.44,0.788414,2.74488,0,0,-80.8602,8.93037,0.788414,2.74488,4799.87,0.165389,2.85304,0
1904.77,0.362974,2.79134,0,0,-41.2048,4.50028,0.362974,2.79134,4794.51,0.322107,2.77967,0
1916.56,0.324553,2.79755,0,0,-3.25767,0.526172,0.324553,2.79755,4788.28,0.290193,2.59811,0
1922.25,0.323868,2.79518,0,0,-0.120467,-0.416785,0.323868,2.79518,4784.2,0.310772,2.40333,0
1935.5,0.338744,2.79345,0,0,1.12216,-0.130754,0.338744,2.79345,4782.99,0.245943,2.80169,0
1947.07,0.362508,2.79094,0,0,2.05409,-0.216795,0.362508,2.79094,4784.35,0.337315,2.79921,0
1964.83,0.431348,2.78536,0,0,3.87723,-0.314347,0.431348,2.78536,4790.39,0.504285,2.85445,0
1969.81,0.50724,2.77896,0,0,15.2209,-1.28314,0.50724,2.77896,4803.48,0.526541,2.7752,0
1975.81,0.530009,2.79674,0,0,3.79419,2.96369,0.530009,2.79674,4819.92,0.53663,2.85341,0
1984.58,0.567955,2.81366,0,0,4.32778,1.92983,0.567955,2.81366,4832.27,0.656449,2.76851,0
1996.84,0.674913,2.8285,0,0,8.72558,1.21007,0.674913,2.8285,4838.47,0.754288,2.85838,0
2002.29,0.784381,2.86416,0,0,20.1044,6.54922,0.784381,2.86416,4841.37,0.822034,2.88431,0
2016.52,0.831863,2.8972,0,0,3.33625,2.32181,0.831863,2.8972,4843.15,0.857621,2.94628,0
2023.36,0.906646,2.91339,0,0,10.9236,2.3642,0.906646,2.91339,4844.38,0.978795,2.99115,0
2034.33,1.04413,2.90839,0,0,12.542,-0.455959,1.04413,2.90839,4845.4,1.12232,2.8805,0
2044.15,1.12315,2.90014,0,0,8.04489,-0.840171,1.12315,2.90014,4847.05,1.20031,2.90168,0
2057.81,1.14621,2.89761,0,0,1.68788,-0.184775,1.14621,2.89761,4850.77,1.12573,2.88986,0
2068.23,1.2048,2.8912,0,0,5.62199,-0.61544,1.2048,2.8912,4857.53,1.2537,2.94423,0
2076.69,1.27413,2.88361,0,0,8.19524,-0.897097,1.27413,2.88361,4866.34,1.35606,2.84556,0
2085.11,1.33966,2.87649,0,0,7.78496,-0.846214,1.33966,2.87649,4874.77,1.39813,2.90333,0
2097.39,1.40035,2.87077,0,0,4.94264,-0.465705,1.40035,2.87077,4881.43,1.4514,2.84839,0
2102.82,1.46055,2.85913,0,0,11.085,-2.14209,1.46055,2.85913,4886.97,1.53024,2.7614,0
2117.16,1.52459,2.84584,0,0,4.46595,-0.927266,1.52459,2.84584,4892.21,1.56978,2.872,0
2125.24,1.57733,2.83748,0,0,6.52466,-1.0345,1.57733,2.83748,4897.4,1.64075,2.89581,0
2136.02,1.66386,2.83034,0,0,8.03181,-0.662621,1.66386,2.83034,4904.08,1.81071,2.78312,0
2148.97,1.80681,2.81385,0,0,11.0391,-1.27332,1.80681,2.81385,4913.3,1.88636,2.75877,0
2157.62,1.91896,2.77879,0,0,12.9652,-4.05337,1.91896,2.77879,4922.05,1.9678,2.87793,0
2169.01,1.96341,2.74918,0,0,3.89984,-2.5971,1.96341,2.74918,4926.91,1.99794,2.74216,0
2178.64,2.01913,2.74222,0,0,5.78892,-0.723724,2.01913,2.74222,4928.43,2.11966,2.68273,0
2186.33,2.09134,2.73814,0,0,9.39455,-0.530095,2.09134,2.73814,4928.71,2.13234,2.72588,0
2196.75,2.12406,2.73546,0,0,3.14007,-0.257891,2.12406,2.73546,4928.78,2.12624,2.75516,0
2207.97,2.15022,2.74903,0,0,2.33013,1.20895,2.15022,2.74903,4928.91,2.17639,2.77949,0
2214.23,2.18662,2.74658,0,0,5.81432,-0.391057,2.18662,2.74658,4929.29,2.23421,2.78004,0
2229.81,2.22423,2.7425,0,0,2.41377,-0.261585,2.22423,2.7425,4929.97,2.24325,2.71977,0
2238.39,2.28139,2.73572,0,0,6.66426,-0.790224,2.28139,2.73572,4930.61,2.31588,2.72189,0
2248.7,2.33557,2.71776,0,0,5.25462,-1.74238,2.33557,2.71776,4931.18,2.3639,2.77078,0
2258.34,2.37338,2.71297,0,0,3.92066,-0.496458,2.37338,2.71297,4932.45,2.42799,2.69711,0
2269.09,2.37457,2.70979,0,0,0.110394,-0.295367,2.37457,2.70979,4934.65,2.55331,2.68272,0
2278.45,2.36201,2.7051,0,0,-1.34203,-0.501516,2.36201,2.7051,4937.33,2.50473,2.70284,0
2287.59,2.05397,2.68793,0,0,-33.6772,-1.87789,2.05397,2.68793,4940.14,1.0074,2.71977,0
2297.02,1.27168,2.74099,0,0,-82.9573,5.62721,1.27168,2.74099,4942.74,0.281708,2.73415,0
2307.46,0.669485,2.80005,0,0,-57.7201,5.66036,0.669485,2.80005,4944.96,0.518658,2.83529,0
2317.16,0.561451,2.80389,0,0,-11.1387,0.396429,0.561451,2.80389,4947.04,0.505418,2.84136,0
2328.83,0.557797,2.80395,0,0,-0.312981,0.00507875,0.557797,2.80395,4949.98,0.54699,2.81975,0
2336.01,0.562717,2.80336,0,0,0.68519,-0.0817539,0.562717,2.80336,4955.45,0.625586,2.78913,0
2348.62,0.678499,2.7893,0,0,9.18541,-1.11595,0.678499,2.7893,4964.65,0.772605,2.77399,0
2359.78,0.772953,2.77229,0,0,8.45986,-1.52358,0.772953,2.77229,4976.47,0.77103,2.71919,0
2369.3,0.811484,2.76779,0,0,4.04734,-0.472068,0.811484,2.76779,4987.68,0.901222,2.74859,0
2378.85,0.890407,2.7599,0,0,8.26849,-0.82713,0.890407,2.7599,4996.75,1.05291,2.81015,0
2386.37,0.962374,2.76938,0,0,9.57134,1.26168,0.962374,2.76938,5005.84,0.980094,2.75491,0
2400.55,1.02886,2.79031,0,0,4.68734,1.47565,1.02886,2.79031,5016.69,1.10021,2.83264,0
2408.93,1.09954,2.80473,0,0,8.43255,1.71961,1.09954,2.80473,5027.73,1.15734,2.86588,0
2420.37,1.19298,2.79761,0,0,8.17122,-0.622734,1.19298,2.79761,5037.13,1.25694,2.73449,0
2427.43,1.27005,2.789,0,0,10.9179,-1.21859,1.27005,2.789,5045.16,1.2851,2.8335,0
2438.28,1.30867,2.77469,0,0,3.55932,-1.31876,1.30867,2.77469,5053.46,1.33741,2.77094,0
2448.96,1.37493,2.767,0,0,6.20491,-0.720929,1.37493,2.767,5064.14,1.41125,2.76358,0
2462.81,1.45743,2.75747,0,0,5.95554,-0.687437,1.45743,2.75747,5078.04,1.58947,2.72464,0
2470.59,1.56411,2.74487,0,0,13.7134,-1.62057,1.56411,2.74487,5094.2,1.68213,2.73189,0
2481.12,1.65153,2.72828,0,0,8.30349,-1.57495,1.65153,2.72828,5112.94,1.66345,2.72029,0
2487.66,1.76821,2.70574,0,0,17.8333,-3.4455,1.76821,2.70574,5134.52,1.85645,2.63687,0
2498.81,1.8913,2.6919,0,0,11.0349,-1.24127,1.8913,2.6919,5154.51,1.92317,2.67231,0
2508.89,1.93737,2.68667,0,0,4.57305,-0.518535,1.93737,2.68667,5168.58,1.97548,2.69174,0
2518.66,1.97966,2.67754,0,0,4.32716,-0.933945,1.97966,2.67754,5177.96,2.03883,2.7064,0
2529.08,2.08723,2.66522,0,0,10.3291,-1.18334,2.08723,2.66522,5185.56,2.18343,2.68408,0
2538.25,2.09067,2.65527,0,0,0.374664,-1.08503,2.09067,2.65527,5192.71,2.29955,2.61287,0
2546.47,2.0779,2.64136,0,0,-1.55158,-1.6914,2.0779,2.64136,5199.2,2.31213,2.62901,0
2561.63,1.7948,2.655,0,0,-18.6755,0.899734,1.7948,2.655,5203.68,1.44481,2.57933,0
2569.73,0.975528,2.71469,0,0,-101.219,7.37501,0.975528,2.71469,5205.72,0.0532005,2.58619,0
2580.12,0.494009,2.74938,0,0,-46.3445,3.3384,0.494009,2.74938,5206.34,0.436944,2.7912,0
2586.32,0.474319,2.75081,0,0,-3.17331,0.230855,0.474319,2.75081,5206.43,0.484767,2.7493,0
2600.75,0.475713,2.75144,0,0,0.0966589,0.0437229,0.475713,2.75144,5206.11,0.490545,2.7501,0
2606.25,0.508235,2.75827,0,0,5.90444,1.23959,0.508235,2.75827,5204.95,0.519599,2.73125,0
2618.29,0.553976,2.75446,0,0,3.80135,-0.316007,0.553976,2.75446,5202.2,0.587993,2.78309,0
2629.18,0.6165,2.76469,0,0,5.7419,0.939261,0.6165,2.76469,5197.17,0.706739,2.78135,0
2638.18,0.711547,2.76707,0,0,10.5561,0.263657,0.711547,2.76707,5190.29,0.847143,2.76213,0
2651.9,0.822729,2.76265,0,0,8.10191,-0.321819,0.822729,2.76265,5183.72,0.895943,2.74116,0
2662.82,0.895855,2.75475,0,0,6.69832,-0.723544,0.895855,2.75475,5179.2,0.946293,2.79039,0
2673.2,0.970667,2.74073,0,0,7.20808,-1.35088,0.970667,2.74073,5176.25,1.10061,2.75917,0
2681.79,1.10025,2.71805,0,0,15.0831,-2.64002,1.10025,2.71805,5173.86,1.20395,2.69214,0
2690.54,1.19284,2.7005,0,0,10.5773,-2.00421,1.19284,2.7005,5171.54,1.24901,2.70091,0
2700.6,1.22871,2.69628,0,0,3.56803,-0.419729,1.22871,2.69628,5168.98,1.1814,2.66935,0
2710.52,1.31356,2.68797,0,0,8.55099,-0.837827,1.31356,2.68797,5166.01,1.37416,2.65779,0
2720.34,1.41786,2.69752,0,0,10.6168,0.972022,1.41786,2.69752,5162.5,1.46572,2.73052,0
2731.34,1.46189,2.68859,0,0,4.00273,-0.811586,1.46189,2.68859,5158.67,1.4727,2.72728,0
2738.28,1.50701,2.68374,0,0,6.49976,-0.699705,1.50701,2.68374,5155.15,1.54642,2.68235,0
2752.57,1.60073,2.67992,0,0,6.56231,-0.266902,1.60073,2.67992,5151.98,1.65254,2.64595,0
2763.4,1.67516,2.67198,0,0,6.87026,-0.732965,1.67516,2.67198,5147.87,1.72814,2.62441,0
2770.35,1.73751,2.66266,0,0,8.9704,-1.34094,1.73751,2.66266,5141.07,1.82559,2.65495,0
2780.89,1.81262,2.65437,0,0,7.12493,-0.786851,1.81262,2.65437,5131.86,1.86555,2.6901,0
2793.32,1.91955,2.64272,0,0,8.60612,-0.937677,1.91955,2.64272,5123.49,2.00052,2.596,0
2799.47,1.92407,2.64184,0,0,0.733887,-0.141924,1.92407,2.64184,5118.52,2.10868,2.64394,0
2812.4,1.91392,2.63221,0,0,-0.784494,-0.74461,1.91392,2.63221,5116.26,2.13939,2.58798,0
2819.48,1.67486,2.60617,0,0,-33.7756,-3.67983,1.67486,2.60617,5114.82,0.680191,2.62782,0
2833.21,0.880375,2.57502,0,0,-57.8776,-2.26951,0.880375,2.57502,5112.59,-0.120112,2.38246,0
2839.67,0.301466,2.49285,0,0,-89.5867,-12.7151,0.301466,2.49285,5107.98,-0.000776979,2.46199,0
2850.76,0.207466,2.43774,0,0,-8.47611,-4.96942,0.207466,2.43774,5100.59,0.218943,2.43034,0
2860.68,0.187492,2.42863,0,0,-2.01322,-0.918243,0.187492,2.42863,5092.48,0.138655,2.3569,0
2873.15,0.187435,2.42825,0,0,-0.00457134,-0.0301074,0.187435,2.42825,5085.94,0.232964,2.47609,0
2882.92,0.204303,2.42672,0,0,1.72577,-0.156672,0.204303,2.42672,5081.32,0.158163,2.41495,0
2890.56,0.236069,2.43059,0,0,4.16216,0.507044,0.236069,2.43059,5077.83,0.327132,2.40013,0
2902.7,0.306661,2.43993,0,0,5.81441,0.769048,0.306661,2.43993,5074.59,0.345376,2.48566,0
2910.98,0.349214,2.45986,0,0,5.1379,2.40631,0.349214,2.45986,5070.33,0.360829,2.47968,0
2922.43,0.409325,2.47079,0,0,5.24712,0.954531,0.409325,2.47079,5063.54,0.464324,2.51045,0
2933.06,0.475759,2.46456,0,0,6.25029,-0.58632,0.475759,2.46456,5053.85,0.529421,2.47274,0
2943.47,0.556915,2.46127,0,0,7.7952,-0.315991,0.556915,2.46127,5042.47,0.701801,2.41051,0
2953.55,0.668397,2.45423,0,0,11.0674,-0.699383,0.668397,2.45423,5031.14,0.732839,2.41649,0
2966.1,0.734237,2.44709,0,0,5.24665,-0.56916,0.734237,2.44709,5021.16,0.76172,2.44672,0
2975.27,0.763344,2.43927,0,0,3.17382,-0.852084,0.763344,2.43927,5011.77,0.790679,2.47118,0
2982.48,0.848921,2.44386,0,0,11.8708,0.636666,0.848921,2.44386,5001.23,0.927,2.4695,0
2990.61,0.93772,2.44147,0,0,10.9211,-0.293932,0.93772,2.44147,4990.37,0.969075,2.3958,0
3005.11,0.96685,2.44473,0,0,2.00831,0.224675,0.96685,2.44473,4981.96,0.957844,2.44217,0
3011.77,0.986743,2.44219,0,0,2.98688,-0.382025,0.986743,2.44219,4976.82,1.02002,2.45871,0
3026.39,1.01868,2.42367,0,0,2.18543,-1.26705,1.01868,2.42367,4973.48,1.06794,2.4512,0
3033.89,1.09422,2.41398,0,0,10.0689,-1.29216,1.09422,2.41398,4970.71,1.15015,2.36137,0
3045.27,1.14989,2.38828,0,0,4.891,-2.25697,1.14989,2.38828,4967.37,1.14222,2.38659,0
3051.82,1.18301,2.38384,0,0,5.05366,-0.678005,1.18301,2.38384,4961.76,1.25305,2.304,0
3067.3,1.25893,2.376,0,0,4.90681,-0.506601,1.25893,2.376,4953.37,1.31374,2.39759,0
3075.38,1.33001,2.37671,0,0,8.78907,0.0875598,1.33001,2.37671,4943.91,1.39018,2.36642,0
3082.82,1.37692,2.37377,0,0,6.30691,-0.394759,1.37692,2.37377,4935.38,1.41772,2.40388,0
3093.92,1.42734,2.3684,0,0,4.54513,-0.484179,1.42734,2.3684,4928.21,1.51003,2.42838,0
3105,1.4294,2.36763,0,0,0.185711,-0.0699354,1.4294,2.36763,4922,1.67146,2.33657,0
3110.85,1.42737,2.35526,0,0,-0.347119,-2.11642,1.42737,2.35526,4916.83,1.69544,2.30768,0
3125.45,1.40718,2.35659,0,0,-1.38266,0.090837,1.40718,2.35659,4912.97,1.09684,2.39203,0
3134.68,1.09972,2.38293,0,0,-33.3143,2.85429,1.09972,2.38293,4910.06,-0.0708637,2.43248,0
3146.77,0.699913,2.42615,0,0,-33.0584,3.57396,0.699913,2.42615,4907.26,0.554769,2.47484,0
3155.96,0.592187,2.44521,0,0,-11.7233,2.0742,0.592187,2.44521,4903.95,0.523171,2.47683,0
3165.45,0.588459,2.44779,0,0,-0.393051,0.271853,0.588459,2.44779,4899.34,0.546702,2.41201,0
3175.09,0.593584,2.44986,0,0,0.531424,0.214466,0.593584,2.44986,4892.76,0.704645,2.48676,0
3184.85,0.70431,2.43311,0,0,11.3541,-1.71814,0.70431,2.43311,4885.56,0.785168,2.41514,0
3196.2,0.78977,2.42339,0,0,7.52887,-0.855808,0.78977,2.42339,4880.24,0.795918,2.42599,0
3202.22,0.84736,2.41123,0,0,9.55685,-2.01764,0.84736,2.41123,4877.62,0.897955,2.40116,0
3216.69,0.919955,2.40325,0,0,5.01838,-0.551946,0.919955,2.40325,4876.88,0.942021,2.38725,0
3222.69,0.964406,2.40123,0,0,7.40601,-0.336221,0.964406,2.40123,4877.35,0.987815,2.43015,0
3234.36,1.02166,2.39635,0,0,4.90686,-0.41833,1.02166,2.39635,4878.85,1.12485,2.36804,0
3242.31,1.13154,2.39898,0,0,13.8162,0.330806,1.13154,2.39898,4881.04,1.2095,2.44429,0
3258.02,1.2803,2.39895,0,0,9.47319,-0.00190946,1.2803,2.39895,4883.17,1.3551,2.3473,0
3266.2,1.37513,2.40622,0,0,11.5841,0.888226,1.37513,2.40622,4884.81,1.41414,2.41177,0
3274.4,1.45266,2.41242,0,0,9.46152,0.756497,1.45266,2.41242,4886.02,1.51137,2.38195,0
3285,1.53373,2.4095,0,0,7.64549,-0.27507,1.53373,2.4095,4886.72,1.60087,2.47261,0
3295.66,1.59656,2.40347,0,0,5.89133,-0.565749,1.59656,2.40347,4886.99,1.69906,2.42451,0
3302.76,1.61762,2.41351,0,0,2.96734,1.41523,1.61762,2.41351,4887.23,1.82298,2.42251,0
3316.65,1.61902,2.41834,0,0,0.100962,0.347221,1.61902,2.41834,4887.72,1.87712,2.35955,0
3322.37,1.58295,2.43246,0,0,-6.31406,2.47174,1.58295,2.43246,4888.37,1.36997,2.48372,0
3336.01,0.687758,2.5187,0,0,-65.5963,6.31931,0.687758,2.5187,4888.88,-0.592352,2.36943,0
3343.14,-0.184209,2.59574,0,0,-122.381,10.8135,-0.184209,2.59574,4889.47,-0.462618,2.67839,0
3358.19,-0.243664,2.55449,0,0,-3.94943,-2.74021,-0.243664,2.55449,4890.52,-0.252347,2.48487,0
3366.81,-0.253251,2.49562,0,0,-1.11199,-6.82915,-0.253251,2.49562,4892.18,-0.241643,2.37102,0
3374.32,-0.247231,2.48862,0,0,0.802226,-0.932582,-0.247231,2.48862,4894.9,-0.308593,2.50751,0
3385.37,-0.232018,2.4869,0,0,1.37589,-0.155354,-0.232018,2.4869,4898.67,-0.244302,2.61001,0
3395.56,-0.181617,2.4836,0,0,4.9466,-0.323687,-0.181617,2.4836,4902,-0.148407,2.42338,0
3406.61,-0.129879,2.47843,0,0,4.68386,-0.468531,-0.129879,2.47843,4903.73,-0.111276,2.43036,0
3415.42,-0.0540072,2.47786,0,0,8.61295,-0.0642809,-0.0540072,2.47786,4904.19,0.0220885,2.54291,0
3427.79,0.0395033,2.47436,0,0,7.55885,-0.283255,0.0395033,2.47436,4904.11,0.0826761,2.4972,0
3437.2,0.0771297,2.47017,0,0,3.99643,-0.444787,0.0771297,2.47017,4903.69,0.0694908,2.49808,0
3448.51,0.155252,2.45237,0,0,6.90978,-1.57426,0.155252,2.45237,4902.5,0.230609,2.45101,0
3458.68,0.275067,2.43114,0,0,11.7847,-2.08847,0.275067,2.43114,4900.11,0.321722,2.39568,0
3469.66,0.347429,2.42235,0,0,6.59038,-0.800196,0.347429,2.42235,4896.53,0.408831,2.41558,0
3478.87,0.430487,2.39921,0,0,9.01722,-2.51211,0.430487,2.39921,4891.82,0.492035,2.36686,0
3487.21,0.511698,2.39132,0,0,9.72943,-0.945174,0.511698,2.39132,4886.07,0.596827,2.53944,0
3497.16,0.557525,2.42202,0,0,4.60659,3.08514,0.557525,2.42202,4879.2,0.563927,2.36846,0
3506.48,0.638112,2.44942,0,0,8.65037,2.94187,0.638112,2.44942,4870.64,0.695963,2.43357,0
3516.57,0.697429,2.45621,0,0,5.88056,0.672599,0.697429,2.45621,4860.96,0.698531,2.45445,0
3528.64,0.717636,2.45528,0,0,1.67414,-0.0767081,0.717636,2.45528,4852.73,0.768615,2.47321,0
3536.89,0.779786,2.46594,0,0,7.52794,1.29163,0.779786,2.46594,4847.67,0.873522,2.43893,0
3548.94,0.875297,2.46632,0,0,7.93011,0.0314212,0.875297,2.46632,4844.8,0.980785,2.48461,0
3558.43,0.974589,2.46606,0,0,10.4529,-0.0275192,0.974589,2.46606,4842.18,1.06034,2.46043,0
3568.84,1.09504,2.48714,0,0,11.5797,2.026,1.09504,2.48714,4838.94,1.17336,2.51681,0
3578.77,1.19262,2.50794,0,0,9.82058,2.09395,1.19262,2.50794,4835.98,1.22115,2.53269,0
3586.3,1.23502,2.50865,0,0,5.63223,0.0947215,1.23502,2.50865,4834.35,1.28163,2.49758,0
3596.42,1.29636,2.51481,0,0,6.06002,0.607712,1.29636,2.51481,4833.98,1.39997,2.53914,0
3608.86,1.36783,2.50864,0,0,5.74552,-0.495409,1.36783,2.50864,4834.68,1.39857,2.51879,0
3614.34,1.43786,2.51551,0,0,12.7737,1.25361,1.43786,2.51551,4837.14,1.4789,2.52077,0
3628.4,1.50741,2.5153,0,0,4.94837,-0.0149819,1.50741,2.5153,4841.34,1.58995,2.47254,0
3634.97,1.57667,2.52119,0,0,10.5494,0.896436,1.57667,2.52119,4845.31,1.62688,2.53801,0
3648.59,1.69947,2.51281,0,0,9.01183,-0.614997,1.69947,2.51281,4847.45,1.79076,2.51097,0
3662.84,1.80334,2.50173,0,0,7.29262,-0.777957,1.80334,2.50173,4848.06,1.85291,2.50173,0
3670.36,1.86171,2.49494,0,0,7.76095,-0.902943,1.86171,2.49494,4848.02,1.89378,2.44371,0
3681.68,1.94151,2.47589,0,0,7.04665,-1.6818,1.94151,2.47589,4847.57,1.99027,2.4628,0
3686.63,1.9449,2.47495,0,0,0.685445,-0.190568,1.9449,2.47495,4846.78,2.05746,2.45819,0
3700.76,1.93881,2.47291,0,0,-0.430872,-0.144288,1.93881,2.47291,4845.59,2.10325,2.40801,0
3709.46,1.78714,2.48961,0,0,-17.4411,1.92041,1.78714,2.48961,4843.49,1.16985,2.58515,0
3718.25,1.28638,2.55271,0,0,-56.9433,7.17527,1.28638,2.55271,4840.29,0.11492,2.66546,0
3728.69,0.858625,2.60998,0,0,-40.9692,5.48515,0.858625,2.60998,4836.99,0.732091,2.61254,0
3738.26,0.747048,2.62854,0,0,-11.6579,1.93882,0.747048,2.62854,4834.46,0.733099,2.6276,0
3748.5,0.743768,2.63509,0,0,-0.320299,0.640262,0.743768,2.63509,4832.36,0.741051,2.6419,0
3763.01,0.749402,2.66491,0,0,0.388422,2.05543,0.749402,2.66491,4830.13,0.762436,2.68736,0
3771.89,0.785452,2.69189,0,0,4.0611,3.03908,0.785452,2.69189,4828,0.875559,2.70193,0
3781.62,0.842757,2.6951,0,0,5.8864,0.329703,0.842757,2.6951,4826.45,0.865776,2.70567,0
3788.04,0.981617,2.68561,0,0,21.6193,-1.47694,0.981617,2.68561,4825.64,1.09706,2.65594,0
3798.38,1.10839,2.67776,0,0,12.2648,-0.759955,1.10839,2.67776,4825.44,1.14049,2.65068,0
3808.69,1.17204,2.67271,0,0,6.17553,-0.489258,1.17204,2.67271,4825.69,1.22202,2.67951,0
3819.45,1.24756,2.66045,0,0,7.01439,-1.13869,1.24756,2.66045,4826.33,1.35519,2.68224,0
3827.89,1.30718,2.66471,0,0,7.06587,0.505096,1.30718,2.66471,4827.47,1.32833,2.60907,0
3840.15,1.37039,2.67176,0,0,5.15521,0.57461,1.37039,2.67176,4829.62,1.39839,2.63774,0
3846.86,1.43976,2.67249,0,0,10.3397,0.108907,1.43976,2.67249,4833.42,1.47958,2.67899,0
3860.16,1.47956,2.65519,0,0,2.99268,-1.30061,1.47956,2.65519,4838.33,1.49304,2.66865,0
3870.34,1.51045,2.64584,0,0,3.03395,-0.91894,1.51045,2.64584,4842.69,1.57908,2.65803,0
3880.89,1.59547,2.62997,0,0,8.05625,-1.5034,1.59547,2.62997,4845.68,1.72942,2.58893,0
3886.28,1.72707,2.59042,0,0,24.4306,-7.34253,1.72707,2.59042,4848.13,1.8709,2.52948,0
3900.64,1.85944,2.56282,0,0,9.22107,-1.92232,1.85944,2.56282,4851.24,1.92225,2.57045,0
3912.5,1.95353,2.51962,0,0,7.93295,-3.6428,1.95353,2.51962,4855.81,1.98781,2.47748,0
3920.71,2.02961,2.50976,0,0,9.26453,-1.20011,2.02961,2.50976,4861.91,2.06083,2.4628,0
3933.08,2.10628,2.50143,0,0,6.19944,-0.673891,2.10628,2.50143,4868.5,2.1471,2.48544,0
3939.35,2.15511,2.4974,0,0,7.77986,-0.64175,2.15511,2.4974,4875.34,2.16502,2.5192,0
3952.27,2.19973,2.52216,0,0,3.45497,1.91768,2.19973,2.52216,4883.48,2.2356,2.54116,0
3961.18,2.25231,2.53187,0,0,5.8971,1.08925,2.25231,2.53187,4892.32,2.2961,2.46305,0
3972.72,2.31248,2.53869,0,0,5.21382,0.590987,2.31248,2.53869,4900.31,2.35364,2.55155,0
3981.52,2.39879,2.54475,0,0,9.81425,0.688206,2.39879,2.54475,4907.01,2.44781,2.54874,0
3990.28,2.45708,2.55802,0,0,6.65527,1.51498,2.45708,2.55802,4912.15,2.48725,2.568,0
4000.33,2.48684,2.5654,0,0,2.96041,0.734113,2.48684,2.5654,4915.82,2.50556,2.56281,0
4012.14,2.50645,2.56369,0,0,1.65986,-0.144287,2.50645,2.56369,4919.27,2.51211,2.56405,0
4020.51,2.50726,2.5636,0,0,0.0967808,-0.0105348,2.50726,2.5636,4923.22,2.60766,2.52284,0
4032.59,2.50423,2.56322,0,0,-0.250828,-0.0317211,2.50423,2.56322,4927.04,2.77642,2.53969,0
4039.72,2.39895,2.55716,0,0,-14.7638,-0.849503,2.39895,2.55716,4929.76,2.10287,2.57227,0
4052.41,1.5325,2.61939,0,0,-68.2778,4.90364,1.5325,2.61939,4931.54,0.114623,2.59315,0
4061.74,0.758111,2.65276,0,0,-83.0626,3.57972,0.758111,2.65276,4933.89,0.552978,2.68411,0
4072.35,0.706548,2.59896,0,0,-4.85987,-5.07061,0.706548,2.59896,4938.65,0.672891,2.57931,0
4080.22,0.700407,2.54831,0,0,-0.779812,-6.43164,0.700407,2.54831,4945.63,0.747917,2.51394,0
4090.56,0.734536,2.50869,0,0,3.30229,-3.83383,0.734536,2.50869,4952.35,0.693214,2.4665,0
4099.14,0.760954,2.50434,0,0,3.07757,-0.506629,0.760954,2.50434,4957.41,0.801049,2.50389,0
4111.16,0.806195,2.50008,0,0,3.76321,-0.35498,0.806195,2.50008,4961.55,0.83212,2.47636,0
4120.59,0.893844,2.50669,0,0,9.29765,0.702084,0.893844,2.50669,4964.98,0.96348,2.55743,0
4132.96,0.958463,2.5408,0,0,5.22512,2.7582,0.958463,2.5408,4967.13,0.966103,2.6137,0
4139.02,0.992234,2.56836,0,0,5.56626,4.54237,0.992234,2.56836,4968.33,1.01576,2.55586,0
4150.8,1.04227,2.56526,0,0,4.24715,-0.263301,1.04227,2.56526,4969.62,1.10957,2.52051,0
4166.45,1.10815,2.58057,0,0,4.21035,0.978008,1.10815,2.58057,4971.93,1.17119,2.58804,0
4176.61,1.20649,2.54773,0,0,9.68288,-3.2333,1.20649,2.54773,4976.18,1.26434,2.46391,0
4183.03,1.27958,2.54546,0,0,11.3745,-0.352962,1.27958,2.54546,4983.41,1.30671,2.68521,0
4193.58,1.30877,2.54495,0,0,2.76717,-0.0485364,1.30877,2.54495,4993.77,1.36397,2.51113,0
4205.1,1.35942,2.52247,0,0,4.39876,-1.95201,1.35942,2.52247,5005.55,1.41865,2.50395,0
4211.86,1.42282,2.53271,0,0,9.37378,1.51338,1.42282,2.53271,5016.82,1.45106,2.54001,0
4226.19,1.49225,2.5266,0,0,4.8455,-0.42602,1.49225,2.5266,5026.12,1.53273,2.44823,0
4233.45,1.54041,2.53603,0,0,6.63172,1.29846,1.54041,2.53603,5032.27,1.53667,2.56775,0
4244.39,1.56106,2.53484,0,0,1.88845,-0.109164,1.56106,2.53484,5035.59,1.6049,2.54877,0
4252.46,1.62488,2.53712,0,0,7.9075,0.282026,1.62488,2.53712,5037.67,1.67432,2.53037,0
4267.17,1.69394,2.53017,0,0,4.69561,-0.472338,1.69394,2.53017,5040.26,1.74885,2.49522,0
4277.16,1.75979,2.52672,0,0,6.58973,-0.345294,1.75979,2.52672,5044.89,1.80802,2.53987,0
4282.98,1.82425,2.52813,0,0,11.0708,0.242573,1.82425,2.52813,5051.84,1.86937,2.47236,0
4290.78,1.89296,2.53005,0,0,8.81221,0.246377,1.89296,2.53005,5059.11,1.94384,2.52227,0
4305.03,1.95196,2.53534,0,0,4.13845,0.37116,1.95196,2.53534,5064.9,1.96856,2.60179,0
4312.3,1.99386,2.53063,0,0,5.76758,-0.647962,1.99386,2.53063,5070.85,2.09417,2.55832,0
4322.33,2.07482,2.52152,0,0,8.06982,-0.908649,2.07482,2.52152,5079.09,2.1578,2.49885,0
4333.17,2.16389,2.50512,0,0,8.2147,-1.5121,2.16389,2.50512,5088.07,2.25514,2.45328,0
4344.66,2.22249,2.49606,0,0,5.10114,-0.789015,2.22249,2.49606,5094.65,2.25089,2.46316,0
4352.57,2.24893,2.49308,0,0,3.34156,-0.376339,2.24893,2.49308,5098.22,2.3277,2.40469,0
4367.39,2.29718,2.4881,0,0,3.2569,-0.33598,2.29718,2.4881,5100.2,2.25548,2.60528,0
4374.29,2.36799,2.48641,0,0,10.2609,-0.245648,2.36799,2.48641,5102,2.42918,2.53695,0
4382.34,2.41133,2.48287,0,0,5.38243,-0.439192,2.41133,2.48287,5104.49,2.40151,2.49528,0
4391.7,2.46081,2.4986,0,0,5.28655,1.68007,2.46081,2.4986,5107.14,2.55683,2.43315,0
4404.59,2.53846,2.50092,0,0,6.02642,0.180514,2.53846,2.50092,5108.78,2.58371,2.40857,0
4414.76,2.63375,2.49112,0,0,9.36904,-0.964318,2.63375,2.49112,5109.29,2.69264,2.50209,0
4422.41,2.69668,2.48707,0,0,8.22737,-0.529238,2.69668,2.48707,5109.16,2.72091,2.48555,0
4436.19,2.72044,2.48611,0,0,1.72473,-0.0695355,2.72044,2.48611,5108.47,2.74522,2.4721,0
4443.37,2.75509,2.48223,0,0,4.82036,-0.539358,2.75509,2.48223,5107.16,2.80501,2.48296,0
4454.99,2.79888,2.47301,0,0,3.76906,-0.794207,2.79888,2.47301,5105.64,2.83648,2.55153,0
4465.89,2.79935,2.46109,0,0,0.0427842,-1.09307,2.79935,2.46109,5104.41,2.85551,2.44186,0
4474.27,2.78735,2.44207,0,0,-1.43174,-2.26935,2.78735,2.44207,5103.63,2.97761,2.41495,0
4484.31,2.5233,2.4373,0,0,-26.3049,-0.475395,2.5233,2.4373,5103.06,1.71822,2.46024,0
4496.57,1.5076,2.41883,0,0,-82.8534,-1.50671,1.5076,2.41883,5102.61,0.362578,2.4168,0
4502.34,0.758239,2.39837,0,0,-129.984,-3.54846,0.758239,2.39837,5102.44,0.649659,2.39747,0
4516.42,0.727022,2.39751,0,0,-2.21697,-0.0609459,0.727022,2.39751,5102.28,0.851827,2.37798,0
4522.32,0.72898,2.3978,0,0,0.331852,0.0491972,0.72898,2.3978,5101.53,0.733621,2.40402,0
4536.11,0.774235,2.40476,0,0,3.28076,0.504207,0.774235,2.40476,5100.02,0.795954,2.4181,0
4543.48,0.792638,2.41316,0,0,2.49637,1.14015,0.792638,2.41316,5097.49,0.791758,2.4363,0
4558.35,0.828971,2.41741,0,0,2.44433,0.285916,0.828971,2.41741,5093.74,0.916199,2.37264,0
4568.39,0.897865,2.41756,0,0,6.85652,0.0145347,0.897865,2.41756,5089.87,0.947859,2.41333,0
4577.35,0.977608,2.42134,0,0,8.90588,0.422875,0.977608,2.42134,5087.27,1.02153,2.42471,0
4583.99,1.03601,2.42798,0,0,8.79617,0.999765,1.03601,2.42798,5085.94,1.05046,2.43197,0
4596.87,1.09416,2.42642,0,0,4.51315,-0.121215,1.09416,2.42642,5085.18,1.14168,2.4527,0
4606.96,1.15841,2.42146,0,0,6.37079,-0.492072,1.15841,2.42146,5084.81,1.2294,2.45786,0
4615.83,1.20826,2.41886,0,0,5.6196,-0.293495,1.20826,2.41886,5085.01,1.24808,2.40917,0
4624.31,1.25058,2.41425,0,0,4.99199,-0.543332,1.25058,2.41425,5086.38,1.26081,2.3915,0
4634.82,1.30649,2.40464,0,0,5.31883,-0.913974,1.30649,2.40464,5089.71,1.34709,2.40579,0
4643.35,1.39994,2.38979,0,0,10.9525,-1.74018,1.39994,2.38979,5094.61,1.4466,2.31718,0
4656.28,1.4748,2.37491,0,0,5.79154,-1.15133,1.4748,2.37491,5099.48,1.4968,2.36045,0
4667.32,1.50849,2.3647,0,0,3.05092,-0.925059,1.50849,2.3647,5103.65,1.53819,2.37208,0
4674.25,1.56716,2.35433,0,0,8.4626,-1.49531,1.56716,2.35433,5107.81,1.60751,2.28297,0
4688.84,1.64089,2.34878,0,0,5.05374,-0.380402,1.64089,2.34878,5113.11,1.71484,2.33117,0
4695.77,1.69999,2.34595,0,0,8.5322,-0.408236,1.69999,2.34595,5119.88,1.74438,2.3387,0
4706.41,1.7847,2.33201,0,0,7.96072,-1.31016,1.7847,2.33201,5126.39,1.84747,2.39078,0
4715.36,1.87774,2.33638,0,0,10.3957,0.488227,1.87774,2.33638,5131.44,1.92074,2.37464,0
4728.74,1.96277,2.33177,0,0,6.3549,-0.344827,1.96277,2.33177,5135.93,2.02489,2.30732,0
4737.24,2.01791,2.32598,0,0,6.48706,-0.680816,2.01791,2.32598,5140.62,2.01467,2.34575,0
4748.37,2.03145,2.32452,0,0,1.21577,-0.13141,2.03145,2.32452,5145.46,2.04462,2.32234,0
4761.31,2.04294,2.32379,0,0,0.888704,-0.056754,2.04294,2.32379,5151.18,2.03835,2.27424,0
4769.39,2.1141,2.32863,0,0,8.79813,0.59915,2.1141,2.32863,5158.25,2.1811,2.32418,0
4778.89,2.19871,2.34326,0,0,8.91061,1.54075,2.19871,2.34326,5164.71,2.25594,2.38042,0
4787.48,2.24492,2.36648,0,0,5.37701,2.70133,2.24492,2.36648,5168.53,2.28021,2.33825,0
4796.31,2.29255,2.37411,0,0,5.39458,0.864809,2.29255,2.37411,5170.11,2.34512,2.36471,0
4808.43,2.33755,2.39622,0,0,3.71313,1.82413,2.33755,2.39622,5170.79,2.36388,2.45676,0
4816.37,2.3845,2.40657,0,0,5.9149,1.30442,2.3845,2.40657,5171.21,2.41765,2.42516,0
4828.62,2.38648,2.40699,0,0,0.161837,0.0337545,2.38648,2.40699,5171.44,2.42461,2.40041,0
4836.01,2.36914,2.40522,0,0,-2.34776,-0.239296,2.36914,2.40522,5171.51,2.42601,2.38603,0
4848.8,1.93569,2.36528,0,0,-33.89,-3.12268,1.93569,2.36528,5171.47,0.570857,2.43166,0
4859.14,1.04519,2.37184,0,0,-86.055,0.634108,1.04519,2.37184,5171.2,0.284195,2.43965,0
4870.57,0.580949,2.39896,0,0,-40.6234,2.37313,0.580949,2.39896,5170.41,0.46266,2.3587,0
4880.62,0.56215,2.40014,0,0,-1.87058,0.11769,0.56215,2.40014,5168.8,0.550176,2.373,0
4886.37,0.562963,2.40061,0,0,0.141543,0.0812291,0.562963,2.40061,5166.45,0.592832,2.37702,0
4896.1,0.585239,2.41269,0,0,2.28988,1.24128,0.585239,2.41269,5164.12,0.591033,2.43397,0
4908.97,0.674295,2.44699,0,0,6.91855,2.6649,0.674295,2.44699,5162.7,0.752586,2.46169,0
4918.27,0.761902,2.46823,0,0,9.41804,2.2839,0.761902,2.46823,5162.13,0.801337,2.501,0
4928.31,0.792859,2.46696,0,0,3.0843,-0.127045,0.792859,2.46696,5161.6,0.822939,2.48935,0
4938.25,0.857327,2.47889,0,0,6.489,1.20102,0.857327,2.47889,5160.38,0.903828,2.5094,0
4948.68,0.981643,2.47901,0,0,11.9111,0.0113754,0.981643,2.47901,5158.79,1.05544,2.40923,0
4962.53,1.08705,2.47082,0,0,7.61346,-0.591573,1.08705,2.47082,5158.52,1.16286,2.47025,0
4970.8,1.15071,2.46954,0,0,7.69438,-0.154878,1.15071,2.46954,5160.36,1.24017,2.44633,0
4981.32,1.20055,2.46471,0,0,4.73684,-0.458897,1.20055,2.46471,5162.83,1.22096,2.51129,0
4987.61,1.23316,2.46896,0,0,5.18628,0.675805,1.23316,2.46896,5164.31,1.25658,2.4685,0
4998.81,1.28067,2.47202,0,0,4.24041,0.273345,1.28067,2.47202,5164.74,1.36881,2.54288,0
5009.57,1.35911,2.46416,0,0,7.29458,-0.730775,1.35911,2.46416,5164.5,1.41015,2.44883,0
5018.69,1.42689,2.46347,0,0,7.42625,-0.0761393,1.42689,2.46347,5163.35,1.47595,2.47366,0
5029.87,1.4736,2.4587,0,0,4.17994,-0.426678,1.4736,2.4587,5160.96,1.535,2.42389,0
5038.3,1.52297,2.45385,0,0,5.85301,-0.575286,1.52297,2.45385,5158,1.54121,2.50546,0
5047.2,1.63668,2.45333,0,0,12.7772,-0.0581404,1.63668,2.45333,5155.4,1.72565,2.37718,0
5060.96,1.75836,2.4526,0,0,8.84433,-0.0527832,1.75836,2.4526,5152.76,1.78541,2.43424,0
5069.57,1.80152,2.44845,0,0,5.01406,-0.482361,1.80152,2.44845,5149.52,1.84503,2.45968,0
5080.38,1.84768,2.44345,0,0,4.26982,-0.462741,1.84768,2.44345,5146.51,1.91351,2.50405,0
5086.45,1.96463,2.4307,0,0,19.2695,-2.10042,1.96463,2.4307,5144.45,2.05628,2.41719,0
5100.84,2.06434,2.41802,0,0,6.93173,-0.881441,2.06434,2.41802,5143.13,2.08238,2.43893,0
5106.36,2.08083,2.41119,0,0,2.98309,-1.23647,2.08083,2.41119,5142.43,2.08291,2.40219,0
5118.29,2.11034,2.39613,0,0,2.47301,-1.26207,2.11034,2.39613,5142.32,2.21112,2.35178,0
5129.39,2.17056,2.38908,0,0,5.42672,-0.634759,2.17056,2.38908,5142.56,2.18897,2.34955,0
5138.25,2.21462,2.38411,0,0,4.97607,-0.562057,2.21462,2.38411,5143.15,2.23878,2.40792,0
5146.59,2.25265,2.38036,0,0,4.55634,-0.448884,2.25265,2.38036,5144.19,2.32011,2.38647,0
5160.73,2.32403,2.3813,0,0,5.05068,0.0667125,2.32403,2.3813,5145.56,2.37086,2.37225,0
5172.81,2.38016,2.37569,0,0,4.64628,-0.464491,2.38016,2.37569,5147.22,2.402,2.34466,0
5182.03,2.44293,2.37119,0,0,6.80468,-0.488374,2.44293,2.37119,5149.06,2.58082,2.37601,0
5190.23,2.56306,2.36499,0,0,14.6564,-0.756656,2.56306,2.36499,5150.99,2.62828,2.34224,0
5200.4,2.71073,2.35161,0,0,14.5143,-1.31517,2.71073,2.35161,5153.43,2.80417,2.34842,0
5213.62,2.71693,2.35053,0,0,0.469484,-0.0816965,2.71693,2.35053,5157.1,2.81657,2.42252,0
5220.93,2.6966,2.33879,0,0,-2.77965,-1.60461,2.6966,2.33879,5163.15,2.84538,2.31659,0
5230.37,2.23731,2.32809,0,0,-48.658,-1.13331,2.23731,2.32809,5172.6,1.6663,2.21551,0
5238.34,1.60392,2.23969,0,0,-79.4723,-11.0916,1.60392,2.23969,5185.59,0.671882,2.23766,0
5251.52,1.42499,2.1567,0,0,-13.5744,-6.29644,1.42499,2.1567,5200.84,1.30985,2.12873,0
5263.37,1.37751,2.15049,0,0,-4.00813,-0.523652,1.37751,2.15049,5215.41,1.34022,2.15032,0
5272.32,1.37571,2.15037,0,0,-0.200799,-0.0133901,1.37571,2.15037,5227.12,1.35844,2.08261,0
5282.94,1.37782,2.15083,0,0,0.197998,0.0430647,1.37782,2.15083,5235.87,1.42489,2.13546,0
5292.91,1.42764,2.16243,0,0,4.99819,1.16354,1.42764,2.16243,5241.93,1.46273,2.20691,0
5299.54,1.47698,2.18986,0,0,7.43893,4.13679,1.47698,2.18986,5246.68,1.52443,2.17206,0
5312.6,1.52093,2.18727,0,0,3.3654,-0.198972,1.52093,2.18727,5253.61,1.59806,2.23559,0
5319.44,1.56443,2.19927,0,0,6.36075,1.75468,1.56443,2.19927,5265.96,1.57867,2.24019,0
5332.21,1.66355,2.19538,0,0,7.75951,-0.304336,1.66355,2.19538,5283.12,1.76273,2.12021,0
5339.77,1.76051,2.19175,0,0,12.8235,-0.479564,1.76051,2.19175,5300.63,1.73562,2.1901,0
5352.69,1.79735,2.19002,0,0,2.85133,-0.133685,1.79735,2.19002,5315.64,1.87709,2.20016,0
5362.04,1.84752,2.18648,0,0,5.36395,-0.379108,1.84752,2.18648,5328.79,1.86868,2.17686,0
5373.4,1.91882,2.1896,0,0,6.27729,0.274804,1.91882,2.1896,5340.18,2.04833,2.19139,0
5383.49,2.01872,2.18994,0,0,9.90461,0.0340616,2.01872,2.18994,5348.67,2.08772,2.15507,0
5390.54,2.08531,2.19871,0,0,9.44472,1.24383,2.08531,2.19871,5355.01,2.08735,2.25876,0
5401.11,2.12675,2.21588,0,0,3.92204,1.62446,2.12675,2.21588,5361.47,2.2137,2.21777,0
5410.35,2.20299,2.22376,0,0,8.24235,0.852202,2.20299,2.22376,5368.7,2.26176,2.30904,0
5423.49,2.27196,2.21699,0,0,5.25027,-0.51539,2.27196,2.21699,5376.66,2.29821,2.23243,0
5431.58,2.31501,2.21219,0,0,5.323,-0.593715,2.31501,2.21219,5387.87,2.36877,2.18711,0
5443.42,2.36265,2.2028,0,0,4.02233,-0.792462,2.36265,2.2028,5403.93,2.41696,2.19407,0
5453.4,2.40495,2.18357,0,0,4.24175,-1.92867,2.40495,2.18357,5420,2.41158,2.16962,0
5466.74,2.49968,2.17027,0,0,7.09676,-0.99613,2.49968,2.17027,5430.42,2.5839,2.14837,0
5476.01,2.59111,2.15242,0,0,9.86727,-1.92692,2.59111,2.15242,5435.84,2.63916,2.06959,0
5484.06,2.62326,2.13125,0,0,3.99665,-2.63041,2.62326,2.13125,5440.07,2.60428,2.16315,0
5491.26,2.64565,2.10417,0,0,3.10813,-3.75979,2.64565,2.10417,5445.02,2.64254,2.06547,0
5502.54,2.67564,2.08803,0,0,2.65914,-1.43135,2.67564,2.08803,5450.14,2.70757,2.10858,0
5512.34,2.71745,2.08301,0,0,4.26657,-0.512361,2.71745,2.08301,5454.13,2.75638,2.08544,0
5522.41,2.76451,2.07841,0,0,4.67108,-0.456142,2.76451,2.07841,5456.41,2.82208,1.98185,0
5532.88,2.86354,2.07892,0,0,9.46031,0.0483364,2.86354,2.07892,5457.34,2.93124,2.05071,0
5543.09,2.93635,2.08437,0,0,7.12975,0.533157,2.93635,2.08437,5457.59,2.94962,2.11075,0
5553.38,2.97086,2.10544,0,0,3.35239,2.04728,2.97086,2.10544,5457.52,3.00498,2.17044,0
5567.77,3.01301,2.1032,0,0,2.92954,-0.15609,3.01301,2.1032,5456.8,3.0611,2.09606,0
5577,3.04938,2.09928,0,0,3.94175,-0.42468,3.04938,2.09928,5454.39,3.08812,2.13241,0
5585.57,3.05069,2.09734,0,0,0.153051,-0.225498,3.05069,2.09734,5449.79,3.13481,2.09544,0
5593.47,3.0422,2.08519,0,0,-1.07527,-1.53965,3.0422,2.08519,5444.14,3.19875,2.05481,0
5605.55,2.86104,2.09835,0,0,-14.9891,1.08873,2.86104,2.09835,5438.16,2.67714,2.08431,0
5611.11,2.32846,2.15544,0,0,-95.8576,10.2766,2.32846,2.15544,5430.68,1.26655,2.22964,0
5626.17,1.71591,2.22211,0,0,-40.6605,4.42552,1.71591,2.22211,5420.34,1.13126,2.33202,0
5632.5,1.4314,2.26922,0,0,-45.0032,7.45055,1.4314,2.26922,5406.86,1.37314,2.31059,0
5643.44,1.42085,2.28554,0,0,-0.963278,1.49051,1.42085,2.28554,5391.51,1.42566,2.28018,0
5651.6,1.42244,2.29618,0,0,0.194958,1.30494,1.42244,2.29618,5376.54,1.42581,2.31691,0
5667.16,1.42963,2.30533,0,0,0.462227,0.588078,1.42963,2.30533,5363.18,1.4157,2.29936,0
5678.85,1.48011,2.33657,0,0,4.31911,2.67335,1.48011,2.33657,5350.81,1.52951,2.36479,0
5685.86,1.54594,2.38027,0,0,9.38542,6.23042,1.54594,2.38027,5338.18,1.59445,2.40799,0
5696.76,1.60012,2.39685,0,0,4.97438,1.5215,1.60012,2.39685,5325.21,1.67098,2.38649,0
5706.17,1.69702,2.39395,0,0,10.2975,-0.307941,1.69702,2.39395,5313.2,1.76045,2.36699,0
5714.44,1.76899,2.40085,0,0,8.7006,0.834738,1.76899,2.40085,5302.72,1.77723,2.41284,0
5722.26,1.81132,2.39846,0,0,5.40872,-0.305726,1.81132,2.39846,5292.9,1.90892,2.4025,0
5734.77,1.91192,2.38764,0,0,8.04173,-0.864937,1.91192,2.38764,5283.66,2.01147,2.41314,0
5744.7,1.99311,2.37807,0,0,8.18159,-0.964816,1.99311,2.37807,5276.22,1.95989,2.37184,0
5756.14,2.02127,2.35711,0,0,2.46071,-1.83172,2.02127,2.35711,5269.97,2.06667,2.31977,0
5767.97,2.05575,2.35259,0,0,2.91521,-0.381905,2.05575,2.35259,5261.68,2.07254,2.32414,0
5777.87,2.09898,2.34761,0,0,4.3685,-0.502767,2.09898,2.34761,5248.63,2.16325,2.30005,0
5784.15,2.16975,2.33275,0,0,11.2611,-2.36589,2.16975,2.33275,5231.36,2.28212,2.3767,0
5797.17,2.24179,2.31535,0,0,5.53293,-1.33588,2.24179,2.31535,5213.82,2.27598,2.37897,0
5806.87,2.30506,2.30778,0,0,6.52544,-0.780547,2.30506,2.30778,5200.66,2.34484,2.31539,0
5814.59,2.35735,2.29468,0,0,6.77353,-1.69729,2.35735,2.29468,5192.65,2.40373,2.23105,0
5824.67,2.35894,2.28948,0,0,0.158299,-0.515848,2.35894,2.28948,5185.9,2.52497,2.19386,0
5834.36,2.34292,2.28454,0,0,-1.65506,-0.510123,2.34292,2.28454,5176.38,2.46949,2.29621,0
5842.29,1.9618,2.32603,0,0,-48.0486,5.23128,1.9618,2.32603,5163.54,0.693694,2.48436,0
5858.25,1.14322,2.42951,0,0,-51.2857,6.48302,1.14322,2.42951,5148.44,0.474178,2.49396,0
5868.54,0.718464,2.51125,0,0,-41.2909,7.94599,0.718464,2.51125,5132.34,0.653868,2.63782,0
5878.14,0.708099,2.56154,0,0,-1.07891,5.23475,0.708099,2.56154,5118.56,0.784593,2.59023,0
5884.7,0.713472,2.5834,0,0,0.819667,3.33505,0.713472,2.5834,5109.91,0.708161,2.5887,0
5897.15,0.765528,2.58293,0,0,4.17987,-0.0381794,0.765528,2.58293,5105.31,0.785638,2.56654,0
5903.6,0.818839,2.58215,0,0,8.26397,-0.120553,0.818839,2.58215,5102.02,0.9088,2.5589,0
5917.06,0.895978,2.59158,0,0,5.73179,0.701073,0.895978,2.59158,5098.05,0.941986,2.60402,0
5927.94,0.979659,2.61074,0,0,7.69201,1.76073,0.979659,2.61074,5092.71,1.08695,2.61073,0
5936.67,1.07864,2.61923,0,0,11.3433,0.973787,1.07864,2.61923,5086.01,1.1998,2.69917,0
5948.81,1.20605,2.62859,0,0,10.4873,0.76974,1.20605,2.62859,5077.35,1.30398,2.6167,0
5958.8,1.28921,2.63615,0,0,8.32936,0.757076,1.28921,2.63615,5066.05,1.27968,2.65492,0
5969.06,1.3094,2.63896,0,0,1.96853,0.274405,1.3094,2.63896,5053.68,1.31459,2.63441,0
5978.86,1.33468,2.63677,0,0,2.57799,-0.223489,1.33468,2.63677,5043.23,1.39912,2.66165,0
5986.29,1.39698,2.63873,0,0,8.38737,0.264625,1.39698,2.63873,5035.93,1.50791,2.65851,0
5996.73,1.46152,2.64121,0,0,6.17777,0.237377,1.46152,2.64121,5030.66,1.47451,2.59247,0
6008.09,1.5614,2.64888,0,0,8.79917,0.675373,1.5614,2.64888,5025.45,1.64554,2.67829,0
6015.74,1.64685,2.65906,0,0,11.1679,1.32995,1.64685,2.65906,5018.56,1.67459,2.67389,0
6026.23,1.65042,2.65949,0,0,0.340483,0.0413099,1.65042,2.65949,5009.28,1.68071,2.65051,0
6034.35,1.64925,2.65839,0,0,-0.144569,-0.135714,1.64925,2.65839,4998.67,1.74268,2.73343,0
6048.83,1.60033,2.63312,0,0,-3.37915,-1.74557,1.60033,2.63312,4988.94,1.4903,2.57189,0
6058.62,1.05462,2.63048,0,0,-55.7298,-0.269256,1.05462,2.63048,4981.34,-0.408136,2.68395,0
6069.12,0.14983,2.6796,0,0,-86.1951,4.67973,0.14983,2.6796,4975.19,-0.489969,2.86233,0
6078.01,-0.277888,2.71626,0,0,-48.1123,4.12332,-0.277888,2.71626,4969.63,-0.296409,2.70908,0
6086.51,-0.296008,2.71164,0,0,-2.13097,-0.542863,-0.296008,2.71164,4964.63,-0.127993,2.68791,0
6096.89,-0.293232,2.71047,0,0,0.267504,-0.11309,-0.293232,2.71047,4960.21,-0.294538,2.72106,0
6106.5,-0.225694,2.68874,0,0,7.02204,-2.25962,-0.225694,2.68874,4956.4,-0.183959,2.65279,0
6117.23,-0.144398,2.66034,0,0,7.58217,-2.6482,-0.144398,2.66034,4953.12,-0.130854,2.63394,0
6127.97,-0.108318,2.64346,0,0,3.35755,-1.57099,-0.108318,2.64346,4949.18,-0.0603166,2.64188,0
6137.19,0.0111231,2.62405,0,0,12.9602,-2.10601,0.0111231,2.62405,4943.73,0.110369,2.57766,0
6148.52,0.156729,2.60458,0,0,12.848,-1.71851,0.156729,2.60458,4937.68,0.210232,2.62272,0
6158.76,0.207715,2.60247,0,0,4.98199,-0.205942,0.207715,2.60247,4931.73,0.211997,2.58725,0
6169.42,0.227254,2.60109,0,0,1.83263,-0.128943,0.227254,2.60109,4925.15,0.267715,2.58569,0
6180.2,0.269589,2.61142,0,0,3.92572,0.957614,0.269589,2.61142,4917.85,0.302678,2.66562,0
6187.36,0.32674,2.64221,0,0,7.98306,4.30054,0.32674,2.64221,4911.26,0.358145,2.66156,0
6200.42,0.372386,2.66559,0,0,3.49484,1.79023,0.372386,2.66559,4906.32,0.415597,2.68389,0
6208.45,0.418643,2.66424,0,0,5.75982,-0.167897,0.418643,2.66424,4901.98,0.487115,2.70769,0
6220.64,0.520063,2.65927,0,0,8.32261,-0.408039,0.520063,2.65927,4896.2,0.596255,2.66424,0
6227.17,0.606357,2.65698,0,0,13.2109,-0.3512,0.606357,2.65698,4887.69,0.6421,2.63463,0
6239.54,0.661525,2.6575,0,0,4.4599,0.0423361,0.661525,2.6575,4877.64,0.759507,2.6736,0
6248.74,0.728036,2.6523,0,0,7.22941,-0.565069,0.728036,2.6523,4868.56,0.750887,2.58317,0
6265.27,0.765048,2.69211,0,0,2.23908,2.4085,0.765048,2.69211,4861.65,0.715985,2.73818,0
6274.73,0.7989,2.77958,0,0,3.58038,9.25041,0.7989,2.77958,4857.01,0.86,2.86811,0
6281.87,0.88417,2.81346,0,0,11.9391,4.74416,0.88417,2.81346,4854.49,0.951385,2.8278,0
6287.28,0.973493,2.80543,0,0,16.5017,-1.4825,0.973493,2.80543,4853.41,1.05331,2.80639,0
6300.75,1.04149,2.79733,0,0,5.04666,-0.601208,1.04149,2.79733,4852.95,1.10798,2.76174,0
6309.2,1.11704,2.77318,0,0,8.94633,-2.86052,1.11704,2.77318,4852.7,1.188,2.70987,0
6318.26,1.2122,2.75074,0,0,10.4992,-2.47543,1.2122,2.75074,4852.52,1.27232,2.72785,0
6328.37,1.29426,2.74129,0,0,8.12128,-0.935297,1.29426,2.74129,4852.07,1.38478,2.73669,0
6340.07,1.34455,2.73639,0,0,4.29685,-0.418619,1.34455,2.73639,4850.64,1.35668,2.7167,0
6348.72,1.40135,2.74453,0,0,6.56844,0.941093,1.40135,2.74453,4847.77,1.43656,2.79411,0
6362.64,1.45765,2.76258,0,0,4.04444,1.29667,1.45765,2.76258,4844.21,1.52929,2.75778,0
6371.2,1.53449,2.77032,0,0,8.97632,0.904003,1.53449,2.77032,4840.85,1.64605,2.79917,0
6381.33,1.61301,2.77491,0,0,7.75057,0.45306,1.61301,2.77491,4837.33,1.63597,2.72595,0
6386.24,1.64676,2.77203,0,0,6.8677,-0.584836,1.64676,2.77203,4833.05,1.71693,2.76384,0
6400.83,1.65959,2.77632,0,0,0.879726,0.294167,1.65959,2.77632,4828.59,1.67078,2.82492,0
6409.95,1.68688,2.76743,0,0,2.99249,-0.975765,1.68688,2.76743,4824.15,1.70251,2.74241,0
6418.32,1.77101,2.76487,0,0,10.0521,-0.304997,1.77101,2.76487,4819.04,1.83662,2.77322,0
6432.94,1.86629,2.76523,0,0,6.51319,0.0241934,1.86629,2.76523,4813.69,1.89522,2.71925,0
6438.3,1.91294,2.76162,0,0,8.70776,-0.67223,1.91294,2.76162,4809.56,1.95089,2.77486,0
6451.54,1.9631,2.7804,0,0,3.7898,1.41888,1.9631,2.7804,4807.34,2.04028,2.77956,0
6462.34,2.0445,2.78809,0,0,7.53394,0.711474,2.0445,2.78809,4806.55,2.13799,2.80731,0
6471.85,2.16372,2.77897,0,0,12.5339,-0.959125,2.16372,2.77897,4806.37,2.23942,2.76166,0
6480.11,2.26439,2.7681,0,0,12.1867,-1.31605,2.26439,2.7681,4806.44,2.2947,2.78593,0
6491.98,2.32121,2.76163,0,0,4.78984,-0.545038,2.32121,2.76163,4807.12,2.40401,2.75,0
6501.08,2.40025,2.74703,0,0,8.68312,-1.60389,2.40025,2.74703,4809.4,2.50054,2.72234,0
6511.3,2.47747,2.73063,0,0,7.55919,-1.60539,2.47747,2.73063,4813.47,2.51052,2.73482,0
6520.52,2.47695,2.69965,0,0,-0.0567707,-3.35704,2.47695,2.69965,4817.83,2.59317,2.66037,0
6532.72,2.44733,2.67305,0,0,-2.42875,-2.18144,2.44733,2.67305,4821.44,2.56053,2.66552,0
6539.42,1.80962,2.6295,0,0,-95.1813,-6.50116,1.80962,2.6295,4824.93,1.10639,2.52782,0
6553.25,1.08511,2.5846,0,0,-52.3866,-3.24619,1.08511,2.5846,4829.12,0.77589,2.62599,0
6562.63,0.9983,2.58656,0,0,-9.25387,0.208765,0.9983,2.58656,4833.98,0.875953,2.52136,0
6570.43,0.993176,2.56803,0,0,-0.656322,-2.37371,0.993176,2.56803,4839.77,1.06168,2.54606,0
6580.76,0.994059,2.56653,0,0,0.0854601,-0.144837,0.994059,2.56653,4848.37,0.993347,2.59933,0
6592.32,1.01833,2.55106,0,0,2.1,-1.33865,1.01833,2.55106,4860.83,1.02974,2.50576,0
6598.83,1.05586,2.54642,0,0,5.76958,-0.712644,1.05586,2.54642,4874.47,1.08943,2.55197,0
6612.26,1.10555,2.54082,0,0,3.69809,-0.416991,1.10555,2.54082,4887.26,1.14594,2.518,0
6619.68,1.16097,2.52984,0,0,7.47464,-1.48024,1.16097,2.52984,4901.51,1.25673,2.50652,0
6632.25,1.19143,2.52325,0,0,2.42365,-0.524758,1.19143,2.52325,4919.24,1.20674,2.53657,0
6640.77,1.24533,2.51187,0,0,6.32431,-1.33537,1.24533,2.51187,4939.4,1.28205,2.47878,0
6653.26,1.30953,2.51032,0,0,5.13794,-0.123827,1.30953,2.51032,4959.98,1.38148,2.5317,0
6662.12,1.37391,2.50367,0,0,7.26641,-0.750601,1.37391,2.50367,4978.75,1.42374,2.47825,0
6673.25,1.42169,2.499,0,0,4.29306,-0.419532,1.42169,2.499,4995.89,1.42246,2.53848,0
6683.51,1.46904,2.50628,0,0,4.61558,0.709771,1.46904,2.50628,5015.58,1.5859,2.4958,0
6691.32,1.54991,2.51785,0,0,10.355,1.48127,1.54991,2.51785,5038.13,1.58462,2.44351,0
6702.31,1.617,2.51813,0,0,6.1035,0.0250419,1.617,2.51813,5056.71,1.64488,2.51666,0
6712.5,1.64917,2.5135,0,0,3.15837,-0.454519,1.64917,2.5135,5067.66,1.69333,2.54254,0
6722.76,1.66947,2.52925,0,0,1.97832,1.53481,1.66947,2.52925,5075.97,1.67248,2.56331,0
6732.55,1.71094,2.53608,0,0,4.23599,0.696881,1.71094,2.53608,5086.86,1.78234,2.49462,0
6745.09,1.76292,2.5303,0,0,4.14431,-0.460655,1.76292,2.5303,5099,1.78977,2.54523,0
6752.73,1.802,2.51187,0,0,5.11745,-2.41274,1.802,2.51187,5108.42,1.87623,2.56107,0
6767.46,1.83542,2.49362,0,0,2.2682,-1.23878,1.83542,2.49362,5113.81,1.85166,2.49582,0
6774.07,1.89568,2.48128,0,0,9.1195,-1.86698,1.89568,2.48128,5116.31,1.93512,2.43299,0
6782.85,1.95624,2.46227,0,0,6.89653,-2.16533,1.95624,2.46227,5117.53,2.00047,2.44194,0
6790.62,1.98856,2.45322,0,0,4.16092,-1.16503,1.98856,2.45322,5118.64,1.97534,2.45624,0
6805.2,2.02358,2.44679,0,0,2.4024,-0.441329,2.02358,2.44679,5119.77,2.07993,2.39521,0
6812.67,2.0841,2.43996,0,0,8.09744,-0.914068,2.0841,2.43996,5120.18,2.17162,2.51333,0
6824.72,2.1583,2.4319,0,0,6.1614,-0.668647,2.1583,2.4319,5119.18,2.19507,2.42565,0
6831.13,2.20745,2.42657,0,0,7.66723,-0.831304,2.20745,2.42657,5116.88,2.24646,2.4231,0
6844.06,2.24064,2.42298,0,0,2.5659,-0.278199,2.24064,2.42298,5114.11,2.31325,2.31988,0
6852.42,2.28047,2.41905,0,0,4.76603,-0.469671,2.28047,2.41905,5111.22,2.27627,2.44245,0
6867.31,2.3426,2.42172,0,0,4.17254,0.17932,2.3426,2.42172,5106.83,2.37287,2.34461,0
6874.97,2.43154,2.42284,0,0,11.615,0.146454,2.43154,2.42284,5098.61,2.49236,2.45879,0
6884.83,2.43537,2.42314,0,0,0.388053,0.0299506,2.43537,2.42314,5086.03,2.54319,2.40426,0
6894.2,2.42716,2.43062,0,0,-0.876085,0.797839,2.42716,2.43062,5071.16,2.60624,2.4411,0
6902.42,2.20442,2.47346,0,0,-27.0967,5.21204,2.20442,2.47346,5056.12,1.92955,2.43983,0
6912.51,1.7437,2.53449,0,0,-45.6615,6.04846,1.7437,2.53449,5041.9,0.89026,2.66704,0
6922.32,1.41525,2.57049,0,0,-33.4987,3.67159,1.41525,2.57049,5028.62,1.12948,2.60219,0
6934.67,1.2801,2.58234,0,0,-10.9386,0.959649,1.2801,2.58234,5015.73,1.27439,2.6571,0
6942.39,1.2748,2.5832,0,0,-0.686902,0.110271,1.2748,2.5832,5003.06,1.26918,2.51713,0
6955.89,1.27749,2.59303,0,0,0.199517,0.728404,1.27749,2.59303,4991.49,1.2607,2.58704,0
6966.93,1.31336,2.61277,0,0,3.24944,1.78845,1.31336,2.61277,4981.26,1.39247,2.5608,0
6977.15,1.3812,2.59995,0,0,6.63474,-1.25415,1.3812,2.59995,4970.85,1.43409,2.66406,0
6984.82,1.4275,2.61303,0,0,6.03893,1.70578,1.4275,2.61303,4959.47,1.43776,2.645,0
6996.93,1.44791,2.61935,0,0,1.68459,0.521899,1.44791,2.61935,4949.27,1.48121,2.59726,0
7003.05,1.52941,2.61971,0,0,13.3334,0.0594904,1.52941,2.61971,4942.75,1.59301,2.58439,0
7017.23,1.62949,2.60883,0,0,7.05435,-0.767409,1.62949,2.60883,4939.72,1.66323,2.59275,0
7025.18,1.6975,2.59208,0,0,8.55607,-2.10679,1.6975,2.59208,4938.01,1.73749,2.62339,0
7036.18,1.74813,2.57669,0,0,4.60351,-1.3994,1.74813,2.57669,4935.33,1.77371,2.6505,0
7043.11,1.81341,2.58567,0,0,9.41298,1.29441,1.81341,2.58567,4929.92,1.85682,2.54008,0
7058.73,1.86341,2.5876,0,0,3.20318,0.1237,1.86341,2.5876,4921.33,1.87747,2.54245,0
7068.66,1.87413,2.59519,0,0,1.07876,0.764195,1.87413,2.59519,4911.69,1.87406,2.60764,0
7077.66,1.90397,2.59317,0,0,3.3159,-0.225171,1.90397,2.59317,4903.86,1.92848,2.64604,0
7085.39,2.0287,2.59941,0,0,16.1402,0.808467,2.0287,2.59941,4898.4,2.12732,2.53182,0
7096.84,2.13884,2.60084,0,0,9.61636,0.12462,2.13884,2.60084,4894.19,2.15158,2.61305,0
7107,2.1527,2.6062,0,0,1.36445,0.527405,2.1527,2.6062,4890.33,2.1534,2.604,0
7114.44,2.18864,2.60663,0,0,4.83164,0.057355,2.18864,2.60663,4885.93,2.2952,2.54975,0
7124.73,2.19018,2.60646,0,0,0.149729,-0.0163071,2.19018,2.60646,4880.27,2.3906,2.63956,0
7135.58,2.17839,2.60348,0,0,-1.08687,-0.274632,2.17839,2.60348,4874.06,2.40955,2.61928,0
7142.98,1.88515,2.63049,0,0,-39.6425,3.65123,1.88515,2.63049,4868.74,0.790167,2.73953,0
7158.68,1.02687,2.71566,0,0,-54.6603,5.42463,1.02687,2.71566,4864.93,0.21624,2.7286,0
7167.55,0.494015,2.77072,0,0,-60.0607,6.20522,0.494015,2.77072,4862.34,0.305861,2.79908,0
7179.32,0.468621,2.77344,0,0,-2.15782,0.231056,0.468621,2.77344,4860.45,0.55053,2.75407,0
7187.54,0.470429,2.77528,0,0,0.219712,0.224556,0.470429,2.77528,4859.13,0.507238,2.70817,0
7196.71,0.510122,2.78215,0,0,4.33241,0.749707,0.510122,2.78215,4858.34,0.513014,2.80016,0
7208.13,0.51732,2.78186,0,0,0.630346,-0.0259158,0.51732,2.78186,4857.66,0.522906,2.84975,0
7214.38,0.566955,2.77711,0,0,7.94162,-0.759714,0.566955,2.77711,4856.44,0.611335,2.78659,0
7227.85,0.692247,2.77879,0,0,9.2974,0.125224,0.692247,2.77879,4853.71,0.765925,2.70336,0
7234.23,0.787144,2.77511,0,0,14.8812,-0.577162,0.787144,2.77511,4847.71,0.821139,2.67099,0
7248.67,0.817859,2.77182,0,0,2.12619,-0.228265,0.817859,2.77182,4837.42,0.837977,2.82564,0
7258.81,0.842484,2.76484,0,0,2.42949,-0.687836,0.842484,2.76484,4825.31,0.872276,2.77556,0
7269.08,0.87416,2.77376,0,0,3.08547,0.868715,0.87416,2.77376,4815.6,0.911529,2.76825,0
7278.8,0.930699,2.7785,0,0,5.81206,0.486575,0.930699,2.7785,4810.13,0.96153,2.73792,0
7286.37,1.00046,2.77217,0,0,9.22029,-0.83596,1.00046,2.77217,4807.76,1.03844,2.79701,0
7296.69,1.07044,2.78411,0,0,6.77868,1.15656,1.07044,2.78411,4806.16,1.15886,2.74678,0
7308.27,1.18189,2.78955,0,0,9.62451,0.469788,1.18189,2.78955,4802.92,1.26459,2.78792,0
7314.38,1.26837,2.80707,0,0,14.1663,2.86947,1.26837,2.80707,4797.28,1.28737,2.90363,0
7326.87,1.30648,2.84136,0,0,3.05075,2.74494,1.30648,2.84136,4791.34,1.37906,2.8135,0
7334.38,1.37982,2.86035,0,0,9.76021,2.52761,1.37982,2.86035,4787.36,1.45937,2.84557,0
7348.76,1.48247,2.86807,0,0,7.14132,0.536805,1.48247,2.86807,4784.91,1.54948,2.91533,0
7356.83,1.55281,2.85805,0,0,8.71634,-1.24128,1.55281,2.85805,4782.45,1.5872,2.85703,0
7366.7,1.61638,2.86376,0,0,6.43898,0.578562,1.61638,2.86376,4779.05,1.66959,2.87642,0
7375.27,1.67281,2.86884,0,0,6.58739,0.59284,1.67281,2.86884,4773.22,1.68847,2.85176,0
7388.19,1.69831,2.87404,0,0,1.97345,0.402751,1.69831,2.87404,4763.48,1.7541,2.9424,0
7396.28,1.69927,2.87381,0,0,0.118424,-0.0283749,1.69927,2.87381,4751.21,1.79984,2.86656,0
7407.59,1.69055,2.86356,0,0,-0.77096,-0.906409,1.69055,2.86356,4739.8,1.88927,2.90539,0
7416.89,1.50665,2.86198,0,0,-19.7806,-0.169958,1.50665,2.86198,4731.55,0.830115,2.90469,0
7429.98,1.12064,2.84569,0,0,-29.471,-1.24435,1.12064,2.84569,4726.94,0.609191,2.79608,0
7438.23,0.935713,2.81172,0,0,-22.4151,-4.11713,0.935713,2.81172,4725.11,0.902702,2.7868,0
7448.96,0.924417,2.78307,0,0,-1.0536,-2.67173,0.924417,2.78307,4724.66,0.983826,2.73176,0
7462.39,0.926024,2.78168,0,0,0.119612,-0.103541,0.926024,2.78168,4724.76,0.892426,2.83779,0
7472.84,0.967722,2.77715,0,0,3.99174,-0.433452,0.967722,2.77715,4725.47,0.989765,2.767,0
7481.41,0.998638,2.7746,0,0,3.60622,-0.297427,0.998638,2.7746,4727.18,1.00891,2.78657,0
7486.27,1.02654,2.77946,0,0,5.74768,1.00072,1.02654,2.77946,4729.67,1.06451,2.75992,0
7500.27,1.05769,2.78443,0,0,2.22445,0.354996,1.05769,2.78443,4732.12,1.0246,2.79338,0
7508.07,1.11405,2.81065,0,0,7.22756,3.3619,1.11405,2.81065,4734.51,1.15672,2.84311,0
7520.33,1.21719,2.83251,0,0,8.41401,1.78327,1.21719,2.83251,4738.18,1.2863,2.86398,0
7526.69,1.28625,2.83478,0,0,10.8442,0.357031,1.28625,2.83478,4744.22,1.29893,2.8157,0
7538.45,1.3388,2.83843,0,0,4.47194,0.310312,1.3388,2.83843,4751.75,1.44702,2.79421,0
7548.54,1.47385,2.82892,0,0,13.3815,-0.941641,1.47385,2.82892,4759.12,1.64641,2.83977,0
7561.69,1.59618,2.81611,0,0,9.30099,-0.974102,1.59618,2.81611,4765.98,1.57864,2.87597,0
7570.4,1.63846,2.82023,0,0,4.85632,0.472549,1.63846,2.82023,4773,1.62466,2.78294,0
7581.09,1.71729,2.82957,0,0,7.37117,0.874186,1.71729,2.82957,4780.22,1.80435,2.76649,0
7587.43,1.79968,2.84085,0,0,13.0043,1.77879,1.79968,2.84085,4786.86,1.77153,2.87566,0
7601.21,1.81993,2.84142,0,0,1.4689,0.041457,1.81993,2.84142,4792.65,1.83443,2.83526,0
7606.4,1.84737,2.84033,0,0,5.28472,-0.209223,1.84737,2.84033,4798.57,1.89879,2.81304,0
7620,1.89262,2.84204,0,0,3.32672,0.125968,1.89262,2.84204,4804.97,1.93048,2.88977,0
7626.87,1.96857,2.83123,0,0,11.0673,-1.57527,1.96857,2.83123,4810.83,2.02359,2.81032,0
7639.86,2.03155,2.82779,0,0,4.84851,-0.264957,2.03155,2.82779,4816.1,2.0416,2.83761,0
7648.62,2.06267,2.83966,0,0,3.55193,1.35466,2.06267,2.83966,4822.61,2.11215,2.79727,0
7662.94,2.13331,2.83387,0,0,4.93069,-0.403603,2.13331,2.83387,4831.4,2.25859,2.87455,0
7667.35,2.23512,2.8526,0,0,23.0963,4.24706,2.23512,2.8526,4840.68,2.31354,2.85709,0
7681.06,2.31579,2.85657,0,0,5.88685,0.290308,2.31579,2.85657,4847.51,2.34669,2.85363,0
7692.55,2.38993,2.84938,0,0,6.45075,-0.6259,2.38993,2.84938,4851.14,2.43276,2.84472,0
7699.05,2.46813,2.84349,0,0,12.0198,-0.905736,2.46813,2.84349,4853.23,2.5812,2.90866,0
7712.35,2.5541,2.83931,0,0,6.46727,-0.314157,2.5541,2.83931,4855.57,2.60635,2.83587,0
7718.61,2.6284,2.84261,0,0,11.8596,0.526019,2.6284,2.84261,4858.99,2.70162,2.88491,0
7732.97,2.67758,2.8547,0,0,3.42504,0.842474,2.67758,2.8547,4863.03,2.71318,2.90537,0
7739.67,2.71494,2.85248,0,0,5.5796,-0.332489,2.71494,2.85248,4866.92,2.75303,2.83751,0
7751.57,2.71645,2.85197,0,0,0.12667,-0.0423204,2.71645,2.85197,4870.98,2.76884,2.84069,0
7763.18,2.70443,2.83909,0,0,-1.03587,-1.11058,2.70443,2.83909,4876.06,2.89716,2.85518,0
7773.32,2.42528,2.74165,0,0,-27.5291,-9.60882,2.42528,2.74165,4882.21,1.56713,2.69996,0
7781.34,1.73328,2.69705,0,0,-86.3383,-5.56484,1.73328,2.69705,4889.25,0.725107,2.79623,0
7794.07,1.18927,2.75118,0,0,-42.7144,4.24979,1.18927,2.75118,4898.71,1.01662,2.74525,0
7803.33,1.10327,2.75753,0,0,-9.28448,0.686023,1.10327,2.75753,4911.4,1.00508,2.77936,0
7810.73,1.0542,2.77,0,0,-6.63648,1.68623,1.0542,2.77,4923.47,1.07291,2.8046,0
7818.31,1.0529,2.77046,0,0,-0.171318,0.0607653,1.0529,2.77046,4930.74,1.16156,2.74773,0
7831.98,1.07056,2.76853,0,0,1.29144,-0.140892,1.07056,2.76853,4934.22,1.05552,2.73763,0
7838.26,1.09149,2.76596,0,0,3.33168,-0.409688,1.09149,2.76596,4937.82,1.10419,2.78292,0
7850.23,1.11629,2.75652,0,0,2.07221,-0.788812,1.11629,2.75652,4944.12,1.05621,2.75905,0
7861.25,1.11886,2.75303,0,0,0.23307,-0.316651,1.11886,2.75303,4952.99,1.17828,2.82889,0
7872.37,1.1646,2.74742,0,0,4.11203,-0.504069,1.1646,2.74742,4962.11,1.19516,2.74442,0
7880.52,1.21993,2.74135,0,0,6.79236,-0.745543,1.21993,2.74135,4968.99,1.28198,2.67991,0
7891.51,1.30409,2.7327,0,0,7.6568,-0.786927,1.30409,2.7327,4973.27,1.36464,2.72718,0
7900.51,1.40184,2.72277,0,0,10.8617,-1.10323,1.40184,2.72277,4976.5,1.46011,2.70649,0
7913.38,1.45452,2.73353,0,0,4.09384,0.836056,1.45452,2.73353,4979.85,1.43154,2.76757,0
7920.34,1.50388,2.7386,0,0,7.08794,0.728434,1.50388,2.7386,4983.53,1.54213,2.74133,0
7932.59,1.56893,2.74181,0,0,5.3121,0.26175,1.56893,2.74181,4987.96,1.59899,2.75566,0
7944.61,1.61864,2.74336,0,0,4.13313,0.128958,1.61864,2.74336,4993.47,1.67497,2.71301,0
7950.24,1.68655,2.73721,0,0,12.0694,-1.09308,1.68655,2.73721,4998.81,1.73796,2.75694,0
7967.37,1.75825,2.72961,0,0,4.18646,-0.443509,1.75825,2.72961,5002.31,1.83335,2.72583,0
7975.23,1.80851,2.7284,0,0,6.3893,-0.154644,1.80851,2.7284,5004.05,1.73389,2.75757,0
7983.18,1.85015,2.72395,0,0,5.24314,-0.55931,1.85015,2.72395,5005.05,1.9187,2.68218,0
7990.42,1.88914,2.71779,0,0,5.3819,-0.850991,1.88914,2.71779,5005.76,1.89819,2.69805,0
8005.09,1.92581,2.71374,0,0,2.49979,-0.275817,1.92581,2.71374,5006.24,1.95455,2.73947,0
8011.57,1.99692,2.70632,0,0,10.9584,-1.14414,1.99692,2.70632,5006.54,2.05532,2.69523,0
8024.94,2.08009,2.70519,0,0,6.2253,-0.0846909,2.08009,2.70519,5006.68,2.10463,2.69445,0
8030.48,2.13618,2.70686,0,0,10.1162,0.30204,2.13618,2.70686,5006.72,2.16805,2.72339,0
8043.25,2.19318,2.71143,0,0,4.46434,0.357821,2.19318,2.71143,5006.73,2.30468,2.71835,0
8053.59,2.24891,2.71923,0,0,5.3866,0.754037,2.24891,2.71923,5006.72,2.27128,2.6934,0
8067.78,2.32793,2.71837,0,0,5.56884,-0.0610313,2.32793,2.71837,5006.63,2.38345,2.7318,0
8075.31,2.40162,2.71608,0,0,9.79125,-0.304023,2.40162,2.71608,5006.26,2.4672,2.71118,0
8085.19,2.44261,2.72531,0,0,4.14887,0.934165,2.44261,2.72531,5005.23,2.47756,2.74671,0
8090.53,2.46323,2.7238,0,0,3.85971,-0.281736,2.46323,2.7238,5003.17,2.46633,2.7682,0
8103.62,2.49366,2.72409,0,0,2.32476,0.0215698,2.49366,2.72409,4999.76,2.52687,2.76368,0
8110.69,2.52917,2.72113,0,0,5.02068,-0.417652,2.52917,2.72113,4994.94,2.53607,2.69995,0
8122.52,2.5417,2.71425,0,0,1.0603,-0.582203,2.5417,2.71425,4989.51,2.55478,2.70936,0
8130.2,2.54191,2.71168,0,0,0.026681,-0.333791,2.54191,2.71168,4985.2,2.72201,2.70729,0
8142.29,2.5357,2.70552,0,0,-0.513119,-0.509498,2.5357,2.70552,4982.87,2.71162,2.69662,0
8151.37,2.37439,2.7079,0,0,-17.7753,0.261899,2.37439,2.7079,4981.61,1.81841,2.71578,0
8167.12,1.47314,2.7029,0,0,-57.2187,-0.317646,1.47314,2.7029,4980.43,0.594077,2.71049,0
8176.56,0.692516,2.66091,0,0,-82.6583,-4.44547,0.692516,2.66091,4979.49,0.616113,2.60674,0
8183.45,0.65519,2.62829,0,0,-5.42298,-4.7391,0.65519,2.62829,4979.35,0.661752,2.55137,0
8196.27,0.655708,2.62686,0,0,0.0403971,-0.111829,0.655708,2.62686,4979.83,0.667018,2.64727,0
8205.56,0.672501,2.62537,0,0,1.8082,-0.16071,0.672501,2.62537,4980.27,0.766566,2.62165,0
8214.44,0.684943,2.63156,0,0,1.40088,0.697651,0.684943,2.63156,4980.41,0.681446,2.63482,0
8225.01,0.726001,2.62744,0,0,3.8825,-0.390442,0.726001,2.62744,4980.47,0.691128,2.67711,0
8234.36,0.775271,2.62187,0,0,5.27127,-0.595587,0.775271,2.62187,4981.06,0.784286,2.6174,0
8245.13,0.814343,2.61274,0,0,3.62919,-0.847495,0.814343,2.61274,4983.28,0.930989,2.52862,0
8257.14,0.880756,2.60532,0,0,5.52608,-0.618034,0.880756,2.60532,4988.48,0.898565,2.59232,0
8268.58,0.933909,2.59967,0,0,4.64667,-0.493788,0.933909,2.59967,4996.93,0.940905,2.48302,0
8278.45,0.965656,2.59892,0,0,3.21882,-0.0757701,0.965656,2.59892,5006.27,0.982691,2.60513,0
8285.44,0.998236,2.59235,0,0,4.65962,-0.939514,0.998236,2.59235,5014.16,1.0269,2.66588,0
8296.83,1.02111,2.58417,0,0,2.00743,-0.718506,1.02111,2.58417,5020.92,1.04243,2.6268,0
8306.14,1.05686,2.57901,0,0,3.83995,-0.553879,1.05686,2.57901,5027.76,1.13332,2.5547,0
8314.38,1.11606,2.5491,0,0,7.18745,-3.63146,1.11606,2.5491,5036.19,1.16243,2.5055,0
8322.32,1.17541,2.54081,0,0,7.47271,-1.04376,1.17541,2.54081,5047.45,1.19997,2.54497,0
8334.68,1.25702,2.53192,0,0,6.60115,-0.719054,1.25702,2.53192,5060.5,1.31306,2.50381,0
8345.81,1.3259,2.5267,0,0,6.19059,-0.46878,1.3259,2.5267,5073.14,1.41375,2.52249,0
8356.27,1.37206,2.57467,0,0,4.41423,4.58674,1.37206,2.57467,5083.27,1.37758,2.65049,0
8368.1,1.47278,2.60385,0,0,8.51305,2.466,1.47278,2.60385,5089.9,1.54312,2.58448,0
8377.91,1.58675,2.59312,0,0,11.6203,-1.09395,1.58675,2.59312,5095.45,1.63771,2.6149,0
8384.84,1.63692,2.58711,0,0,7.23328,-0.865883,1.63692,2.58711,5105.29,1.65097,2.57916,0
8396.9,1.65016,2.57278,0,0,1.09823,-1.18851,1.65016,2.57278,5122.71,1.65498,2.55205,0
8405.69,1.72169,2.55653,0,0,8.13547,-1.84862,1.72169,2.55653,5143.77,1.79697,2.59597,0
8414.34,1.79249,2.54638,0,0,8.18808,-1.17404,1.79249,2.54638,5161.02,1.80527,2.53483,0
8422.26,1.81881,2.53922,0,0,3.31975,-0.903574,1.81881,2.53922,5172.53,1.92382,2.54204,0
8435.18,1.85793,2.53918,0,0,3.02926,-0.00245339,1.85793,2.53918,5182.32,1.8692,2.52184,0
8446.37,1.88341,2.53688,0,0,2.27614,-0.205624,1.88341,2.53688,5193.2,1.8786,2.48631,0
8455.46,1.94812,2.53652,0,0,7.11947,-0.0392621,1.94812,2.53652,5204.05,2.0071,2.53689,0
8468.48,2.05907,2.53583,0,0,8.52366,-0.0532008,2.05907,2.53583,5213.61,2.11277,2.55452,0
8477.89,2.17923,2.53413,0,0,12.7674,-0.181095,2.17923,2.53413,5221.67,2.24986,2.52879,0
8486.45,2.27044,2.52481,0,0,10.6589,-1.08887,2.27044,2.52481,5227.38,2.2907,2.48548,0
8497.65,2.31461,2.52245,0,0,3.94203,-0.21105,2.31461,2.52245,5230.29,2.3736,2.55912,0
8506.29,2.37555,2.50899,0,0,7.05212,-1.5576,2.37555,2.50899,5231.26,2.4648,2.49265,0
8514.65,2.47653,2.4916,0,0,12.0877,-2.08109,2.47653,2.4916,5231.38,2.60649,2.45793,0
8527.93,2.58189,2.47984,0,0,7.93425,-0.88561,2.58189,2.47984,5231.14,2.63369,2.49344,0
8535.76,2.6367,2.47427,0,0,6.99466,-0.711085,2.6367,2.47427,5230.43,2.64995,2.44771,0
8547.45,2.68985,2.47729,0,0,4.54763,0.258489,2.68985,2.47729,5228.54,2.73373,2.47866,0
8555.67,2.77693,2.46821,0,0,10.5904,-1.10427,2.77693,2.46821,5224.88,2.82756,2.45695,0
8568.52,2.78066,2.46781,0,0,0.290436,-0.0315707,2.78066,2.46781,5220.45,2.90364,2.54191,0
8578.18,2.76788,2.46908,0,0,-1.32287,0.131583,2.76788,2.46908,5216.81,3.00299,2.53497,0
8586.39,2.45119,2.50071,0,0,-38.569,3.85237,2.45119,2.50071,5214.39,2.08083,2.41275,0
8597.34,1.85158,2.56336,0,0,-54.7539,5.72146,1.85158,2.56336,5213.11,1.08817,2.58119,0
8606.47,1.60143,2.59045,0,0,-27.3958,2.96681,1.60143,2.59045,5212.64,1.46185,2.66991,0
8617.24,1.59154,2.59154,0,0,-0.918569,0.101037,1.59154,2.59154,5212.41,1.57404,2.59339,0
8629.05,1.59314,2.59166,0,0,0.135107,0.0101213,1.59314,2.59166,5212.17,1.60912,2.59028,0
8637.63,1.62964,2.58792,0,0,4.25763,-0.436103,1.62964,2.58792,5212.02,1.65408,2.54538,0
8648.86,1.65535,2.58636,0,0,2.28913,-0.139124,1.65535,2.58636,5211.97,1.64392,2.59219,0
8659.12,1.67881,2.58391,0,0,2.28671,-0.238829,1.67881,2.58391,5211.92,1.73624,2.61749,0
8670.2,1.73666,2.57869,0,0,5.22271,-0.471017,1.73666,2.57869,5211.68,1.81347,2.567,0
8679.68,1.85621,2.56648,0,0,12.6086,-1.28825,1.85621,2.56648,5210.83,1.93539,2.51768,0
8686.71,1.96733,2.5664,0,0,15.7928,-0.0108311,1.96733,2.5664,5209.12,1.99781,2.57519,0
8700.77,2.03661,2.57857,0,0,4.93051,0.865974,2.03661,2.57857,5206.97,2.14887,2.57418,0
8708.81,2.11413,2.58759,0,0,9.63764,1.12117,2.11413,2.58759,5205.04,2.17392,2.60637,0
8720.92,2.16101,2.5997,0,0,3.87088,0.999799,2.16101,2.5997,5203.66,2.15998,2.57652,0
8727.25,2.22368,2.60469,0,0,9.8989,0.788231,2.22368,2.60469,5202.74,2.28469,2.62758,0
8738.34,2.30756,2.60746,0,0,7.56138,0.249763,2.30756,2.60746,5201.84,2.40277,2.59631,0
8749.09,2.3674,2.61008,0,0,5.57083,0.243674,2.3674,2.61008,5200.53,2.39199,2.63604,0
8761.54,2.45416,2.60397,0,0,6.96562,-0.490465,2.45416,2.60397,5198.46,2.51125,2.59563,0
8771.1,2.5426,2.60386,0,0,9.25111,-0.0110249,2.5426,2.60386,5195.4,2.58103,2.64139,0
8781.19,2.59172,2.60117,0,0,4.87141,-0.267455,2.59172,2.60117,5191.49,2.63574,2.59532,0
8787.19,2.65039,2.60626,0,0,9.77399,0.848123,2.65039,2.60626,5186.44,2.70121,2.62616,0
8798.3,2.65285,2.60623,0,0,0.221595,-0.00249082,2.65285,2.60623,5178.35,2.74375,2.57772,0
8808.3,2.65006,2.59925,0,0,-0.279331,-0.698328,2.65006,2.59925,5166.49,2.79776,2.61456,0
8819.31,2.5675,2.57422,0,0,-7.49511,-2.27209,2.5675,2.57422,5154.38,2.26565,2.54463,0
8828.83,1.72631,2.59833,0,0,-88.3508,2.5325,1.72631,2.59833,5145.47,0.601571,2.63136,0
8838.29,0.982892,2.62915,0,0,-78.6102,3.25864,0.982892,2.62915,5138.21,0.927776,2.63587,0
8848.54,0.951193,2.62748,0,0,-3.09165,-0.16286,0.951193,2.62748,5128.68,0.920722,2.61275,0
8862.74,0.952734,2.62692,0,0,0.10852,-0.039612,0.952734,2.62692,5115.25,0.975491,2.62534,0
8873.24,0.990484,2.62337,0,0,3.5942,-0.337221,0.990484,2.62337,5098.8,1.04242,2.61682,0
8880.94,1.02381,2.61978,0,0,4.32706,-0.466983,1.02381,2.61978,5079.79,1.03654,2.61657,0
8887.97,1.07749,2.61452,0,0,7.63998,-0.748846,1.07749,2.61452,5056.77,1.11909,2.63805,0
8900.52,1.13379,2.6226,0,0,4.48437,0.644207,1.13379,2.6226,5030.45,1.19392,2.68381,0
8909.05,1.18646,2.64529,0,0,6.18009,2.66121,1.18646,2.64529,5005.32,1.26342,2.59156,0
8920.71,1.24061,2.6602,0,0,4.64028,1.27784,1.24061,2.6602,4984.06,1.2459,2.62996,0
8927.7,1.28663,2.66728,0,0,6.58851,1.01465,1.28663,2.66728,4966.6,1.35162,2.71884,0
8939.26,1.34816,2.6661,0,0,5.3209,-0.102057,1.34816,2.6661,4952.86,1.38483,2.65077,0
8950.15,1.41644,2.67914,0,0,6.27266,1.19784,1.41644,2.67914,4941.52,1.44687,2.71325,0
8961.09,1.50552,2.68344,0,0,8.14509,0.392762,1.50552,2.68344,4930.16,1.56419,2.65255,0
8973.21,1.59029,2.67488,0,0,6.99368,-0.706298,1.59029,2.67488,4916.59,1.66181,2.65115,0
8981.4,1.64402,2.67146,0,0,6.56017,-0.417849,1.64402,2.67146,4900.17,1.74886,2.71558,0
8990.66,1.69212,2.67109,0,0,5.19288,-0.0391034,1.69212,2.67109,4884.19,1.68153,2.67561,0
8999.22,1.73688,2.67724,0,0,5.23058,0.717999,1.73688,2.67724,4872.49,1.77263,2.65629,0
9012.14,1.7972,2.67935,0,0,4.66745,0.163255,1.7972,2.67935,4864.26,1.89376,2.69411,0
9020.38,1.86498,2.6725,0,0,8.22821,-0.831251,1.86498,2.6725,4856.28,1.8992,2.68289,0
9032.82,1.92472,2.67034,0,0,4.80062,-0.173512,1.92472,2.67034,4846.64,2.01494,2.65717,0
9041.73,1.97748,2.67066,0,0,5.92391,0.03547,1.97748,2.67066,4834.66,2.01789,2.75411,0
9051.85,1.98073,2.6786,0,0,0.32077,0.784889,1.98073,2.6786,4821.42,2.06244,2.6987,0
9062.51,1.98018,2.67901,0,0,-0.0513829,0.0387862,1.98018,2.67901,4810.19,2.18692,2.65045,0
9073.33,1.95054,2.67843,0,0,-2.74048,-0.0541427,1.95054,2.67843,4803.17,1.92672,2.7029,0
9081.81,1.55746,2.62704,0,0,-46.354,-6.06057,1.55746,2.62704,4798.95,0.469935,2.47649,0
9091.46,0.977032,2.51773,0,0,-60.1108,-11.3203,0.977032,2.51773,4794.12,0.47589,2.47997,0
9098.37,0.723745,2.43008,0,0,-36.703,-12.7007,0.723745,2.43008,4785.6,0.702005,2.33576,0
9113.04,0.712938,2.42144,0,0,-0.736372,-0.588851,0.712938,2.42144,4772.46,0.700893,2.34919,0
9119.51,0.712146,2.41097,0,0,-0.122456,-1.61805,0.712146,2.41097,4757.7,0.670564,2.40168,0
9133.27,0.731099,2.40938,0,0,1.37707,-0.11548,0.731099,2.40938,4745.54,0.785888,2.4364,0
9138.35,0.795903,2.42426,0,0,12.7618,2.93071,0.795903,2.42426,4737.56,0.892087,2.37991,0
9152.52,0.889756,2.44094,0,0,6.62286,1.17689,0.889756,2.44094,4732.5,0.975923,2.44881,0
9162.99,0.959179,2.44986,0,0,6.63193,0.852399,0.959179,2.44986,4728.81,1.07538,2.43751,0
9173,1.00731,2.44957,0,0,4.80639,-0.0295922,1.00731,2.44957,4726.28,0.995873,2.5198,0
9183.14,1.08128,2.44622,0,0,7.29783,-0.329914,1.08128,2.44622,4724.63,1.12651,2.44969,0
9190.62,1.21697,2.44458,0,0,18.1359,-0.220079,1.21697,2.44458,4722.76,1.30647,2.40911,0
9205.05,1.31614,2.45153,0,0,6.87294,0.48174,1.31614,2.45153,4720.1,1.34134,2.49753,0
9212.18,1.37074,2.45504,0,0,7.66315,0.492647,1.37074,2.45504,4717.46,1.41682,2.45329,0
9223.5,1.42507,2.46514,0,0,4.79634,0.89146,1.42507,2.46514,4715.93,1.43784,2.46387,0
9231.34,1.44112,2.49007,0,0,2.04903,3.18404,1.44112,2.49007,4715.58,1.44438,2.55071,0
9243.58,1.47624,2.48741,0,0,2.86853,-0.217561,1.47624,2.48741,4716.36,1.67937,2.58354,0
9253.62,1.54316,2.48052,0,0,6.66604,-0.686395,1.54316,2.48052,4719.18,1.58588,2.55742,0
9265.89,1.64691,2.47688,0,0,8.45369,-0.296261,1.64691,2.47688,4724.39,1.76017,2.41522,0
9274.85,1.76938,2.44852,0,0,13.6699,-3.16565,1.76938,2.44852,4730.16,1.82548,2.41171,0
9283.64,1.84071,2.43217,0,0,8.1187,-1.86058,1.84071,2.43217,4734.4,1.85782,2.44796,0
9290.48,1.88013,2.41995,0,0,5.7561,-1.78511,1.88013,2.41995,4736.65,2.00307,2.3948,0
9305.02,1.88174,2.41944,0,0,0.110547,-0.0350065,1.88174,2.41944,4737.53,1.9733,2.48475,0
9311.52,1.87877,2.41938,0,0,-0.456443,-0.00988045,1.87877,2.41938,4737.76,2.11277,2.3872,0
9324.81,1.78361,2.41989,0,0,-7.15594,0.0385254,1.78361,2.41989,4737.79,1.70774,2.42179,0
9330.24,1.12358,2.46398,0,0,-121.643,8.1261,1.12358,2.46398,4737.76,0.0971902,2.51287,0
9345.14,0.53404,2.4404,0,0,-39.5688,-1.58271,0.53404,2.4404,4737.69,0.470971,2.33171,0
9353.97,0.498352,2.36557,0,0,-4.04021,-8.47156,0.498352,2.36557,4737.55,0.500461,2.32943,0
9366.36,0.498583,2.36225,0,0,0.0185846,-0.268402,0.498583,2.36225,4737.41,0.468922,2.42652,0
9375.15,0.516328,2.36109,0,0,2.01885,-0.13125,0.516328,2.36109,4737.34,0.544346,2.34305,0
9382.52,0.55398,2.37377,0,0,5.10736,1.71947,0.55398,2.37377,4737.4,0.565332,2.2848,0
9391.14,0.60586,2.3561,0,0,6.01862,-2.04975,0.60586,2.3561,4737.76,0.645816,2.42284,0
9405.24,0.658876,2.35584,0,0,3.76107,-0.0186716,0.658876,2.35584,4738.72,0.696778,2.45536,0
9411.44,0.706237,2.35067,0,0,7.64126,-0.832854,0.706237,2.35067,4740.55,0.720955,2.30225,0
9426.22,0.786865,2.33475,0,0,5.45299,-1.07699,0.786865,2.33475,4743.42,0.960612,2.31507,0
9433.36,0.906286,2.32155,0,0,16.728,-1.84845,0.906286,2.32155,4747.58,0.969272,2.30659,0
9445.16,1.00672,2.31151,0,0,8.50886,-0.851285,1.00672,2.31151,4753.23,1.13329,2.30148,0
9458.24,1.06277,2.32445,0,0,4.28775,0.990482,1.06277,2.32445,4759.77,1.13918,2.41325,0
9466.71,1.09565,2.34989,0,0,3.88088,3.00195,1.09565,2.34989,4765.64,1.08433,2.3665,0
9477.28,1.16305,2.36085,0,0,6.37718,1.03758,1.16305,2.36085,4769.5,1.31537,2.34872,0
9484.13,1.26082,2.35455,0,0,14.2579,-0.918882,1.26082,2.35455,4771.45,1.3008,2.37161,0
9496.86,1.35382,2.35085,0,0,7.30926,-0.291201,1.35382,2.35085,4772.79,1.40201,2.33883,0
9506.68,1.41639,2.37246,0,0,6.36989,2.19985,1.41639,2.37246,4774.43,1.48341,2.38855,0
9514.59,1.45335,2.40354,0,0,4.67421,3.93147,1.45335,2.40354,4776.18,1.45668,2.41789,0
9526.11,1.52787,2.39761,0,0,6.46597,-0.514029,1.52787,2.39761,4777.76,1.59209,2.45233,0
9536.81,1.62482,2.40187,0,0,9.06557,0.397502,1.62482,2.40187,4779.35,1.74489,2.39796,0
9545.08,1.70859,2.39261,0,0,10.1215,-1.11826,1.70859,2.39261,4781.52,1.74561,2.33053,0
9558.07,1.77838,2.36493,0,0,5.37342,-2.13138,1.77838,2.36493,4784.59,1.87872,2.40845,0
9567.71,1.83463,2.33407,0,0,5.83447,-3.20041,1.83463,2.33407,4787.75,1.86147,2.33749,0
9577.81,1.90251,2.32637,0,0,6.7217,-0.762283,1.90251,2.32637,4790.1,1.9382,2.31937,0
9585.33,1.99374,2.33195,0,0,12.1283,0.741475,1.99374,2.33195,4792.24,2.03852,2.24901,0
9596.83,2.06481,2.32005,0,0,6.18001,-1.03498,2.06481,2.32005,4794.6,2.08172,2.33796,0
9605.97,2.16439,2.3229,0,0,10.8945,0.312005,2.16439,2.3229,4796.18,2.24995,2.32993,0
9614.37,2.26009,2.32378,0,0,11.4034,0.104266,2.26009,2.32378,4796.07,2.29569,2.30287,0
9622.22,2.29063,2.33157,0,0,3.88737,0.992382,2.29063,2.33157,4793.86,2.28008,2.34806,0
9634.64,2.36232,2.32472,0,0,5.77409,-0.552144,2.36232,2.32472,4790.52,2.4235,2.32417,0
9644.86,2.463,2.32426,0,0,9.84933,-0.0447951,2.463,2.32426,4788.35,2.50972,2.34493,0
9655.65,2.51368,2.3332,0,0,4.6982,0.828492,2.51368,2.3332,4788.57,2.51047,2.27948,0
9668.03,2.58301,2.33038,0,0,5.59967,-0.227191,2.58301,2.33038,4791.18,2.65126,2.35824,0
9678.15,2.66702,2.33221,0,0,8.29786,0.179996,2.66702,2.33221,4795.07,2.68933,2.33562,0
9684.52,2.71894,2.32069,0,0,8.15095,-1.80756,2.71894,2.32069,4797.56,2.74383,2.30571,0
9697.26,2.81847,2.30882,0,0,7.81632,-0.932289,2.81847,2.30882,4797.1,2.90411,2.33209,0
9707.59,2.8205,2.28971,0,0,0.196201,-1.84927,2.8205,2.28971,4794.03,2.90436,2.27179,0
9714.38,2.80374,2.28105,0,0,-2.46921,-1.27508,2.80374,2.28105,4794.03,3.00735,2.26082,0
9728.62,2.41214,2.27433,0,0,-27.4961,-0.472202,2.41214,2.27433,4794.03,1.94189,2.17167,0
9736.02,2.41214,2.27433,0,0,0,0,2.41214,2.27433,4794.03,1.31743,2.34169,0
